ID	STRUCTURE	FREQUENCY	AchuarShiwiar	Aguaruna	Andoa	Arabela	Bora	Candoshi-Shapra	Canichana	Chayahuita	Chibito	Coeruna	Iquito	Juri	MiranhaCarapana-Tapuya	Muinane	Muniche	Ocaina	Omurano	Pebas	Proto-Bora-Muinane	Resigaro	Shiwilu	Shuar	Taushiro	Tequiraca	Ticuna	Urarina	Wampis	Waorani	WitotoMinica	WitotoMurui	WitotoNipode	Yagua	Yameo	Yanesha	Zaparo	COGNATESETS	CONCEPTS
356	V	1	ɨː	Ø	Ø	Ø	Ø	Ø	Ø	Ø	Ø	Ø	Ø	Ø	Ø	Ø	Ø	Ø	Ø	Ø	Ø	Ø	Ø	ɨ	Ø	Ø	Ø	Ø	eː	Ø	Ø	Ø	Ø	Ø	Ø	Ø	Ø	2700:1	salt
43	V	40	ɨi	a	a	uɨː	ɛ	Ø	Ø	Ø	Ø	Ø	a	Ø	Ø	o	Ø	aː	Ø	Ø	o	e	Ø	ei	Ø	Ø	-	Ø	a	Ø	aɯ	aɯ	aɯ	Ø	Ø	Ø	a	38:1, 186:1, 310:1, 383:4, 679:1, 1443:1, 1829:6, 1854:4, 2196:1, 2356:1, 2356:2, 2356:6, 2369:1, 2464:1, 3117:1, 3117:2, 3128:6, 3275:4, 3276:1, 3398:0, 3398:1, 3399:1, 3430:1, 4889:2, 4890:1, 4928:1, 5058:1, 2195:1, 3370:1, 1685:4, 2672:3, 4845:2, 5020:1, 230:4, 2483:2, 2656:2, 2709:3, 3510:2, 3627:0, 553:3	all (of a number) / bad (deleterious or unsuitable) / bark / big / black / day (opposite of night rather than time measure) / dull (knife) / he / in / liver / long / new / old / one / red / rope / rotten (especially log) / salt / smooth / snake / straight / that / there / they / thin / to bite / tooth (front rather than molar) / tree / two / we / wet
109	V	2	ɨi	ɛi	Ø	Ø	Ø	Ø	Ø	Ø	Ø	Ø	-	Ø	Ø	Ø	Ø	Ø	Ø	Ø	Ø	Ø	Ø	ei	Ø	Ø	Ø	Ø	i	Ø	Ø	Ø	Ø	Ø	Ø	Ø	-	1917:1, 2973:4	man (male human) / sky
433	V	1	ɨi	-	Ø	Ø	Ø	Ø	Ø	Ø	Ø	Ø	Ø	Ø	Ø	Ø	Ø	Ø	Ø	Ø	Ø	Ø	Ø	-	Ø	Ø	Ø	Ø	-	Ø	Ø	Ø	Ø	Ø	Ø	Ø	Ø	3680:3	to breathe
57	V	20	ɨ	ɨ	Ø	Ø	Ø	o	Ø	o	Ø	Ø	i	Ø	Ø	Ø	Ø	Ø	Ø	Ø	Ø	Ø	u	ɨ	Ø	Ø	Ø	Ø	e	Ø	Ø	Ø	Ø	Ø	Ø	a	ɨ	1176:3, 1255:1, 1255:4, 1316:3, 1390:2, 1774:1, 3340:4, 5279:3, 2554:0, 4208:1, 4246:1, 4246:3, 4755:1, 2048:1, 3621:0, 953:3, 1091:2, 1468:3, 2504:1, 3917:0	feather (larger feathers rather than down) / five / foot / good / green / hand / head / left (hand) / mouth / right (correct) / river / tail / to bite / to fall (drop rather than topple) / to know (facts) / to lie / to walk / wind
191	V	11	ɨ	ɨ	Ø	i	Ø	Ø	Ø	a	Ø	Ø	i	Ø	Ø	Ø	Ø	aː	Ø	Ø	Ø	Ø	a	ɨ	Ø	Ø	Ø	Ø	e	Ø	o	o	o	Ø	Ø	e	u	2821:1, 2821:5, 3622:4, 3709:4, 4068:5, 4256:4, 3917:6, 4233:6, 2504:3, 3554:4, 2792:1	right (correct) / sea (ocean) / see / thou / to bite / to come / to fall (drop rather than topple) / to hear / to laugh / to live
301	V	1	ɨ	ɨ	Ø	Ø	Ø	Ø	Ø	ɨ	Ø	Ø	Ø	Ø	Ø	Ø	Ø	Ø	Ø	Ø	Ø	Ø	i	ɨ	Ø	Ø	Ø	Ø	e	Ø	Ø	Ø	Ø	Ø	Ø	Ø	Ø	1888:1	louse
362	V	1	ɨ	a	Ø	Ø	Ø	Ø	Ø	Ø	Ø	Ø	Ø	Ø	Ø	Ø	Ø	Ø	Ø	Ø	Ø	Ø	Ø	a	Ø	Ø	Ø	Ø	a	Ø	Ø	Ø	Ø	Ø	Ø	Ø	Ø	2787:3	sea (ocean)
9	V	22	Ø	Ø	Ø	Ø	Ø	-	Ø	Ø	Ø	Ø	Ø	Ø	Ø	Ø	Ø	a	Ø	Ø	Ø	Ø	Ø	-	Ø	Ø	Ø	Ø	Ø	Ø	i	i	i	Ø	Ø	Ø	Ø	230:0, 405:1, 687:4, 1040:0, 2150:5, 2483:1, 2656:0, 2687:3, 2924:0, 3322:1, 3604:5, 3723:1, 3850:1, 4138:3, 4556:1, 4830:0, 4862:0, 4862:2, 5322:0, 1130:3, 1635:3, 4363:1	bark / black / dull (knife) / fire / flower / husband / near / red / rope / rotten (especially log) / short / sun / three / to come / to drink / to hold (in hand) / to rub / to suck / tongue / tooth (front rather than molar) / wing
2	V	16	Ø	Ø	Ø	Ø	-	Ø	Ø	Ø	Ø	Ø	Ø	Ø	Ø	i	Ø	Ø	Ø	Ø	i	Ø	Ø	Ø	Ø	Ø	Ø	Ø	Ø	Ø	Ø	Ø	Ø	Ø	Ø	Ø	Ø	101:2, 260:1, 704:2, 1023:2, 2463:3, 2576:4, 2643:3, 2725:7, 2726:5, 2791:4, 3174:2, 4301:2, 4977:4, 5018:5, 5355:2, 5438:6	ashes / belly / dust / fire / red / river / rope / sand / sea (ocean) / star / to pull / water / we / woman / ye
3	V	15	Ø	Ø	Ø	Ø	ɛ	Ø	Ø	Ø	Ø	Ø	Ø	Ø	Ø	e	Ø	Ø	Ø	Ø	o	Ø	Ø	Ø	Ø	Ø	Ø	Ø	Ø	Ø	Ø	Ø	Ø	Ø	Ø	Ø	Ø	1565:1, 1565:2, 2557:1, 2557:2, 2769:1, 2769:2, 2977:4, 3209:3, 3778:1, 3815:1, 3914:6, 4005:5, 4756:2, 4768:1, 4768:2	here / river / say / sky / stick (of wood) / to die / to dig / to fall (drop rather than topple) / to fly / to walk
17	V	14	Ø	Ø	Ø	Ø	Ø	Ø	Ø	-	Ø	Ø	Ø	Ø	Ø	Ø	Ø	-	Ø	Ø	Ø	Ø	Ø	Ø	Ø	Ø	Ø	Ø	Ø	Ø	i	-	i	Ø	Ø	Ø	Ø	328:1, 534:1, 687:2, 2353:1, 2621:2, 2897:2, 3085:1, 3139:2, 4191:2, 4503:3, 5120:4, 5245:1, 5322:2, 2792:4	big / cloud / dull (knife) / old / root / sea (ocean) / sharp (as knife) / smoke (of fire) / snake / to kill / to squeeze / when? / wide / wing
8	V	11	Ø	Ø	Ø	Ø	ɯ	Ø	Ø	Ø	Ø	Ø	Ø	Ø	Ø	-	Ø	Ø	Ø	Ø	-	Ø	Ø	Ø	Ø	Ø	Ø	Ø	Ø	Ø	Ø	Ø	Ø	Ø	Ø	Ø	Ø	383:2, 469:4, 704:4, 729:2, 773:4, 803:3, 2051:2, 2726:2, 2908:9, 2908:11, 4929:3	black / bone / dust / ear / earth (soil) / egg / mouth / sand / short / two
20	V	11	Ø	Ø	-	Ø	-	Ø	Ø	Ø	Ø	Ø	Ø	Ø	Ø	e	Ø	Ø	Ø	Ø	-	Ø	Ø	Ø	Ø	Ø	Ø	Ø	Ø	Ø	Ø	Ø	Ø	Ø	Ø	Ø	Ø	587:1, 587:2, 955:3, 2886:4, 3045:3, 3045:5, 3623:3, 3815:4, 4168:3, 4168:5, 5162:7	dirty / feather (larger feathers rather than down) / sharp (as knife) / small / to bite / to dig / to kill / white
39	V	9	Ø	Ø	Ø	Ø	-	Ø	Ø	Ø	Ø	Ø	Ø	Ø	-	o	Ø	Ø	Ø	Ø	-	e	Ø	Ø	Ø	Ø	Ø	Ø	Ø	Ø	Ø	Ø	Ø	Ø	Ø	Ø	Ø	586:8, 587:6, 2356:4, 3100:8, 5233:7, 2195:3, 3370:3, 2610:3, 2610:5	dirty / new / old / root / smooth / that / wide
40	V	9	Ø	Ø	Ø	Ø	-	Ø	Ø	Ø	Ø	Ø	Ø	-	Ø	a	Ø	Ø	Ø	Ø	-	Ø	Ø	Ø	Ø	Ø	-	Ø	Ø	Ø	Ø	Ø	Ø	Ø	Ø	Ø	Ø	37:2, 586:6, 2886:6, 2908:4, 3117:4, 3750:1, 4005:3, 4623:5, 835:2	all (of a number) / dirty / eye / sharp (as knife) / short / smooth / to cut / to fly / to think
195	V	9	Ø	Ø	a	-	-	Ø	Ø	Ø	Ø	Ø	a	Ø	Ø	i	Ø	Ø	Ø	Ø	-	Ø	Ø	Ø	Ø	Ø	Ø	Ø	Ø	Ø	-	-	-	Ø	Ø	Ø	a	1776:3, 1985:7, 2725:1, 2725:2, 4848:2, 4927:2, 3501:3, 5020:6, 5354:3	left (hand) / mother / sand / thin / tooth (front rather than molar) / two / we / woman
201	V	9	Ø	ɛi	-	-	Ø	Ø	Ø	Ø	u	i	-	i	Ø	Ø	Ø	-	Ø	-	Ø	Ø	Ø	Ø	Ø	Ø	Ø	ɨ	Ø	Ø	a	a	a	-	Ø	Ø	u	3441:4, 4077:3, 4640:4, 4762:3, 5503:3, 3588:1, 4846:1, 4888:3, 1734:1	leaf / they / three / to hear / to think / to walk / tooth (front rather than molar) / tree / yellow
55	V	6	Ø	Ø	-	Ø	ɨ	Ø	Ø	Ø	Ø	Ø	Ø	Ø	Ø	-	Ø	Ø	Ø	Ø	-	Ø	Ø	Ø	Ø	Ø	Ø	Ø	Ø	Ø	Ø	Ø	Ø	Ø	Ø	Ø	Ø	556:4, 1736:7, 2506:0, 4813:2, 4848:6, 1391:5	day (opposite of night rather than time measure) / hand / leaf / right (correct) / tongue / tooth (front rather than molar)
71	V	6	Ø	Ø	Ø	u	Ø	Ø	Ø	Ø	Ø	Ø	-	Ø	Ø	Ø	Ø	Ø	Ø	Ø	Ø	Ø	Ø	Ø	Ø	Ø	Ø	Ø	Ø	Ø	Ø	Ø	Ø	Ø	Ø	-	-	2821:6, 3622:5, 3709:5, 4068:6, 4256:5, 3681:7	see / to bite / to breathe / to come / to hear / to live
74	V	6	Ø	Ø	Ø	Ø	-	Ø	Ø	Ø	Ø	Ø	-	Ø	Ø	-	Ø	Ø	Ø	Ø	i	Ø	Ø	Ø	Ø	Ø	Ø	Ø	Ø	Ø	Ø	Ø	Ø	Ø	Ø	Ø	-	1179:6, 1318:1, 1890:3, 2822:1, 5057:5, 1685:2	foot / green / in / louse / see / wet
180	V	6	Ø	Ø	a	-	-	Ø	Ø	-	Ø	Ø	-	Ø	i	-	Ø	-	Ø	Ø	-	Ø	-	Ø	Ø	Ø	Ø	ɨ	Ø	Ø	e	e	e	Ø	Ø	-	a	3477:6, 5503:5, 2:3, 2090:3, 3401:0, 3917:4	I / name / there / thick / to fall (drop rather than topple) / yellow
183	V	6	Ø	-	Ø	Ø	Ø	Ø	Ø	Ø	i	Ø	Ø	-	Ø	Ø	Ø	-	Ø	Ø	Ø	Ø	Ø	Ø	Ø	Ø	Ø	Ø	Ø	Ø	-	e	-	Ø	Ø	Ø	Ø	1787:5, 4273:3, 562:2, 2373:3, 3588:3, 4846:4	day (opposite of night rather than time measure) / left (hand) / one / three / to live / tooth (front rather than molar)
45	V	5	Ø	Ø	Ø	Ø	-	Ø	Ø	Ø	Ø	Ø	Ø	Ø	Ø	ɨ	Ø	Ø	Ø	Ø	-	Ø	Ø	Ø	Ø	Ø	Ø	Ø	Ø	Ø	Ø	Ø	Ø	Ø	Ø	Ø	Ø	1159:4, 1776:5, 3303:3, 3750:5, 3750:6	fog / left (hand) / sun / to cut
73	V	5	Ø	Ø	Ø	Ø	Ø	Ø	Ø	Ø	Ø	Ø	Ø	Ø	Ø	Ø	Ø	ɯ	Ø	Ø	Ø	Ø	Ø	Ø	Ø	Ø	Ø	Ø	Ø	Ø	ai	ai	ai	Ø	Ø	Ø	Ø	1726:3, 1814:1, 2709:1, 3761:1, 5289:1	lake / leg / salt / to cut / wind
104	V	5	Ø	Ø	a	-	-	Ø	Ø	Ø	Ø	Ø	a	Ø	Ø	-	Ø	Ø	Ø	Ø	-	Ø	Ø	Ø	Ø	Ø	Ø	Ø	Ø	Ø	Ø	Ø	Ø	Ø	Ø	Ø	a	3075:0, 3709:0, 4453:0, 5475:0, 1466:0	head / smoke (of fire) / to come / to spit / year
189	V	5	Ø	Ø	a	ua	i	Ø	Ø	Ø	Ø	Ø	a	Ø	Ø	o	Ø	Ø	Ø	Ø	i	Ø	Ø	Ø	Ø	Ø	Ø	Ø	Ø	Ø	Ø	Ø	Ø	Ø	Ø	Ø	a	1889:3, 2255:5, 1284:7, 3501:5, 1776:7	grass / left (hand) / louse / nose / thin
230	V	5	Ø	Ø	o	o	-	Ø	Ø	Ø	Ø	Ø	iː	Ø	Ø	-	Ø	Ø	Ø	Ø	-	Ø	-	Ø	Ø	Ø	Ø	i	Ø	Ø	Ø	Ø	Ø	Ø	Ø	Ø	u	1284:5, 4453:5, 1684:1, 2672:1, 5162:0	grass / in / rotten (especially log) / to spit / white
64	V	4	Ø	Ø	Ø	Ø	ɨ	Ø	Ø	Ø	Ø	Ø	Ø	Ø	Ø	i	Ø	Ø	Ø	Ø	-	Ø	Ø	Ø	Ø	Ø	Ø	Ø	Ø	Ø	Ø	Ø	Ø	Ø	Ø	Ø	Ø	955:0, 2506:2, 2528:0, 2528:2	feather (larger feathers rather than down) / right (correct) / right (hand)
65	V	4	Ø	Ø	Ø	Ø	ɨ	Ø	Ø	Ø	Ø	Ø	Ø	Ø	Ø	i	Ø	Ø	Ø	Ø	i	Ø	Ø	Ø	Ø	Ø	Ø	Ø	Ø	Ø	Ø	Ø	Ø	Ø	Ø	Ø	Ø	2117:0, 2117:1, 3777:1, 4848:7	narrow / to die / tooth (front rather than molar)
66	V	4	Ø	Ø	Ø	Ø	ɛ	Ø	Ø	Ø	Ø	Ø	Ø	Ø	Ø	u	Ø	Ø	Ø	Ø	o	Ø	Ø	Ø	Ø	Ø	Ø	Ø	Ø	Ø	Ø	Ø	Ø	Ø	Ø	Ø	Ø	2223:1, 2702:4, 4069:1, 4069:2	night / salt / to hear
80	V	4	Ø	Ø	Ø	Ø	Ø	Ø	Ø	Ø	Ø	Ø	Ø	Ø	Ø	Ø	Ø	a	Ø	Ø	Ø	Ø	Ø	Ø	Ø	Ø	Ø	Ø	Ø	Ø	a	aɯ	a	Ø	Ø	Ø	Ø	2420:2, 3823:1, 5267:0, 2229:1	night / other / to dig / wife
105	V	4	Ø	Ø	Ø	Ø	Ø	Ø	Ø	Ø	Ø	Ø	Ø	Ø	Ø	Ø	Ø	-	Ø	Ø	Ø	Ø	Ø	-	Ø	Ø	Ø	Ø	Ø	Ø	i	-	-	Ø	Ø	Ø	Ø	1997:1, 2684:4, 3890:3, 3923:3	mother / rotten (especially log) / to eat / to fall (drop rather than topple)
111	V	4	Ø	Ø	-	i	Ø	Ø	Ø	Ø	Ø	Ø	-	Ø	Ø	Ø	Ø	Ø	Ø	Ø	Ø	Ø	Ø	Ø	Ø	-	Ø	Ø	Ø	Ø	Ø	Ø	Ø	Ø	Ø	Ø	-	1542:4, 4453:2, 834:6, 4847:2	eye / heavy / to spit / tooth (front rather than molar)
211	V	4	Ø	Ø	a	aː	-	Ø	Ø	Ø	Ø	Ø	ɨː	Ø	Ø	e	Ø	Ø	Ø	Ø	e	Ø	Ø	Ø	Ø	Ø	Ø	Ø	Ø	Ø	Ø	Ø	Ø	Ø	Ø	Ø	a	730:2, 5162:5, 5354:1, 3622:1	ear / to bite / white / woman
87	V	3	Ø	Ø	Ø	Ø	Ø	Ø	Ø	Ø	Ø	Ø	Ø	Ø	Ø	Ø	Ø	Ø	Ø	Ø	Ø	Ø	Ø	Ø	Ø	Ø	Ø	Ø	Ø	Ø	-	-	i	Ø	Ø	Ø	Ø	1040:3, 2032:2, 2311:3	fire / mountain / not
91	V	3	Ø	Ø	Ø	Ø	-	Ø	Ø	Ø	Ø	Ø	Ø	Ø	Ø	u	Ø	Ø	Ø	Ø	-	Ø	Ø	Ø	Ø	Ø	Ø	Ø	Ø	Ø	Ø	Ø	Ø	Ø	Ø	Ø	Ø	2702:2, 4325:3, 4704:2	salt / to push / to tie
107	V	3	Ø	Ø	Ø	Ø	Ø	Ø	Ø	Ø	Ø	Ø	Ø	Ø	Ø	Ø	Ø	-	Ø	Ø	Ø	Ø	Ø	Ø	Ø	Ø	Ø	Ø	Ø	Ø	ɯ	ɯ	-	Ø	Ø	Ø	Ø	1486:4, 3408:3, 1439:4	he / head / there
130	V	3	Ø	Ø	Ø	Ø	ɯ	a	Ø	Ø	Ø	Ø	Ø	u	Ø	ɨ	Ø	Ø	Ø	Ø	ɨ	Ø	Ø	-	Ø	Ø	Ø	Ø	Ø	Ø	Ø	Ø	Ø	Ø	Ø	Ø	Ø	1178:2, 2256:1, 2299:2	foot / nose / not
185	V	3	Ø	Ø	Ø	-	Ø	Ø	Ø	Ø	Ø	Ø	-	Ø	Ø	Ø	Ø	Ø	Ø	Ø	Ø	Ø	Ø	Ø	Ø	Ø	Ø	Ø	Ø	Ø	-	-	-	Ø	Ø	Ø	a	2161:0, 5082:3, 5020:4	neck / we / what?
224	V	3	Ø	Ø	a	a	-	Ø	Ø	Ø	Ø	Ø	a	Ø	Ø	-	Ø	Ø	Ø	Ø	-	Ø	Ø	Ø	Ø	Ø	Ø	Ø	Ø	Ø	ai	u	ai	a	Ø	Ø	aː	954:3, 3663:1, 4147:1	feather (larger feathers rather than down) / to blow (of wind) / to hunt (game)
225	V	3	Ø	Ø	e	Ø	Ø	Ø	Ø	Ø	Ø	Ø	ɨ	Ø	Ø	Ø	Ø	a	Ø	e	Ø	Ø	Ø	Ø	Ø	Ø	Ø	Ø	Ø	Ø	a	-	a	Ø	Ø	Ø	ɨ	221:4, 1439:0, 1734:4	bark / he / leaf
231	V	3	Ø	Ø	Ø	-	a	Ø	Ø	Ø	Ø	Ø	aː	Ø	Ø	a	Ø	Ø	Ø	Ø	a	Ø	Ø	Ø	Ø	Ø	Ø	Ø	Ø	Ø	-	Ø	-	a	Ø	Ø	a	1603:3, 4147:4, 4167:0	how / to hunt (game) / to kill
96	V	2	Ø	Ø	Ø	Ø	Ø	Ø	Ø	Ø	Ø	Ø	Ø	Ø	Ø	Ø	Ø	-	Ø	Ø	Ø	Ø	Ø	Ø	Ø	Ø	-	Ø	Ø	Ø	i	i	i	Ø	Ø	Ø	Ø	2567:0, 3627:2	river / to bite
100	V	2	Ø	Ø	-	-	i	Ø	Ø	Ø	Ø	Ø	-	Ø	Ø	-	Ø	Ø	Ø	Ø	-	Ø	Ø	Ø	Ø	Ø	Ø	Ø	Ø	Ø	Ø	Ø	Ø	Ø	Ø	Ø	-	1466:2, 4404:4	head / to sing
121	V	2	Ø	Ø	o	u	Ø	Ø	Ø	Ø	Ø	Ø	i	Ø	Ø	Ø	Ø	Ø	Ø	Ø	Ø	Ø	Ø	Ø	Ø	Ø	Ø	Ø	Ø	Ø	Ø	Ø	Ø	i	Ø	Ø	a	954:5, 3302:6	feather (larger feathers rather than down) / sun
122	V	2	Ø	Ø	Ø	Ø	Ø	Ø	Ø	-	Ø	Ø	Ø	Ø	Ø	Ø	Ø	-	Ø	Ø	Ø	Ø	Ø	Ø	Ø	Ø	Ø	Ø	Ø	Ø	a	-	-	Ø	Ø	Ø	Ø	1669:2, 2792:6	if / sea (ocean)
131	V	2	Ø	Ø	Ø	Ø	Ø	Ø	Ø	Ø	Ø	Ø	Ø	Ø	Ø	Ø	Ø	Ø	Ø	Ø	Ø	Ø	Ø	Ø	Ø	Ø	Ø	Ø	Ø	Ø	ɯ	e	ɯ	Ø	Ø	Ø	Ø	603:1, 2420:3	dirty / other
132	V	2	Ø	Ø	Ø	Ø	o	Ø	Ø	Ø	Ø	Ø	Ø	Ø	Ø	-	Ø	Ø	Ø	Ø	u	Ø	Ø	Ø	Ø	Ø	Ø	Ø	Ø	Ø	Ø	Ø	Ø	Ø	Ø	Ø	Ø	619:1, 619:2	dog
136	V	2	Ø	Ø	Ø	Ø	Ø	Ø	Ø	Ø	Ø	Ø	Ø	Ø	Ø	Ø	Ø	Ø	Ø	Ø	Ø	Ø	Ø	Ø	Ø	Ø	Ø	Ø	Ø	Ø	ai	ai	a	Ø	Ø	Ø	Ø	1040:2, 3378:1	fire / that
137	V	2	Ø	Ø	Ø	Ø	o	Ø	Ø	Ø	Ø	Ø	Ø	Ø	Ø	-	Ø	Ø	Ø	Ø	-	Ø	Ø	Ø	Ø	Ø	Ø	Ø	Ø	Ø	Ø	Ø	Ø	Ø	Ø	Ø	Ø	1159:0, 3866:4	fog / to eat
143	V	2	Ø	Ø	Ø	Ø	Ø	Ø	Ø	Ø	Ø	Ø	Ø	Ø	Ø	Ø	Ø	Ø	Ø	Ø	Ø	Ø	Ø	Ø	Ø	Ø	Ø	Ø	Ø	Ø	ɯ	a	a	Ø	Ø	Ø	Ø	1669:4, 2150:1	if / near
146	V	2	Ø	Ø	Ø	Ø	Ø	Ø	Ø	Ø	Ø	Ø	Ø	Ø	Ø	Ø	Ø	Ø	Ø	Ø	Ø	Ø	Ø	Ø	Ø	Ø	Ø	Ø	Ø	Ø	o	-	o	Ø	Ø	Ø	Ø	2032:4, 4996:4	mountain / water
147	V	2	Ø	Ø	Ø	Ø	-	Ø	Ø	Ø	Ø	Ø	Ø	Ø	Ø	-	Ø	Ø	Ø	Ø	a	Ø	Ø	Ø	Ø	Ø	Ø	Ø	Ø	Ø	Ø	Ø	Ø	Ø	Ø	Ø	Ø	2035:2, 2908:2	mountain / short
148	V	2	Ø	Ø	Ø	Ø	a	Ø	Ø	Ø	Ø	Ø	Ø	Ø	Ø	a	Ø	Ø	Ø	Ø	-	Ø	Ø	Ø	Ø	Ø	Ø	Ø	Ø	Ø	Ø	Ø	Ø	Ø	Ø	Ø	Ø	2298:3, 5053:4	not / wet
149	V	2	Ø	Ø	Ø	Ø	a	Ø	Ø	Ø	Ø	Ø	Ø	Ø	Ø	o	Ø	Ø	Ø	Ø	a	Ø	Ø	Ø	Ø	Ø	Ø	Ø	Ø	Ø	Ø	Ø	Ø	Ø	Ø	Ø	Ø	2298:5, 3117:6	not / smooth
150	V	2	Ø	Ø	Ø	Ø	Ø	Ø	Ø	Ø	Ø	Ø	Ø	Ø	Ø	Ø	Ø	Ø	Ø	Ø	Ø	Ø	Ø	Ø	Ø	Ø	Ø	Ø	Ø	Ø	e	ei	e	Ø	Ø	Ø	Ø	2353:0, 4191:1	old / to kill
151	V	2	Ø	Ø	Ø	Ø	-	Ø	Ø	Ø	Ø	Ø	Ø	Ø	Ø	a	Ø	Ø	Ø	Ø	a	Ø	Ø	Ø	Ø	Ø	Ø	Ø	Ø	Ø	Ø	Ø	Ø	Ø	Ø	Ø	Ø	2368:2, 4325:5	one / to push
154	V	2	Ø	Ø	Ø	Ø	i	Ø	Ø	Ø	Ø	Ø	Ø	Ø	Ø	e	Ø	Ø	Ø	Ø	-	Ø	Ø	Ø	Ø	Ø	Ø	Ø	Ø	Ø	Ø	Ø	Ø	Ø	Ø	Ø	Ø	2908:6, 3914:3	short / to fall (drop rather than topple)
157	V	2	Ø	Ø	Ø	o	Ø	Ø	Ø	Ø	Ø	Ø	uː	Ø	Ø	Ø	Ø	Ø	Ø	Ø	Ø	Ø	Ø	Ø	Ø	Ø	Ø	Ø	Ø	Ø	Ø	Ø	Ø	Ø	Ø	Ø	u	4167:2, 4453:3	to kill / to spit
163	V	2	Ø	Ø	Ø	Ø	Ø	Ø	Ø	Ø	Ø	Ø	Ø	Ø	Ø	Ø	Ø	-	Ø	Ø	Ø	Ø	Ø	-	Ø	Ø	Ø	Ø	Ø	Ø	-	a	-	Ø	Ø	Ø	Ø	562:0, 4363:2	day (opposite of night rather than time measure) / to rub
165	V	2	Ø	Ø	Ø	Ø	Ø	Ø	Ø	Ø	Ø	Ø	Ø	Ø	Ø	Ø	Ø	oː	Ø	Ø	Ø	Ø	Ø	Ø	Ø	Ø	Ø	Ø	Ø	Ø	oː	oː	oː	Ø	Ø	Ø	Ø	930:1, 971:0	father / feather (larger feathers rather than down)
169	V	2	Ø	Ø	Ø	Ø	Ø	Ø	Ø	Ø	Ø	Ø	Ø	Ø	Ø	Ø	Ø	iː	Ø	Ø	Ø	Ø	Ø	Ø	Ø	Ø	Ø	Ø	Ø	Ø	e	i	e	Ø	Ø	Ø	Ø	1439:2, 2541:7	he / right (hand)
170	V	2	Ø	Ø	Ø	Ø	Ø	Ø	Ø	Ø	Ø	Ø	Ø	Ø	Ø	Ø	Ø	a	Ø	Ø	Ø	Ø	Ø	Ø	Ø	Ø	Ø	Ø	Ø	Ø	e	e	a	Ø	Ø	Ø	Ø	1439:5, 3378:3	he / that
174	V	2	Ø	Ø	Ø	-	Ø	Ø	Ø	Ø	Ø	Ø	-	Ø	Ø	Ø	Ø	Ø	Ø	Ø	Ø	Ø	Ø	Ø	Ø	Ø	Ø	Ø	Ø	Ø	Ø	Ø	Ø	Ø	Ø	o	-	3681:0, 3832:0	to breathe / to drink
181	V	2	Ø	Ø	Ø	-	-	i	Ø	Ø	Ø	Ø	iː	Ø	Ø	-	Ø	Ø	Ø	Ø	Ø	Ø	Ø	Ø	-	Ø	Ø	Ø	Ø	Ø	Ø	Ø	Ø	Ø	Ø	Ø	i	1542:0, 3524:0	heavy / this
204	V	2	Ø	Ø	o	iː	Ø	Ø	Ø	Ø	Ø	Ø	a	Ø	Ø	Ø	Ø	Ø	Ø	Ø	Ø	Ø	Ø	Ø	Ø	Ø	Ø	Ø	Ø	Ø	Ø	Ø	Ø	Ø	Ø	Ø	a	1542:2, 2701:2	heavy / salt
215	V	2	Ø	Ø	a	a	Ø	Ø	Ø	Ø	Ø	Ø	aː	Ø	Ø	Ø	Ø	Ø	Ø	Ø	Ø	Ø	Ø	Ø	Ø	Ø	Ø	Ø	Ø	Ø	i	Ø	o	a	Ø	Ø	Ø	1603:5, 4975:3	how / water
245	V	1	Ø	Ø	Ø	Ø	Ø	Ø	a	Ø	Ø	Ø	Ø	Ø	Ø	Ø	Ø	Ø	Ø	Ø	Ø	Ø	Ø	Ø	Ø	Ø	Ø	Ø	Ø	Ø	Ø	Ø	Ø	Ø	e	-	Ø	387:3	black
250	V	1	Ø	Ø	Ø	Ø	i	Ø	Ø	Ø	Ø	Ø	Ø	Ø	Ø	u	Ø	Ø	Ø	Ø	-	Ø	Ø	Ø	Ø	Ø	Ø	Ø	Ø	Ø	Ø	Ø	Ø	Ø	Ø	Ø	Ø	619:4	dog
251	V	1	Ø	Ø	Ø	Ø	Ø	Ø	Ø	-	Ø	Ø	Ø	Ø	Ø	Ø	Ø	Ø	Ø	Ø	Ø	Ø	Ø	Ø	Ø	Ø	Ø	Ø	Ø	Ø	Ø	-	aɯ	Ø	Ø	Ø	Ø	706:6	dust
252	V	1	Ø	Ø	Ø	Ø	ɨ	Ø	Ø	Ø	Ø	Ø	Ø	Ø	Ø	ɨ	Ø	Ø	Ø	Ø	ɨ	Ø	Ø	Ø	Ø	Ø	Ø	Ø	Ø	Ø	Ø	Ø	Ø	Ø	Ø	Ø	Ø	773:6	earth (soil)
253	V	1	Ø	Ø	Ø	Ø	Ø	Ø	Ø	Ø	Ø	Ø	Ø	Ø	Ø	Ø	Ø	Ø	Ø	Ø	Ø	Ø	Ø	Ø	Ø	Ø	Ø	Ø	Ø	Ø	-	u	-	Ø	Ø	Ø	Ø	787:4	earth (soil)
261	V	1	Ø	Ø	Ø	Ø	ɛ	Ø	Ø	Ø	Ø	Ø	Ø	Ø	Ø	e	Ø	Ø	Ø	Ø	e	Ø	Ø	Ø	Ø	Ø	Ø	Ø	Ø	Ø	Ø	Ø	Ø	Ø	Ø	Ø	Ø	955:6	feather (larger feathers rather than down)
263	V	1	Ø	Ø	Ø	Ø	Ø	Ø	Ø	Ø	Ø	Ø	Ø	Ø	Ø	Ø	Ø	Ø	Ø	Ø	Ø	Ø	Ø	Ø	Ø	Ø	Ø	Ø	Ø	Ø	-	-	ɯ	Ø	Ø	Ø	Ø	1040:5	fire
266	V	1	Ø	Ø	Ø	Ø	Ø	Ø	Ø	Ø	Ø	Ø	Ø	Ø	Ø	Ø	Ø	Ø	Ø	Ø	Ø	Ø	Ø	Ø	Ø	Ø	Ø	Ø	Ø	Ø	i	-	ɯ	Ø	Ø	Ø	Ø	1165:1	fog
267	V	1	Ø	Ø	Ø	Ø	-	Ø	Ø	Ø	Ø	Ø	Ø	Ø	Ø	-	Ø	Ø	Ø	Ø	ɨ	Ø	Ø	Ø	Ø	Ø	Ø	Ø	Ø	Ø	Ø	Ø	Ø	Ø	Ø	Ø	Ø	1179:2	foot
268	V	1	Ø	Ø	Ø	Ø	a	Ø	Ø	Ø	Ø	Ø	Ø	Ø	Ø	i	Ø	Ø	Ø	Ø	a	Ø	Ø	Ø	Ø	Ø	Ø	Ø	Ø	Ø	Ø	Ø	Ø	Ø	Ø	Ø	Ø	1179:5	foot
271	V	1	Ø	Ø	Ø	i	Ø	Ø	Ø	Ø	Ø	Ø	i	Ø	Ø	Ø	Ø	Ø	Ø	Ø	Ø	Ø	Ø	Ø	Ø	Ø	Ø	Ø	Ø	Ø	Ø	Ø	Ø	Ø	Ø	Ø	-	1284:1	grass
273	V	1	Ø	Ø	Ø	a	Ø	Ø	Ø	Ø	Ø	Ø	a	Ø	Ø	Ø	Ø	Ø	Ø	Ø	Ø	Ø	Ø	Ø	Ø	Ø	Ø	Ø	Ø	Ø	Ø	Ø	Ø	Ø	Ø	Ø	au	1284:3	grass
274	V	1	Ø	Ø	Ø	Ø	ɯ	Ø	Ø	Ø	Ø	Ø	Ø	Ø	Ø	e	Ø	Ø	Ø	Ø	e	Ø	Ø	Ø	Ø	Ø	Ø	Ø	Ø	Ø	Ø	Ø	Ø	Ø	Ø	Ø	Ø	1285:6	grass
278	V	1	Ø	Ø	Ø	Ø	i	Ø	Ø	Ø	Ø	Ø	Ø	Ø	Ø	i	Ø	Ø	Ø	Ø	i	-	Ø	Ø	Ø	Ø	Ø	Ø	Ø	Ø	Ø	Ø	-	Ø	Ø	Ø	Ø	1441:2	he
284	V	1	Ø	Ø	Ø	Ø	Ø	Ø	Ø	Ø	Ø	Ø	Ø	Ø	Ø	Ø	Ø	-	Ø	Ø	Ø	Ø	Ø	Ø	Ø	Ø	Ø	Ø	Ø	Ø	e	o	o	Ø	Ø	Ø	Ø	1572:5	here
287	V	1	Ø	Ø	Ø	Ø	i	Ø	Ø	Ø	Ø	Ø	Ø	Ø	Ø	-	Ø	Ø	Ø	Ø	i	Ø	Ø	Ø	Ø	Ø	Ø	Ø	Ø	Ø	Ø	Ø	Ø	Ø	Ø	Ø	Ø	1664:4	if
288	V	1	Ø	Ø	Ø	Ø	Ø	Ø	Ø	Ø	Ø	Ø	Ø	Ø	Ø	Ø	Ø	Ø	Ø	Ø	Ø	Ø	Ø	Ø	Ø	Ø	Ø	Ø	Ø	Ø	i	e	i	Ø	Ø	Ø	Ø	1669:1	if
295	V	1	Ø	Ø	Ø	Ø	Ø	Ø	Ø	Ø	Ø	Ø	Ø	Ø	Ø	Ø	Ø	Ø	Ø	Ø	Ø	Ø	Ø	Ø	Ø	Ø	Ø	Ø	Ø	Ø	e	ɯ	e	Ø	Ø	Ø	Ø	1787:9	left (hand)
296	V	1	Ø	Ø	Ø	o	Ø	Ø	Ø	Ø	Ø	Ø	u	Ø	Ø	Ø	Ø	Ø	Ø	Ø	Ø	Ø	Ø	Ø	Ø	Ø	Ø	Ø	Ø	Ø	Ø	Ø	Ø	Ø	Ø	Ø	a	1828:1	liver
298	V	1	Ø	Ø	Ø	Ø	ɛ	Ø	Ø	Ø	Ø	Ø	Ø	Ø	Ø	-	Ø	Ø	Ø	Ø	o	Ø	Ø	Ø	Ø	Ø	Ø	Ø	Ø	Ø	Ø	Ø	Ø	Ø	Ø	Ø	Ø	1829:5	liver
308	V	1	Ø	Ø	Ø	Ø	Ø	Ø	Ø	Ø	Ø	Ø	Ø	Ø	Ø	Ø	Ø	Ø	i	Ø	Ø	Ø	Ø	Ø	Ø	Ø	Ø	Ø	Ø	Ø	ɯ	ɯ	a	Ø	Ø	Ø	Ø	1966:3	meat (flesh)
310	V	1	Ø	Ø	Ø	Ø	Ø	Ø	Ø	Ø	Ø	Ø	Ø	Ø	Ø	Ø	Ø	Ø	a	Ø	Ø	Ø	Ø	Ø	Ø	Ø	Ø	Ø	Ø	Ø	ai	i	ɯ	Ø	Ø	Ø	Ø	1966:5	meat (flesh)
313	V	1	Ø	Ø	Ø	Ø	o	Ø	Ø	Ø	Ø	Ø	Ø	Ø	Ø	u	Ø	Ø	Ø	Ø	-	Ø	Ø	Ø	Ø	Ø	Ø	Ø	Ø	Ø	Ø	Ø	Ø	Ø	Ø	Ø	Ø	1985:5	mother
314	V	1	Ø	Ø	Ø	Ø	Ø	Ø	Ø	Ø	Ø	Ø	Ø	Ø	Ø	Ø	Ø	Ø	Ø	Ø	Ø	Ø	Ø	Ø	Ø	Ø	Ø	Ø	Ø	Ø	e	ei	a	Ø	Ø	Ø	Ø	1997:0	mother
317	V	1	Ø	Ø	Ø	Ø	Ø	Ø	Ø	Ø	Ø	Ø	Ø	Ø	Ø	Ø	Ø	Ø	Ø	Ø	Ø	Ø	Ø	Ø	Ø	Ø	Ø	Ø	Ø	Ø	ai	a	a	Ø	Ø	Ø	Ø	2032:1	mountain
318	V	1	Ø	Ø	Ø	Ø	ɯ	Ø	Ø	Ø	Ø	Ø	Ø	Ø	Ø	a	Ø	Ø	Ø	Ø	ɨ	Ø	Ø	Ø	Ø	Ø	Ø	Ø	Ø	Ø	Ø	Ø	Ø	Ø	Ø	Ø	Ø	2035:3	mountain
319	V	1	Ø	Ø	Ø	Ø	Ø	Ø	Ø	Ø	Ø	Ø	Ø	Ø	Ø	Ø	Ø	Ø	Ø	Ø	Ø	Ø	Ø	Ø	Ø	Ø	Ø	Ø	Ø	Ø	a	i	i	Ø	Ø	Ø	Ø	2150:0	near
321	V	1	Ø	Ø	Ø	i	Ø	Ø	Ø	Ø	Ø	Ø	iː	Ø	Ø	Ø	Ø	Ø	Ø	Ø	Ø	Ø	Ø	Ø	Ø	Ø	Ø	Ø	Ø	Ø	Ø	Ø	Ø	Ø	Ø	Ø	a	2161:4	neck
324	V	1	Ø	Ø	Ø	Ø	Ø	Ø	Ø	Ø	Ø	-	Ø	Ø	-	Ø	Ø	Ø	Ø	Ø	Ø	Ø	Ø	Ø	Ø	Ø	Ø	Ø	Ø	Ø	-	-	ai	Ø	Ø	Ø	Ø	2164:7	neck
325	V	1	Ø	Ø	Ø	Ø	Ø	Ø	Ø	Ø	Ø	o	Ø	Ø	a	Ø	Ø	Ø	Ø	Ø	Ø	Ø	Ø	Ø	Ø	Ø	Ø	Ø	Ø	Ø	ɯ	oɯ	o	Ø	Ø	Ø	Ø	2164:9	neck
330	V	1	Ø	Ø	Ø	u	Ø	Ø	Ø	Ø	Ø	Ø	a	Ø	Ø	Ø	Ø	Ø	Ø	Ø	Ø	Ø	Ø	Ø	Ø	Ø	Ø	Ø	Ø	Ø	Ø	Ø	Ø	Ø	Ø	Ø	-	2222:3	night
332	V	1	Ø	Ø	Ø	ua	Ø	Ø	Ø	Ø	Ø	Ø	i	Ø	Ø	Ø	Ø	Ø	Ø	Ø	Ø	Ø	Ø	Ø	Ø	Ø	Ø	Ø	Ø	Ø	Ø	Ø	Ø	Ø	Ø	Ø	a	2222:5	night
333	V	1	Ø	Ø	Ø	Ø	Ø	Ø	Ø	Ø	Ø	Ø	Ø	Ø	Ø	Ø	Ø	-	Ø	Ø	Ø	Ø	Ø	Ø	Ø	Ø	Ø	Ø	Ø	Ø	ɯː	-	ɯː	Ø	Ø	Ø	Ø	2229:2	night
335	V	1	Ø	Ø	u	a	Ø	Ø	Ø	Ø	Ø	Ø	i	Ø	Ø	Ø	Ø	Ø	Ø	Ø	Ø	Ø	Ø	Ø	Ø	Ø	Ø	Ø	Ø	Ø	Ø	Ø	Ø	Ø	Ø	Ø	u	2255:3	nose
338	V	1	Ø	Ø	Ø	Ø	Ø	Ø	Ø	Ø	Ø	Ø	Ø	Ø	a	Ø	Ø	aː	Ø	Ø	Ø	-	Ø	Ø	Ø	Ø	Ø	Ø	Ø	Ø	-	-	-	-	Ø	Ø	Ø	2303:1	not
339	V	1	Ø	Ø	Ø	Ø	Ø	Ø	Ø	Ø	Ø	Ø	Ø	Ø	i	Ø	Ø	i	Ø	Ø	Ø	iː	Ø	Ø	Ø	Ø	Ø	Ø	Ø	Ø	e	e	e	e	Ø	Ø	Ø	2303:3	not
341	V	1	Ø	Ø	Ø	Ø	Ø	Ø	Ø	Ø	Ø	Ø	Ø	Ø	Ø	Ø	Ø	Ø	Ø	Ø	Ø	Ø	Ø	Ø	Ø	Ø	Ø	Ø	Ø	Ø	a	a	e	Ø	Ø	Ø	Ø	2311:5	not
349	V	1	Ø	Ø	Ø	Ø	Ø	Ø	Ø	Ø	Ø	Ø	Ø	Ø	Ø	Ø	Ø	Ø	Ø	Ø	Ø	Ø	Ø	Ø	Ø	Ø	Ø	Ø	Ø	Ø	e	-	-	Ø	Ø	Ø	Ø	2541:3	right (hand)
351	V	1	Ø	Ø	Ø	Ø	Ø	Ø	Ø	Ø	Ø	Ø	Ø	Ø	Ø	Ø	Ø	ɯ	Ø	Ø	Ø	Ø	Ø	Ø	Ø	Ø	Ø	Ø	Ø	Ø	i	i	i	Ø	Ø	Ø	Ø	2567:4	river
355	V	1	Ø	Ø	Ø	Ø	Ø	Ø	Ø	Ø	Ø	Ø	Ø	Ø	Ø	Ø	Ø	Ø	Ø	Ø	Ø	Ø	Ø	Ø	Ø	Ø	Ø	Ø	Ø	Ø	a	ai	ai	Ø	Ø	Ø	Ø	2684:3	rotten (especially log)
358	V	1	Ø	Ø	Ø	Ø	ɛ	Ø	Ø	Ø	Ø	Ø	Ø	Ø	Ø	ɨ	Ø	Ø	Ø	Ø	-	Ø	Ø	Ø	Ø	Ø	Ø	Ø	Ø	Ø	Ø	Ø	Ø	Ø	Ø	Ø	Ø	2725:4	sand
364	V	1	Ø	Ø	Ø	Ø	Ø	Ø	Ø	-	Ø	Ø	Ø	Ø	Ø	Ø	Ø	-	Ø	Ø	Ø	Ø	Ø	Ø	Ø	Ø	Ø	Ø	Ø	Ø	a	ai	a	Ø	Ø	Ø	Ø	2792:3	sea (ocean)
367	V	1	Ø	Ø	Ø	Ø	ɨ	Ø	Ø	Ø	Ø	Ø	Ø	Ø	Ø	o	Ø	Ø	Ø	Ø	e	Ø	Ø	Ø	Ø	Ø	Ø	Ø	Ø	Ø	Ø	Ø	Ø	Ø	Ø	Ø	Ø	2886:8	sharp (as knife)
371	V	1	Ø	Ø	Ø	Ø	ɛ	Ø	Ø	Ø	Ø	Ø	Ø	Ø	Ø	e	Ø	Ø	Ø	Ø	-	Ø	Ø	Ø	Ø	Ø	Ø	Ø	Ø	Ø	Ø	Ø	Ø	Ø	Ø	Ø	Ø	2908:8	short
372	V	1	Ø	Ø	Ø	Ø	Ø	Ø	Ø	Ø	Ø	Ø	Ø	Ø	Ø	Ø	Ø	Ø	Ø	Ø	Ø	Ø	Ø	Ø	Ø	Ø	Ø	Ø	Ø	Ø	-	i	i	Ø	Ø	Ø	Ø	2924:5	short
374	V	1	Ø	Ø	Ø	Ø	Ø	Ø	Ø	Ø	Ø	Ø	Ø	Ø	Ø	Ø	Ø	Ø	Ø	Ø	Ø	Ø	Ø	Ø	Ø	Ø	Ø	Ø	Ø	Ø	i	e	e	Ø	Ø	Ø	Ø	2924:7	short
377	V	1	Ø	Ø	Ø	Ø	Ø	Ø	Ø	Ø	Ø	Ø	Ø	Ø	Ø	Ø	Ø	ɯ	Ø	Ø	Ø	Ø	Ø	Ø	Ø	Ø	Ø	Ø	Ø	Ø	-	-	-	Ø	Ø	Ø	Ø	2986:1	sky
378	V	1	Ø	Ø	Ø	uɨ	Ø	Ø	Ø	Ø	Ø	Ø	ɨː	Ø	Ø	Ø	Ø	Ø	Ø	Ø	Ø	Ø	Ø	Ø	Ø	Ø	Ø	Ø	Ø	Ø	Ø	Ø	Ø	Ø	Ø	Ø	ɨ	3013:3	sleep
379	V	1	Ø	Ø	Ø	Ø	Ø	Ø	Ø	Ø	Ø	Ø	Ø	Ø	Ø	Ø	Ø	Ø	Ø	Ø	Ø	Ø	Ø	Ø	Ø	Ø	Ø	Ø	Ø	Ø	i	a	i	Ø	Ø	Ø	Ø	3059:1	small
381	V	1	Ø	Ø	Ø	Ø	Ø	Ø	Ø	Ø	Ø	Ø	Ø	Ø	Ø	Ø	Ø	Ø	Ø	Ø	Ø	Ø	Ø	Ø	Ø	Ø	Ø	Ø	Ø	Ø	ɯ	o	ɯ	Ø	Ø	Ø	Ø	3059:3	small
389	V	1	Ø	Ø	Ø	Ø	ɨ	Ø	Ø	Ø	Ø	Ø	Ø	Ø	Ø	a	Ø	Ø	Ø	Ø	-	Ø	Ø	Ø	Ø	Ø	Ø	Ø	Ø	Ø	Ø	Ø	Ø	Ø	Ø	Ø	Ø	3100:1	smooth
391	V	1	Ø	Ø	Ø	Ø	Ø	Ø	Ø	Ø	Ø	Ø	Ø	Ø	Ø	Ø	Ø	Ø	Ø	Ø	Ø	Ø	Ø	Ø	Ø	Ø	Ø	Ø	Ø	Ø	ɯː	ɯ	ɯː	Ø	Ø	Ø	Ø	3114:1	smooth
392	V	1	Ø	Ø	Ø	Ø	Ø	Ø	Ø	Ø	Ø	Ø	Ø	Ø	Ø	Ø	Ø	Ø	Ø	Ø	Ø	Ø	Ø	Ø	Ø	Ø	Ø	Ø	Ø	Ø	-	ɯ	-	Ø	Ø	Ø	Ø	3114:3	smooth
397	V	1	Ø	Ø	Ø	Ø	Ø	Ø	Ø	Ø	Ø	Ø	Ø	Ø	o	Ø	Ø	Ø	Ø	Ø	Ø	Ø	Ø	Ø	Ø	Ø	Ø	Ø	Ø	Ø	u	u	u	Ø	Ø	Ø	Ø	3182:2	star
398	V	1	Ø	Ø	Ø	Ø	Ø	Ø	Ø	Ø	Ø	Ø	Ø	Ø	o	Ø	Ø	Ø	Ø	Ø	Ø	Ø	Ø	Ø	Ø	Ø	Ø	Ø	Ø	Ø	u	u	o	Ø	Ø	Ø	Ø	3182:4	star
399	V	1	Ø	Ø	Ø	Ø	-	Ø	Ø	Ø	Ø	Ø	Ø	Ø	Ø	e	Ø	Ø	Ø	Ø	o	Ø	Ø	Ø	Ø	Ø	Ø	Ø	Ø	Ø	Ø	Ø	Ø	Ø	Ø	Ø	Ø	3209:2	stick (of wood)
404	V	1	Ø	Ø	Ø	Ø	Ø	Ø	Ø	Ø	Ø	Ø	Ø	Ø	Ø	Ø	Ø	Ø	Ø	Ø	Ø	Ø	Ø	Ø	Ø	Ø	Ø	Ø	Ø	Ø	e	e	ɯ	Ø	Ø	Ø	Ø	3408:5	there
406	V	1	Ø	Ø	Ø	Ø	Ø	Ø	Ø	Ø	Ø	Ø	Ø	Ø	Ø	Ø	Ø	-	Ø	Ø	Ø	Ø	Ø	Ø	Ø	Ø	Ø	Ø	Ø	Ø	a	-	a	Ø	Ø	Ø	Ø	3441:0	they
408	V	1	Ø	Ø	Ø	Ø	Ø	Ø	Ø	Ø	Ø	Ø	Ø	Ø	Ø	Ø	Ø	ɯː	Ø	Ø	Ø	Ø	Ø	Ø	Ø	Ø	Ø	Ø	Ø	Ø	e	i	e	Ø	Ø	Ø	Ø	3441:2	they
409	V	1	Ø	Ø	Ø	Ø	Ø	Ø	Ø	Ø	Ø	Ø	Ø	Ø	Ø	Ø	Ø	a	Ø	Ø	Ø	Ø	Ø	Ø	Ø	Ø	Ø	Ø	Ø	Ø	ɯ	ɯ	ɯ	Ø	Ø	Ø	Ø	3441:6	they
415	V	1	Ø	Ø	Ø	Ø	Ø	Ø	Ø	Ø	Ø	Ø	Ø	Ø	Ø	Ø	Ø	-	Ø	Ø	Ø	Ø	Ø	Ø	Ø	Ø	Ø	Ø	Ø	Ø	ɯ	ɯ	ɯ	Ø	Ø	Ø	Ø	3477:5	thick
418	V	1	Ø	Ø	Ø	Ø	-	Ø	Ø	Ø	Ø	Ø	Ø	Ø	Ø	o	Ø	Ø	Ø	Ø	i	Ø	Ø	Ø	Ø	Ø	Ø	Ø	Ø	Ø	Ø	Ø	Ø	Ø	Ø	Ø	Ø	3498:4	thin
420	V	1	Ø	Ø	Ø	Ø	Ø	Ø	Ø	Ø	Ø	Ø	Ø	Ø	Ø	Ø	Ø	iː	Ø	Ø	Ø	Ø	Ø	Ø	Ø	Ø	Ø	Ø	Ø	Ø	i	i	e	Ø	Ø	Ø	Ø	3529:1	this
421	V	1	Ø	Ø	Ø	Ø	Ø	Ø	Ø	Ø	Ø	Ø	Ø	Ø	Ø	Ø	Ø	-	Ø	Ø	Ø	Ø	Ø	Ø	Ø	Ø	Ø	Ø	Ø	Ø	e	e	a	Ø	Ø	Ø	Ø	3529:3	this
426	V	1	Ø	Ø	Ø	Ø	Ø	Ø	Ø	Ø	Ø	Ø	Ø	Ø	Ø	Ø	Ø	Ø	Ø	Ø	Ø	Ø	Ø	Ø	Ø	Ø	Ø	Ø	Ø	Ø	aː	a	a	Ø	Ø	Ø	Ø	3604:1	three
428	V	1	Ø	Ø	Ø	-	Ø	Ø	Ø	Ø	Ø	Ø	-	Ø	Ø	Ø	Ø	Ø	Ø	Ø	Ø	Ø	Ø	Ø	Ø	Ø	Ø	Ø	Ø	Ø	Ø	Ø	Ø	Ø	Ø	Ø	i	3622:2	to bite
429	V	1	Ø	Ø	Ø	Ø	-	Ø	Ø	Ø	Ø	Ø	Ø	Ø	Ø	-	Ø	Ø	Ø	Ø	e	Ø	Ø	Ø	Ø	Ø	Ø	Ø	Ø	Ø	Ø	Ø	Ø	Ø	Ø	Ø	Ø	3623:1	to bite
432	V	1	Ø	Ø	Ø	Ø	Ø	Ø	Ø	Ø	Ø	Ø	Ø	Ø	Ø	Ø	Ø	Ø	Ø	Ø	Ø	Ø	Ø	Ø	Ø	Ø	Ø	Ø	Ø	Ø	o	i	o	-	Ø	Ø	Ø	3663:3	to blow (of wind)
438	V	1	Ø	Ø	Ø	Ø	ɯ	Ø	Ø	Ø	Ø	Ø	Ø	Ø	Ø	u	Ø	Ø	Ø	Ø	ɨ	Ø	Ø	Ø	Ø	Ø	Ø	Ø	Ø	Ø	Ø	Ø	Ø	Ø	Ø	Ø	Ø	3750:8	to cut
442	V	1	Ø	Ø	Ø	Ø	-	Ø	Ø	Ø	Ø	Ø	Ø	Ø	Ø	-	Ø	Ø	Ø	Ø	o	Ø	Ø	Ø	Ø	Ø	Ø	Ø	Ø	Ø	Ø	Ø	Ø	Ø	Ø	Ø	Ø	3815:2	to dig
445	V	1	Ø	Ø	Ø	Ø	Ø	Ø	Ø	Ø	Ø	Ø	Ø	Ø	Ø	Ø	Ø	-	Ø	Ø	Ø	Ø	Ø	Ø	Ø	Ø	Ø	Ø	Ø	Ø	u	ui	o	Ø	Ø	Ø	Ø	3890:2	to eat
449	V	1	Ø	Ø	Ø	Ø	Ø	Ø	Ø	Ø	Ø	Ø	Ø	Ø	Ø	Ø	Ø	Ø	Ø	Ø	Ø	Ø	Ø	-	Ø	Ø	Ø	Ø	Ø	Ø	ə	ai	i	Ø	Ø	Ø	Ø	3923:2	to fall (drop rather than topple)
451	V	1	Ø	Ø	Ø	Ø	Ø	Ø	Ø	Ø	Ø	Ø	Ø	Ø	Ø	Ø	Ø	Ø	Ø	Ø	Ø	Ø	Ø	Ø	Ø	Ø	Ø	Ø	Ø	Ø	ui	ai	ui	Ø	Ø	Ø	Ø	3956:5	to fear
453	V	1	Ø	Ø	Ø	Ø	Ø	Ø	Ø	Ø	Ø	Ø	Ø	Ø	Ø	Ø	Ø	Ø	Ø	Ø	Ø	Ø	Ø	Ø	Ø	Ø	Ø	Ø	Ø	Ø	eː	eː	eː	Ø	Ø	Ø	Ø	4019:1	to fly
454	V	1	Ø	Ø	Ø	o	Ø	Ø	Ø	Ø	Ø	Ø	uː	Ø	Ø	Ø	Ø	Ø	Ø	Ø	Ø	Ø	Ø	Ø	Ø	Ø	Ø	Ø	Ø	Ø	Ø	Ø	Ø	Ø	Ø	Ø	a	4068:1	to hear
456	V	1	Ø	Ø	Ø	Ø	a	Ø	Ø	Ø	Ø	Ø	Ø	Ø	Ø	-	Ø	Ø	Ø	Ø	a	Ø	Ø	Ø	Ø	Ø	Ø	Ø	Ø	Ø	Ø	Ø	Ø	Ø	Ø	Ø	Ø	4102:2	to hit
458	V	1	Ø	Ø	Ø	Ø	Ø	Ø	Ø	Ø	Ø	Ø	Ø	Ø	Ø	Ø	Ø	Ø	Ø	Ø	Ø	Ø	Ø	Ø	Ø	Ø	Ø	Ø	Ø	Ø	o	-	-	Ø	Ø	Ø	Ø	4138:5	to hold (in hand)
465	V	1	Ø	Ø	Ø	Ø	ɨ	Ø	Ø	Ø	Ø	Ø	Ø	Ø	Ø	i	Ø	Ø	Ø	Ø	ɨ	Ø	Ø	Ø	Ø	Ø	Ø	Ø	Ø	Ø	Ø	Ø	Ø	Ø	Ø	Ø	Ø	4168:1	to kill
467	V	1	Ø	Ø	Ø	Ø	ɨ	Ø	Ø	Ø	Ø	Ø	Ø	Ø	Ø	u	Ø	Ø	Ø	Ø	e	Ø	Ø	Ø	Ø	Ø	Ø	Ø	Ø	Ø	Ø	Ø	Ø	Ø	Ø	Ø	Ø	4168:7	to kill
468	V	1	Ø	Ø	Ø	Ø	Ø	Ø	Ø	Ø	Ø	Ø	Ø	Ø	Ø	Ø	Ø	Ø	Ø	Ø	Ø	Ø	Ø	Ø	Ø	Ø	Ø	Ø	Ø	Ø	o	ui	o	Ø	Ø	Ø	Ø	4215:0	to know (facts)
472	V	1	Ø	Ø	Ø	Ø	Ø	Ø	Ø	Ø	Ø	Ø	Ø	Ø	Ø	Ø	Ø	Ø	Ø	Ø	Ø	Ø	Ø	Ø	Ø	Ø	Ø	Ø	Ø	Ø	aː	a	aː	Ø	Ø	Ø	Ø	4273:1	to live
474	V	1	Ø	Ø	Ø	Ø	-	Ø	Ø	Ø	Ø	Ø	Ø	Ø	Ø	a	Ø	Ø	Ø	Ø	á	Ø	Ø	Ø	Ø	Ø	Ø	Ø	Ø	Ø	Ø	Ø	Ø	Ø	Ø	Ø	Ø	4325:1	to push
476	V	1	Ø	Ø	Ø	Ø	Ø	Ø	Ø	Ø	Ø	Ø	Ø	Ø	Ø	Ø	Ø	Ø	Ø	Ø	Ø	u	Ø	-	Ø	Ø	u	Ø	Ø	Ø	Ø	Ø	Ø	Ø	Ø	Ø	Ø	4330:1	to push
479	V	1	Ø	Ø	Ø	u	Ø	Ø	Ø	Ø	Ø	Ø	i	Ø	Ø	Ø	Ø	Ø	Ø	Ø	Ø	Ø	Ø	Ø	Ø	Ø	Ø	Ø	Ø	Ø	Ø	Ø	Ø	Ø	Ø	Ø	o	4453:7	to spit
484	V	1	Ø	Ø	Ø	Ø	Ø	Ø	Ø	Ø	Ø	Ø	Ø	Ø	Ø	Ø	Ø	Ø	Ø	Ø	Ø	Ø	Ø	Ø	Ø	Ø	Ø	Ø	Ø	Ø	ɯː	ɯː	ɯː	Ø	Ø	Ø	Ø	4609:0	to swim
486	V	1	Ø	Ø	Ø	Ø	ɛ	Ø	Ø	Ø	Ø	Ø	Ø	Ø	Ø	a	Ø	Ø	Ø	Ø	-	Ø	Ø	Ø	Ø	Ø	Ø	Ø	Ø	Ø	Ø	Ø	Ø	Ø	Ø	Ø	Ø	4623:6	to think
493	V	1	Ø	Ø	Ø	Ø	Ø	Ø	Ø	Ø	Ø	Ø	Ø	Ø	Ø	Ø	Ø	-	Ø	Ø	Ø	Ø	Ø	Ø	Ø	Ø	Ø	Ø	Ø	Ø	-	i	-	Ø	Ø	Ø	Ø	4762:5	to walk
495	V	1	Ø	Ø	i	i	Ø	Ø	Ø	Ø	Ø	Ø	ɨː	Ø	Ø	Ø	Ø	Ø	Ø	Ø	Ø	Ø	Ø	Ø	Ø	Ø	Ø	Ø	Ø	Ø	Ø	Ø	Ø	Ø	Ø	Ø	Ø	4812:1	tongue
497	V	1	Ø	Ø	a	a	Ø	Ø	Ø	Ø	Ø	Ø	-	Ø	Ø	Ø	Ø	Ø	Ø	Ø	Ø	Ø	Ø	Ø	Ø	-	Ø	Ø	Ø	Ø	Ø	Ø	Ø	Ø	Ø	Ø	Ø	4847:3	tooth (front rather than molar)
505	V	1	Ø	Ø	Ø	Ø	Ø	Ø	Ø	Ø	Ø	Ø	Ø	Ø	Ø	Ø	Ø	Ø	Ø	Ø	Ø	Ø	Ø	Ø	Ø	Ø	Ø	Ø	Ø	Ø	a	ɯ	a	Ø	Ø	Ø	Ø	4996:1	water
506	V	1	Ø	Ø	Ø	Ø	Ø	Ø	Ø	Ø	Ø	Ø	Ø	Ø	Ø	Ø	Ø	Ø	Ø	Ø	Ø	Ø	Ø	Ø	Ø	Ø	Ø	Ø	Ø	Ø	i	ui	i	Ø	Ø	Ø	Ø	4996:5	water
509	V	1	Ø	Ø	Ø	Ø	Ø	Ø	Ø	Ø	Ø	Ø	Ø	Ø	Ø	Ø	Ø	-	Ø	Ø	Ø	Ø	Ø	Ø	Ø	Ø	Ø	Ø	Ø	Ø	o	o	o	Ø	Ø	Ø	Ø	5032:3	we
510	V	1	Ø	Ø	Ø	Ø	a	Ø	Ø	Ø	Ø	Ø	Ø	Ø	Ø	-	Ø	Ø	Ø	Ø	-	Ø	Ø	Ø	Ø	Ø	Ø	Ø	Ø	Ø	Ø	Ø	Ø	Ø	Ø	Ø	Ø	5053:3	wet
512	V	1	Ø	Ø	Ø	Ø	ɛ	Ø	Ø	Ø	Ø	Ø	Ø	Ø	Ø	o	Ø	Ø	Ø	Ø	a	Ø	Ø	Ø	Ø	Ø	Ø	Ø	Ø	Ø	Ø	Ø	Ø	Ø	Ø	Ø	Ø	5053:6	wet
521	V	1	Ø	Ø	Ø	-	Ø	Ø	Ø	Ø	Ø	Ø	ɨː	Ø	Ø	Ø	Ø	Ø	Ø	Ø	Ø	Ø	Ø	Ø	Ø	Ø	Ø	Ø	Ø	Ø	Ø	Ø	Ø	Ø	Ø	Ø	i	5110:1	when?
522	V	1	Ø	Ø	Ø	-	Ø	Ø	Ø	Ø	Ø	Ø	i	Ø	Ø	Ø	Ø	Ø	Ø	Ø	Ø	Ø	Ø	Ø	Ø	Ø	Ø	Ø	Ø	Ø	Ø	Ø	Ø	Ø	Ø	Ø	a	5110:3	when?
523	V	1	Ø	Ø	Ø	-	Ø	Ø	Ø	Ø	Ø	Ø	ɨː	Ø	Ø	Ø	Ø	Ø	Ø	Ø	Ø	-	Ø	Ø	Ø	Ø	Ø	Ø	Ø	Ø	Ø	Ø	Ø	Ø	Ø	Ø	a	5202:3	who?
526	V	1	Ø	Ø	Ø	Ø	a	Ø	Ø	Ø	Ø	Ø	Ø	Ø	Ø	ɨ	Ø	Ø	Ø	Ø	-	Ø	Ø	Ø	Ø	Ø	Ø	Ø	Ø	Ø	Ø	Ø	Ø	Ø	Ø	Ø	Ø	5203:3	who?
528	V	1	Ø	Ø	Ø	Ø	o	Ø	Ø	Ø	Ø	Ø	Ø	Ø	Ø	a	Ø	Ø	Ø	Ø	a	Ø	Ø	Ø	Ø	Ø	Ø	Ø	Ø	Ø	Ø	Ø	Ø	Ø	Ø	Ø	Ø	5233:1	wide
529	V	1	Ø	Ø	Ø	Ø	ɨ	Ø	Ø	Ø	Ø	Ø	Ø	Ø	Ø	u	Ø	Ø	Ø	Ø	-	Ø	Ø	Ø	Ø	Ø	Ø	Ø	Ø	Ø	Ø	Ø	Ø	Ø	Ø	Ø	Ø	5233:5	wide
530	V	1	Ø	Ø	Ø	Ø	Ø	Ø	Ø	Ø	Ø	Ø	Ø	Ø	Ø	Ø	Ø	Ø	Ø	Ø	Ø	Ø	Ø	Ø	Ø	Ø	Ø	Ø	Ø	Ø	ai	a	ai	Ø	Ø	Ø	Ø	5248:2	wide
532	V	1	Ø	Ø	Ø	Ø	Ø	Ø	Ø	Ø	Ø	Ø	Ø	Ø	Ø	Ø	Ø	Ø	Ø	Ø	Ø	Ø	Ø	Ø	Ø	Ø	Ø	Ø	Ø	Ø	e	-	e	Ø	Ø	Ø	Ø	5248:6	wide
534	V	1	Ø	Ø	Ø	Ø	Ø	Ø	Ø	Ø	Ø	Ø	Ø	Ø	Ø	Ø	Ø	oː	Ø	Ø	Ø	Ø	Ø	Ø	Ø	Ø	Ø	Ø	Ø	Ø	i	i	i	Ø	Ø	Ø	Ø	5289:3	wind
535	V	1	Ø	Ø	Ø	Ø	Ø	Ø	Ø	Ø	Ø	Ø	Ø	Ø	Ø	Ø	Ø	o	Ø	Ø	Ø	Ø	Ø	Ø	Ø	Ø	Ø	Ø	Ø	Ø	o	o	oɯ	Ø	Ø	Ø	Ø	5289:5	wind
538	V	1	Ø	Ø	Ø	Ø	Ø	Ø	Ø	Ø	Ø	Ø	Ø	Ø	Ø	Ø	Ø	Ø	Ø	Ø	Ø	Ø	Ø	Ø	Ø	a	Ø	Ø	Ø	Ø	-	-	-	Ø	Ø	Ø	Ø	5370:0	woman
541	V	1	Ø	Ø	Ø	Ø	ɯ	Ø	Ø	Ø	Ø	Ø	Ø	Ø	Ø	ɨ	Ø	Ø	Ø	Ø	-	Ø	Ø	Ø	Ø	Ø	Ø	Ø	Ø	Ø	Ø	Ø	Ø	Ø	Ø	Ø	Ø	5412:3	worm
542	V	1	Ø	Ø	Ø	Ø	Ø	Ø	Ø	Ø	Ø	Ø	Ø	Ø	Ø	Ø	Ø	Ø	Ø	Ø	Ø	Ø	Ø	Ø	Ø	Ø	Ø	Ø	Ø	Ø	i	aɯ	i	Ø	Ø	Ø	Ø	5418:0	worm
543	V	1	Ø	Ø	Ø	Ø	Ø	Ø	Ø	Ø	Ø	Ø	Ø	Ø	Ø	Ø	Ø	Ø	Ø	Ø	Ø	Ø	Ø	Ø	Ø	Ø	Ø	Ø	Ø	Ø	oɯ	o	oɯ	Ø	Ø	Ø	Ø	5418:5	worm
545	V	1	Ø	Ø	Ø	Ø	Ø	Ø	Ø	Ø	Ø	Ø	Ø	Ø	Ø	Ø	Ø	Ø	Ø	Ø	Ø	Ø	Ø	Ø	Ø	Ø	Ø	Ø	Ø	Ø	oɯ	oɯ	aɯ	Ø	Ø	Ø	Ø	5453:4	ye
547	V	1	Ø	Ø	Ø	i	Ø	Ø	Ø	Ø	Ø	Ø	aː	Ø	Ø	Ø	Ø	Ø	Ø	Ø	Ø	Ø	Ø	Ø	Ø	Ø	Ø	Ø	Ø	Ø	Ø	Ø	Ø	Ø	Ø	Ø	-	5475:6	year
93	V	2	uː	ʊː	Ø	Ø	Ø	Ø	Ø	Ø	Ø	Ø	Ø	Ø	Ø	Ø	Ø	Ø	Ø	Ø	Ø	Ø	Ø	uː	Ø	Ø	Ø	Ø	uː	Ø	Ø	Ø	Ø	Ø	Ø	Ø	Ø	306:1, 1465:1	big / head
238	V	1	uː	ʊ	Ø	Ø	Ø	Ø	u	Ø	Ø	Ø	Ø	Ø	Ø	Ø	Ø	Ø	Ø	Ø	Ø	Ø	Ø	u	Ø	Ø	Ø	Ø	u	Ø	Ø	Ø	Ø	Ø	Ø	Ø	Ø	99:4	ashes
430	V	1	ui	ʊː	Ø	Ø	Ø	Ø	Ø	Ø	Ø	Ø	Ø	Ø	Ø	Ø	Ø	Ø	Ø	Ø	Ø	Ø	Ø	Ø	Ø	Ø	Ø	Ø	u	Ø	Ø	Ø	Ø	Ø	Ø	Ø	Ø	3649:3	to blow (of wind)
482	V	1	ua	ʊ	Ø	Ø	Ø	Ø	Ø	Ø	Ø	Ø	Ø	Ø	Ø	Ø	Ø	Ø	Ø	Ø	Ø	Ø	Ø	u	Ø	Ø	Ø	Ø	u	Ø	Ø	Ø	Ø	Ø	Ø	Ø	Ø	4593:3	to swim
51	V	54	u	ʊ	o	-	a	o	u	i	e	Ø	Ø	a	e	i	Ø	a	Ø	a	i	i	i	u	Ø	Ø	u	Ø	u	Ø	a	a	a	u	Ø	Ø	-	149:1, 149:4, 422:1, 467:2, 771:1, 800:1, 1733:1, 2254:1, 2906:1, 3073:1, 3073:3, 3340:2, 3864:1, 4452:0, 4452:2, 4593:1, 4886:1, 5109:3, 5353:1, 502:0, 1158:1, 1218:6, 1347:3, 1799:3, 2159:1, 2959:1, 3208:1, 4286:3, 5435:2, 1091:0, 1283:1, 2671:4, 3272:1, 3649:0, 4255:1, 4255:3, 2526:0, 2526:3, 5161:1, 5161:3, 381:1, 381:3, 523:1, 87:4, 99:1, 953:1, 1130:4, 1562:1, 1984:2, 2373:1, 2611:1, 3302:0, 3522:3, 4404:6	animal / ashes / back (person's) / black / blood / bone / child (young person rather than as relationship term) / cloud / earth (soil) / egg / feather (larger feathers rather than down) / five / flower / fog / four / grass / guts / here / leaf / leg / mother / neck / nose / one / right (hand) / root / rotten (especially log) / short / skin (person's) / smoke (of fire) / stick (of wood) / straight / sun / tail / this / to blow (of wind) / to eat / to live / to play / to sing / to spit / to swim / tree / when? / white / woman / ye
50	V	43	u	Ø	a	-	o	Ø	e	Ø	Ø	Ø	i	Ø	Ø	u	Ø	o	i	Ø	u	Ø	Ø	u	Ø	Ø	Ø	a	u	Ø	e	e	e	Ø	Ø	e	u	3:0, 3:1, 219:4, 556:1, 556:2, 730:4, 1095:1, 1159:3, 1285:1, 1285:4, 1891:1, 2223:4, 2576:1, 2576:2, 2673:1, 2673:2, 2791:1, 2791:2, 2859:4, 3045:1, 3342:1, 3623:5, 3833:2, 3866:5, 4069:4, 4102:5, 4257:1, 4325:8, 4492:1, 4573:1, 4573:2, 4659:3, 4704:1, 4977:6, 1391:2, 1984:4, 2258:1, 2758:5, 3681:2, 3923:5, 5259:1, 3477:8, 3890:5	I / bark / day (opposite of night rather than time measure) / ear / five / fog / grass / hand / louse / mother / night / nose / river / rotten (especially log) / say / sea (ocean) / seed / small / tail / thick / to bite / to breathe / to drink / to eat / to fall (drop rather than topple) / to hear / to hit / to live / to push / to squeeze / to swell / to throw / to tie / water / wife
56	V	40	u	ʊ	Ø	i	ɛ	i	o	Ø	Ø	Ø	a	Ø	i	o	Ø	ɯ	Ø	Ø	o	Ø	Ø	u	i	Ø	Ø	i	u	Ø	ɯ	ɯ	ɯ	Ø	Ø	e	u	405:3, 534:3, 787:2, 819:1, 819:3, 1165:3, 1486:0, 1526:5, 1787:3, 1813:0, 1899:0, 2420:1, 2684:1, 2709:0, 2843:1, 3026:0, 3026:2, 3085:3, 3259:3, 3259:5, 3510:1, 3884:1, 3956:3, 4394:1, 4501:2, 4503:0, 4639:5, 4668:1, 4745:1, 4830:1, 5120:1, 5339:1, 5418:3, 2090:5, 2610:8, 3368:2, 3524:2, 4233:1, 5133:1, 727:1	black / cloud / ear / earth (soil) / egg / fog / head / heart / left (hand) / leg / louse / name / other / root / rotten (especially log) / salt / see / sleep / smoke (of fire) / stone / that / thin / this / to eat / to fear / to laugh / to sew / to squeeze / to think / to throw / to vomit / tongue / when? / where? / with (accompanying) / worm
213	V	10	u	ʊ	Ø	ɨː	Ø	oː	Ø	o	Ø	Ø	ɨː	Ø	Ø	Ø	Ø	Ø	Ø	Ø	Ø	Ø	u	u	Ø	Ø	Ø	i	u	Ø	u	ui	u	e	Ø	Ø	Ø	534:0, 1165:0, 3085:0, 4503:2, 5120:3, 706:2, 1128:4, 1468:1, 4542:1, 5134:1	cloud / dust / flower / fog / head / smoke (of fire) / to squeeze / to suck / when? / where?
103	V	7	u	ʊ	Ø	Ø	Ø	Ø	i	Ø	Ø	Ø	Ø	Ø	i	Ø	Ø	oː	Ø	Ø	Ø	Ø	Ø	-	Ø	Ø	-	Ø	u	Ø	u	u	u	-	Ø	Ø	Ø	4037:1, 4067:3, 4286:5, 512:3, 2063:1, 3182:0, 4542:3	child (young person rather than as relationship term) / mouth / star / to give / to hear / to play / to suck
192	V	6	u	ʊ	Ø	u	Ø	Ø	Ø	Ø	Ø	a	iː	o	a	Ø	Ø	oː	Ø	Ø	Ø	Ø	Ø	a	Ø	Ø	Ø	Ø	u	Ø	oɯ	ɯ	oɯ	Ø	Ø	e	u	130:1, 1682:1, 3012:4, 3831:2, 3832:4, 1396:6	at / hand / in / sleep / to drink
167	V	2	u	ʊ	Ø	Ø	Ø	Ø	Ø	Ø	Ø	Ø	Ø	Ø	Ø	Ø	Ø	Ø	Ø	Ø	Ø	Ø	Ø	ɨ	Ø	Ø	Ø	Ø	e	Ø	Ø	Ø	Ø	Ø	Ø	Ø	Ø	1390:0, 2048:3	hand / mouth
320	V	1	u	Ø	Ø	Ø	Ø	Ø	Ø	Ø	Ø	Ø	Ø	Ø	Ø	Ø	Ø	Ø	Ø	Ø	Ø	Ø	Ø	u	Ø	Ø	Ø	Ø	e	Ø	Ø	Ø	Ø	Ø	Ø	Ø	Ø	2159:4	neck
412	V	1	u	-	Ø	Ø	Ø	Ø	Ø	Ø	Ø	Ø	Ø	Ø	Ø	Ø	Ø	Ø	Ø	Ø	Ø	Ø	Ø	-	Ø	Ø	Ø	Ø	-	Ø	Ø	Ø	Ø	Ø	Ø	Ø	Ø	3469:3	thick
491	V	1	u	ʊ	Ø	Ø	Ø	Ø	Ø	o	Ø	Ø	Ø	Ø	Ø	Ø	Ø	Ø	Ø	Ø	Ø	Ø	Ø	Ø	Ø	Ø	Ø	Ø	i	Ø	Ø	Ø	Ø	Ø	Ø	Ø	Ø	4731:3	to vomit
255	V	1	iː	iː	Ø	Ø	Ø	Ø	Ø	Ø	Ø	Ø	Ø	Ø	Ø	Ø	Ø	Ø	Ø	Ø	Ø	Ø	Ø	i	Ø	Ø	Ø	Ø	iː	Ø	Ø	Ø	Ø	Ø	Ø	Ø	Ø	833:1	eye
10	V	97	i	-	a	a	-	Ø	Ø	i	Ø	-	ɨ	-	Ø	ɨ	Ø	a	i	Ø	ɨ	Ø	Ø	-	Ø	Ø	-	Ø	-	Ø	e	e	e	a	Ø	-	au	274:1, 274:5, 328:4, 405:5, 405:7, 534:4, 603:5, 603:7, 666:3, 666:5, 666:7, 687:6, 750:1, 787:0, 787:5, 890:2, 1165:4, 1334:5, 1334:7, 1526:3, 1551:1, 1551:3, 1551:5, 1692:0, 1787:7, 1873:2, 2032:6, 2207:4, 2483:4, 2483:6, 2541:5, 2684:6, 2687:5, 2843:4, 2897:4, 2897:6, 3026:4, 3059:5, 3059:7, 3085:4, 3114:5, 3114:7, 3510:4, 3723:3, 3761:5, 3823:4, 3850:5, 3884:5, 3956:7, 3994:3, 4019:3, 4138:7, 4191:4, 4191:6, 4215:4, 4273:5, 4310:5, 4394:5, 4416:3, 4442:3, 4442:5, 4484:5, 4501:4, 4503:5, 4556:5, 4609:2, 4639:3, 4668:6, 4701:5, 4745:4, 4745:6, 4830:3, 4945:1, 5183:2, 5183:4, 5183:6, 5245:4, 5248:8, 1572:1, 4077:5, 4640:6, 4762:7, 5503:7, 221:2, 424:4, 512:4, 1745:4, 2256:3, 2751:5, 3012:7, 3302:4, 3708:6, 4002:7, 4067:6, 4100:7, 4323:6, 4731:6	bark / belly / big / black / blood / child (young person rather than as relationship term) / cloud / dirty / dry (substance) / dull (knife) / ear / earth (soil) / far / fog / green / heart / heavy / here / in / leaf / left (hand) / long / mountain / new / nose / red / right (hand) / rotten (especially log) / say / see / sharp (as knife) / sleep / small / smoke (of fire) / smooth / sun / thin / to come / to cut / to dig / to drink / to eat / to fear / to flow / to fly / to hear / to hit / to hold (in hand) / to kill / to know (facts) / to live / to pull / to push / to sew / to sing / to smell (perceive odor) / to split / to squeeze / to suck / to swim / to think / to throw / to tie / to vomit / to walk / tongue / two / white / wide / yellow
18	V	80	i	iː	i	i	ɯ	Ø	Ø	ɨ	Ø	o	iː	i	a	ɨ	Ø	o	Ø	a	ɨ	Ø	ə	i	Ø	Ø	ɯ	Ø	iː	Ø	ɯ	ɯ	ɯ	Ø	Ø	e	i	102:4, 131:1, 185:1, 383:1, 469:5, 586:4, 676:1, 678:1, 704:5, 729:1, 803:4, 836:0, 905:1, 905:2, 905:4, 1022:1, 1022:2, 1022:4, 1318:4, 1467:0, 1510:4, 1511:0, 1599:1, 1599:4, 1664:7, 2001:4, 2021:4, 2035:4, 2051:1, 2462:1, 2644:0, 2673:4, 2702:0, 2726:1, 2822:4, 2886:1, 3014:1, 3100:3, 3100:4, 3100:6, 3173:4, 3173:6, 3209:0, 3275:1, 3303:1, 3556:0, 3556:1, 3750:3, 4039:3, 4301:4, 4301:6, 4491:3, 4687:4, 4705:1, 4756:0, 4782:4, 4889:0, 4929:2, 4976:1, 5018:1, 5018:2, 5203:1, 5412:1, 5438:2, 5438:3, 424:1, 629:1, 835:4, 1019:1, 2164:1, 2611:3, 3501:1, 3681:4, 4818:3, 2222:1, 2821:3, 3709:2, 4068:3, 4256:2, 2701:0	ashes / at / bad (deleterious or unsuitable) / black / blood / bone / dirty / dog / dull (knife) / dust / ear / egg / eye / fat (organic substance) / fire / green / head / heart / how / if / mother / mountain / mouth / neck / night / red / root / rope / rotten (especially log) / salt / sand / see / sharp (as knife) / sleep / smooth / star / stick (of wood) / straight / sun / thin / thou / to breathe / to come / to cut / to give / to hear / to live / to pull / to squeeze / to tie / to walk / to wash / tongue / tree / two / water / we / who? / worm / ye
54	V	49	i	i	i	i	ɨ	Ø	Ø	ɨ	Ø	Ø	i	Ø	Ø	e	Ø	-	Ø	Ø	e	Ø	Ø	i	Ø	Ø	Ø	Ø	i	Ø	ui	ui	ui	Ø	Ø	e	i	219:1, 219:2, 556:5, 676:5, 730:1, 955:4, 1095:4, 1286:1, 1510:1, 1510:2, 1628:3, 1736:8, 2001:1, 2001:2, 2117:3, 2822:6, 2978:1, 3045:7, 3173:1, 3173:2, 3471:1, 3471:2, 3471:4, 3623:0, 3777:3, 4257:3, 4257:4, 4623:0, 4704:5, 4813:1, 4813:4, 5057:1, 5057:2, 5233:3, 1391:6, 5162:2, 5162:4, 4812:3, 5354:5, 221:0, 834:3, 3681:6, 3708:1, 4323:1, 4701:1, 5332:2, 2161:2, 5110:7, 5475:4	bark / day (opposite of night rather than time measure) / dull (knife) / ear / eye / feather (larger feathers rather than down) / five / grass / hand / heart / husband / leaf / mother / narrow / neck / see / sky / small / star / thick / to bite / to breathe / to come / to die / to live / to push / to think / to tie / tongue / wet / when? / white / wide / with (accompanying) / woman / year
78	V	36	i	i	Ø	ɨ	i	i	e	ɨ	Ø	ɨ	ɨː	Ø	o	i	Ø	oː	Ø	Ø	i	Ø	ə	i	Ø	Ø	Ø	Ø	i	Ø	-	-	o	-	Ø	e	ɨ	1:1, 35:3, 800:3, 2221:3, 2254:3, 2366:3, 2366:5, 2407:3, 3396:3, 4685:1, 4811:0, 4886:3, 4925:1, 5081:3, 347:6, 502:2, 1158:6, 2598:1, 3127:3, 3208:3, 3967:3, 4300:3, 4781:1, 1541:1, 1541:3, 523:6, 727:3, 1355:0, 1562:3, 3044:1, 3272:5, 3429:1, 3890:0, 3917:2, 4983:1, 1997:3	I / all (of a number) / bird / child (young person rather than as relationship term) / cloud / ear / egg / fog / hair / heavy / here / mother / night / nose / one / other / road (or trail) / small / snake / stick (of wood) / straight / there / they / to eat / to fall (drop rather than topple) / to fight / to pull / to tie / to wash / tongue / tree / two / water / what?
125	V	26	i	Ø	a	a	-	Ø	Ø	Ø	-	Ø	a	Ø	Ø	-	Ø	a	Ø	Ø	-	Ø	Ø	iː	Ø	Ø	Ø	Ø	i	Ø	a	a	a	-	Ø	e	a	1542:5, 1828:5, 2161:6, 2408:3, 3013:1, 3075:2, 3075:4, 3075:6, 5110:5, 5475:2, 5475:8, 834:1, 834:7, 1889:5, 1889:7, 2255:1, 4887:0, 4887:4, 562:8, 2986:7, 3226:0, 3226:4, 954:1, 1391:0, 3212:5, 3428:1	day (opposite of night rather than time measure) / eye / feather (larger feathers rather than down) / hand / heavy / liver / louse / neck / nose / other / sky / sleep / smoke (of fire) / stick (of wood) / they / tree / when? / year
46	V	24	i	-	Ø	aː	Ø	Ø	Ø	-	Ø	a	aː	o	Ø	-	Ø	oː	Ø	Ø	Ø	Ø	Ø	-	Ø	e	-	ɨ	-	Ø	o	o	o	i	Ø	e	a	562:4, 2266:1, 4785:3, 5503:1, 3967:6, 3975:7, 4208:5, 4286:8, 4300:6, 3073:6, 3831:5, 4452:8, 4621:11, 2526:5, 2526:9, 3649:5, 4255:6, 3775:5, 4166:3, 4233:4, 4888:1, 5082:5, 5133:3, 5370:6	day (opposite of night rather than time measure) / nose / right (hand) / smoke (of fire) / to blow (of wind) / to die / to drink / to fight / to float / to kill / to know (facts) / to laugh / to live / to play / to pull / to spit / to think / to wash / tree / what? / where? / woman / yellow
200	V	9	i	i	o	u	Ø	Ø	a	-	Ø	-	i	-	o	Ø	Ø	-	Ø	Ø	Ø	Ø	Ø	i	Ø	Ø	Ø	Ø	i	Ø	-	-	-	Ø	a	e	u	3013:5, 4167:4, 468:3, 1396:3, 1889:1, 387:1, 387:5, 3708:4, 3832:6	black / bone / hand / louse / sleep / to come / to drink / to kill
110	V	8	i	Ø	Ø	Ø	Ø	Ø	Ø	ɨ	Ø	Ø	Ø	Ø	Ø	Ø	Ø	-	Ø	Ø	Ø	Ø	Ø	a	Ø	-	Ø	Ø	a	Ø	ɯ	-	ɯ	Ø	Ø	Ø	Ø	603:3, 3823:2, 4996:2, 5267:1, 1635:0, 2751:3, 5370:3, 1218:1	dirty / four / husband / say / to dig / water / wife / woman
202	V	7	i	-	Ø	Ø	a	Ø	Ø	Ø	Ø	Ø	Ø	Ø	Ø	a	Ø	ɯ	Ø	Ø	a	Ø	Ø	u	Ø	Ø	o	Ø	-	Ø	e	e	e	u	Ø	Ø	Ø	2063:2, 3477:1, 4785:5, 3627:4, 3663:5, 4147:6, 4542:7	mouth / thick / to bite / to blow (of wind) / to hunt (game) / to suck / to wash
208	V	6	i	ɛi	Ø	Ø	ɯ	Ø	Ø	Ø	Ø	Ø	u	Ø	Ø	-	Ø	Ø	Ø	Ø	ɨ	Ø	Ø	ei	Ø	Ø	Ø	ɨ	i	Ø	Ø	Ø	Ø	i	Ø	a	au	1508:6, 4621:6, 4811:3, 1435:1, 2020:1, 2021:3	he / heart / mountain / to think / tongue
228	V	6	i	-	Ø	Ø	Ø	Ø	Ø	a	Ø	Ø	Ø	Ø	Ø	Ø	Ø	oː	Ø	Ø	Ø	Ø	a	-	Ø	a	Ø	Ø	-	Ø	i	ɯ	i	Ø	Ø	-	Ø	706:4, 1635:1, 2526:7, 4818:6, 5248:1, 5370:4	dust / husband / right (hand) / tongue / wide / woman
58	V	5	i	-	Ø	Ø	Ø	Ø	Ø	Ø	Ø	Ø	Ø	Ø	Ø	Ø	Ø	Ø	Ø	Ø	Ø	Ø	Ø	a	Ø	Ø	Ø	Ø	-	Ø	Ø	Ø	Ø	Ø	Ø	Ø	Ø	4246:6, 4755:7, 4781:6, 4593:7, 4685:6	to lie / to swim / to tie / to walk / to wash
127	V	4	i	ɨ	Ø	Ø	Ø	Ø	Ø	Ø	Ø	Ø	Ø	Ø	Ø	Ø	Ø	Ø	a	Ø	Ø	Ø	Ø	ɨ	Ø	Ø	Ø	Ø	e	Ø	ɯ	ɯ	u	Ø	Ø	Ø	Ø	1508:2, 4621:2, 5259:5, 1966:1	heart / meat (flesh) / to think / wife
97	V	2	i	ʊ	Ø	Ø	Ø	Ø	i	Ø	Ø	Ø	Ø	Ø	Ø	Ø	Ø	Ø	Ø	Ø	Ø	Ø	Ø	-	Ø	Ø	Ø	Ø	a	Ø	Ø	Ø	Ø	Ø	Ø	Ø	Ø	3864:5, 4037:5	to eat / to give
346	V	1	i	ʊ	Ø	Ø	Ø	Ø	Ø	ɨ	Ø	Ø	Ø	Ø	Ø	Ø	Ø	Ø	Ø	Ø	Ø	Ø	Ø	i	Ø	Ø	Ø	Ø	u	Ø	Ø	Ø	Ø	Ø	Ø	Ø	Ø	2459:6	red
434	V	1	i	ʊ	Ø	Ø	Ø	Ø	Ø	Ø	Ø	Ø	Ø	Ø	Ø	Ø	Ø	Ø	Ø	Ø	Ø	Ø	Ø	-	Ø	Ø	Ø	Ø	-	Ø	Ø	Ø	Ø	Ø	Ø	Ø	Ø	3680:7	to breathe
478	V	1	i	i	Ø	Ø	Ø	Ø	Ø	Ø	Ø	Ø	Ø	Ø	Ø	Ø	Ø	Ø	Ø	Ø	Ø	Ø	Ø	-	Ø	Ø	Ø	Ø	a	Ø	Ø	Ø	Ø	Ø	Ø	Ø	Ø	4452:6	to spit
489	V	1	i	i	Ø	Ø	Ø	Ø	Ø	i	Ø	Ø	Ø	Ø	Ø	Ø	Ø	Ø	Ø	Ø	Ø	Ø	Ø	Ø	Ø	Ø	Ø	Ø	-	Ø	Ø	Ø	Ø	Ø	Ø	Ø	Ø	4731:0	to vomit
490	V	1	i	-	Ø	Ø	Ø	Ø	Ø	-	Ø	Ø	Ø	Ø	Ø	Ø	Ø	Ø	Ø	Ø	Ø	Ø	Ø	Ø	Ø	Ø	Ø	Ø	u	Ø	Ø	Ø	Ø	Ø	Ø	Ø	Ø	4731:2	to vomit
519	V	1	i	i	Ø	Ø	Ø	Ø	Ø	Ø	Ø	Ø	Ø	Ø	Ø	Ø	Ø	Ø	Ø	Ø	Ø	Ø	Ø	ei	Ø	Ø	Ø	Ø	a	Ø	Ø	Ø	Ø	Ø	Ø	Ø	Ø	5109:6	when?
108	V	3	aː	əɨ	Ø	Ø	Ø	Ø	Ø	Ø	Ø	Ø	Ø	Ø	Ø	Ø	Ø	Ø	Ø	Ø	Ø	Ø	Ø	a	Ø	Ø	Ø	Ø	a	Ø	Ø	Ø	Ø	Ø	Ø	Ø	Ø	3975:3, 4208:3, 216:1	bark / to float / to know (facts)
223	V	3	aː	ɨ	Ø	-	Ø	Ø	Ø	Ø	Ø	a	-	Ø	o	Ø	Ø	Ø	Ø	Ø	Ø	Ø	Ø	a	Ø	Ø	Ø	Ø	e	Ø	-	-	-	Ø	Ø	Ø	-	468:4, 2164:3, 3301:1	bone / neck / sun
164	V	2	aː	a	Ø	Ø	Ø	Ø	Ø	Ø	Ø	Ø	Ø	Ø	Ø	Ø	Ø	Ø	Ø	Ø	Ø	Ø	Ø	a	Ø	Ø	Ø	Ø	aː	Ø	Ø	Ø	Ø	Ø	Ø	Ø	Ø	616:3, 3967:1	dog / to fight
270	V	1	aː	a	Ø	Ø	Ø	Ø	Ø	Ø	Ø	Ø	Ø	Ø	Ø	Ø	Ø	Ø	Ø	Ø	Ø	Ø	Ø	Ø	Ø	Ø	Ø	Ø	a	Ø	Ø	Ø	Ø	Ø	Ø	Ø	Ø	1283:3	grass
394	V	1	aː	a	Ø	Ø	Ø	Ø	Ø	Ø	Ø	Ø	Ø	Ø	Ø	Ø	Ø	Ø	Ø	Ø	Ø	Ø	Ø	aː	Ø	Ø	Ø	Ø	aː	Ø	Ø	Ø	Ø	Ø	Ø	Ø	Ø	3171:1	star
460	V	1	aː	oʊ	Ø	Ø	Ø	Ø	Ø	Ø	Ø	Ø	Ø	Ø	Ø	Ø	Ø	Ø	Ø	Ø	Ø	Ø	Ø	a	Ø	Ø	a	Ø	aː	Ø	Ø	Ø	Ø	Ø	Ø	ɨ	Ø	4166:1	to kill
492	V	1	aː	Ø	Ø	Ø	Ø	Ø	Ø	Ø	Ø	Ø	Ø	Ø	Ø	Ø	Ø	Ø	Ø	Ø	Ø	Ø	Ø	-	Ø	Ø	Ø	Ø	-	Ø	Ø	Ø	Ø	Ø	Ø	Ø	Ø	4755:3	to walk
353	V	1	au	oʊ	Ø	Ø	Ø	Ø	Ø	Ø	Ø	Ø	Ø	Ø	Ø	Ø	Ø	Ø	Ø	Ø	Ø	Ø	Ø	Ø	Ø	Ø	Ø	Ø	a	Ø	Ø	Ø	Ø	Ø	Ø	Ø	Ø	2671:1	rotten (especially log)
22	V	77	a	a	i	-	i	a	Ø	ɨ	Ø	e	iː	Ø	ɨ	i	i	ɯ	Ø	Ø	i	Ø	ə	a	Ø	a	a	u	a	Ø	i	ai	ai	Ø	Ø	e	i	35:1, 422:4, 553:1, 616:1, 771:4, 1176:1, 1316:1, 1733:3, 1774:3, 1827:0, 1827:2, 2193:1, 2193:5, 2221:1, 2608:1, 2608:4, 2906:3, 3243:1, 3243:3, 3469:7, 3680:1, 3680:5, 4925:4, 5081:1, 5201:1, 5231:1, 5231:6, 5279:1, 5309:1, 5309:3, 5353:3, 347:1, 347:3, 1158:3, 1347:0, 1799:1, 1917:4, 1958:1, 1958:3, 2554:3, 2598:5, 2959:3, 3127:1, 3975:1, 4286:1, 4300:1, 5435:0, 258:1, 258:4, 381:6, 523:3, 3621:2, 4526:1, 4526:3, 1888:3, 3554:1, 1852:2, 1852:4, 3583:1, 3583:4, 2459:1, 4100:2, 933:1, 933:3, 87:1, 882:1, 1355:4, 1661:3, 2296:2, 2758:3, 2792:8, 2973:1, 3429:3, 3775:1, 4002:3, 4847:0, 5332:1	all (of a number) / animal / belly / bird / black / blood / cloud / day (opposite of night rather than time measure) / dog / earth (soil) / far / father / fog / foot / green / guts / hair / if / leaf / left (hand) / leg / liver / long / louse / man (male human) / meat (flesh) / new / night / not / red / river / road (or trail) / root / say / sea (ocean) / short / skin (person's) / sky / snake / stone / they / thick / thou / three / to bite / to breathe / to die / to float / to fly / to hit / to play / to pull / to stand / tooth (front rather than molar) / two / what? / who? / wide / wind / wing / with (accompanying) / woman / ye
34	V	41	a	a	Ø	Ø	ɛ	a	Ø	Ø	i	Ø	iː	Ø	Ø	o	Ø	aː	Ø	Ø	o	Ø	Ø	-	Ø	Ø	Ø	Ø	a	Ø	a	a	a	Ø	Ø	Ø	i	50:1, 50:3, 603:2, 666:1, 890:0, 1787:1, 1813:2, 1838:1, 1873:0, 1899:4, 2311:1, 2353:5, 2541:1, 2621:4, 2659:1, 2687:1, 2924:1, 3322:5, 3408:1, 3604:3, 3761:3, 3956:1, 4442:1, 4484:3, 4668:4, 4701:3, 4945:3, 5339:3, 2567:2, 3477:3, 4077:1, 4640:1, 4762:1, 1130:1, 2090:1, 3212:1, 3401:2, 4323:3, 4363:4, 4621:9, 4755:5	all (of a number) / dirty / dry (substance) / far / flower / left (hand) / leg / liver / long / louse / name / not / old / right (hand) / river / root / rope / rotten (especially log) / short / stick (of wood) / sun / there / thick / three / to cut / to fear / to hear / to push / to rub / to smell (perceive odor) / to split / to think / to throw / to tie / to walk / two / with (accompanying)
219	V	16	a	a	i	ua	a	Ø	Ø	a	Ø	o	i	Ø	u	a	Ø	o	Ø	Ø	a	Ø	a	a	Ø	u	i	a	a	Ø	u	u	u	e	Ø	e	i	328:3, 2032:8, 2207:3, 4745:3, 5183:0, 5245:3, 2:1, 512:1, 1061:1, 1128:1, 1685:1, 3012:1, 3587:2, 4067:0, 5208:1, 5411:5	I / big / child (young person rather than as relationship term) / fish / flower / in / mountain / new / sleep / three / to hear / to vomit / white / who? / wide / worm
233	V	7	a	Ø	i	a	Ø	Ø	Ø	Ø	Ø	Ø	aː	Ø	Ø	Ø	Ø	ɯɯ	Ø	Ø	Ø	Ø	Ø	a	Ø	Ø	Ø	Ø	a	Ø	e	e	ai	u	Ø	Ø	a	1828:3, 2408:1, 5082:1, 1603:1, 2672:5, 3226:2, 5411:3	how / liver / other / rotten (especially log) / stick (of wood) / what? / worm
102	V	6	a	a	Ø	Ø	Ø	Ø	-	Ø	Ø	Ø	Ø	Ø	Ø	Ø	Ø	Ø	a	Ø	Ø	Ø	Ø	-	Ø	Ø	Ø	Ø	-	Ø	-	-	-	Ø	Ø	Ø	Ø	3396:0, 3864:3, 1091:5, 4037:3, 5259:3, 1745:3	five / leaf / there / to eat / to give / wife
221	V	6	a	a	Ø	Ø	Ø	Ø	Ø	a	Ø	Ø	Ø	Ø	Ø	Ø	Ø	-	Ø	Ø	Ø	Ø	-	a	Ø	Ø	Ø	Ø	a	Ø	i	i	ɯ	Ø	Ø	a	Ø	2459:3, 4100:0, 706:0, 1838:5, 4002:1, 5085:1	dust / liver / red / to fly / to hit / what?
118	V	2	a	a	Ø	Ø	Ø	Ø	Ø	i	Ø	Ø	Ø	Ø	Ø	Ø	Ø	Ø	Ø	Ø	Ø	Ø	ə	-	Ø	Ø	Ø	Ø	a	Ø	Ø	Ø	-	Ø	Ø	Ø	Ø	1061:3, 4542:5	fish / to suck
176	V	2	a	a	Ø	Ø	Ø	Ø	Ø	Ø	Ø	Ø	Ø	Ø	Ø	Ø	Ø	Ø	Ø	Ø	Ø	Ø	Ø	i	Ø	Ø	Ø	Ø	a	Ø	Ø	Ø	Ø	Ø	Ø	Ø	Ø	4685:4, 4781:3	to tie / to wash
326	V	1	a	a	Ø	Ø	Ø	Ø	Ø	Ø	Ø	Ø	Ø	Ø	Ø	Ø	Ø	Ø	Ø	Ø	Ø	Ø	Ø	a	Ø	Ø	Ø	Ø	-	Ø	Ø	Ø	Ø	Ø	Ø	Ø	Ø	2193:3	new
363	V	1	a	-	Ø	Ø	Ø	Ø	Ø	Ø	Ø	Ø	Ø	Ø	Ø	Ø	Ø	Ø	Ø	Ø	Ø	Ø	Ø	-	Ø	Ø	Ø	Ø	a	Ø	Ø	Ø	Ø	Ø	Ø	Ø	Ø	2787:6	sea (ocean)
368	V	1	a	-	Ø	Ø	Ø	Ø	Ø	Ø	Ø	Ø	Ø	Ø	Ø	Ø	Ø	Ø	Ø	Ø	Ø	Ø	Ø	a	Ø	Ø	Ø	Ø	-	Ø	Ø	Ø	Ø	Ø	Ø	Ø	Ø	2906:5	short
414	V	1	a	ʊ	Ø	Ø	Ø	Ø	Ø	Ø	Ø	Ø	Ø	Ø	Ø	Ø	Ø	Ø	Ø	Ø	Ø	Ø	Ø	u	Ø	Ø	Ø	Ø	a	Ø	Ø	Ø	Ø	Ø	Ø	Ø	Ø	3469:5	thick
424	V	1	a	ʊ	Ø	Ø	Ø	Ø	Ø	Ø	Ø	Ø	Ø	Ø	Ø	Ø	Ø	Ø	Ø	Ø	Ø	Ø	Ø	Ø	Ø	Ø	Ø	Ø	u	Ø	Ø	Ø	Ø	Ø	Ø	Ø	Ø	3583:6	three
440	V	1	a	oʊ	Ø	Ø	Ø	Ø	Ø	Ø	Ø	Ø	Ø	Ø	Ø	-	Ø	Ø	Ø	Ø	Ø	Ø	Ø	-	Ø	Ø	Ø	Ø	a	Ø	Ø	Ø	Ø	Ø	Ø	Ø	Ø	3775:3	to die
455	V	1	a	ʊ	Ø	Ø	Ø	Ø	Ø	-	Ø	Ø	Ø	Ø	Ø	Ø	Ø	Ø	Ø	Ø	Ø	Ø	Ø	-	Ø	Ø	Ø	Ø	a	Ø	Ø	Ø	Ø	Ø	Ø	Ø	Ø	4100:5	to hit
494	V	1	a	-	Ø	Ø	Ø	Ø	Ø	Ø	Ø	Ø	Ø	Ø	Ø	Ø	Ø	Ø	Ø	Ø	Ø	Ø	Ø	i	Ø	Ø	Ø	Ø	a	Ø	Ø	Ø	Ø	Ø	Ø	Ø	Ø	4811:2	tongue
517	V	1	a	a	Ø	Ø	Ø	Ø	Ø	Ø	Ø	Ø	Ø	Ø	Ø	Ø	Ø	Ø	Ø	Ø	Ø	Ø	Ø	u	Ø	Ø	Ø	Ø	u	Ø	Ø	Ø	Ø	Ø	Ø	Ø	Ø	5109:1	when?
527	V	1	a	a	Ø	Ø	Ø	Ø	Ø	Ø	Ø	Ø	Ø	Ø	Ø	Ø	Ø	Ø	Ø	Ø	Ø	Ø	Ø	aː	Ø	Ø	Ø	Ø	a	Ø	Ø	Ø	Ø	Ø	Ø	Ø	Ø	5231:4	wide
16	V	97	-	-	a	a	a	Ø	Ø	-	Ø	Ø	a	a	a	a	Ø	ɯɯ	Ø	u	a	eː	-	-	Ø	a	e	a	-	Ø	e	e	e	-	Ø	o	a	37:1, 101:1, 260:4, 309:3, 469:1, 587:4, 677:1, 906:1, 939:1, 939:2, 1023:1, 1179:4, 1318:0, 1318:6, 1628:1, 1664:1, 1736:4, 1736:5, 1776:1, 1829:3, 1854:1, 1854:2, 1890:1, 1890:2, 1933:3, 1985:1, 1985:3, 2021:1, 2035:1, 2298:1, 2368:1, 2463:2, 2506:4, 2506:5, 2528:4, 2576:3, 2643:1, 2643:2, 2643:5, 2725:6, 2726:4, 2791:3, 2822:0, 2859:1, 2908:1, 3014:3, 3174:1, 3274:1, 3303:5, 3498:0, 3710:1, 3710:2, 3833:0, 3866:1, 3914:0, 3914:1, 3986:4, 4005:1, 4039:0, 4102:3, 4129:3, 4325:6, 4404:1, 4491:0, 4491:1, 4623:3, 4848:4, 4977:2, 5018:4, 5053:1, 5057:4, 5260:1, 5260:2, 5260:4, 5333:1, 5355:1, 5412:5, 5438:0, 5438:5, 5476:4, 5476:6, 835:1, 1466:5, 1661:1, 1984:0, 2375:6, 2610:1, 2701:4, 2758:0, 3302:2, 3587:0, 4147:3, 4847:5, 4887:2, 4975:5, 5202:1, 2020:4	all (of a number) / ashes / belly / big / bone / dirty / dull (knife) / eye / fat (organic substance) / father / fire / foot / green / head / husband / if / leaf / left (hand) / liver / long / louse / many / mother / mountain / not / one / red / right (correct) / right (hand) / river / root / rope / salt / sand / say / sea (ocean) / see / seed / short / sleep / star / straight / sun / thin / three / to come / to drink / to eat / to fall (drop rather than topple) / to flow / to fly / to give / to hit / to hold (in hand) / to hunt (game) / to push / to sing / to squeeze / to think / tooth (front rather than molar) / tree / water / we / wet / who? / wife / with (accompanying) / woman / worm / ye / year
42	V	59	-	a	aː	aː	-	i	Ø	a	Ø	u	iː	e	a	-	Ø	o	Ø	e	Ø	Ø	a	-	-	a	Ø	-	a	Ø	o	o	o	Ø	Ø	e	ɨ	135:1, 230:2, 750:3, 971:2, 971:4, 1334:1, 1334:3, 1486:2, 1526:1, 1689:1, 1692:2, 1695:1, 1695:3, 1726:1, 1814:3, 1838:3, 1899:2, 2150:3, 2207:1, 2353:3, 2621:5, 2659:2, 2843:2, 2924:3, 3139:3, 3259:1, 3322:3, 3850:3, 3994:1, 4138:1, 4215:2, 4310:1, 4310:3, 4394:3, 4416:1, 4484:1, 4501:0, 4639:1, 4862:4, 5120:6, 5248:4, 5322:4, 5453:0, 629:4, 2229:4, 2266:3, 2986:5, 3561:0, 4785:1, 5032:1, 1396:1, 2375:4, 3044:3, 3368:0, 3587:4, 4002:5, 4593:5, 5085:4, 1734:2	at / bark / dog / ear / feather (larger feathers rather than down) / green / hand / head / heart / in / lake / leaf / leg / liver / louse / near / new / night / nose / old / one / root / rope / see / short / sky / small / snake / stone / sun / that / thou / three / to drink / to flow / to fly / to hold (in hand) / to know (facts) / to pull / to sew / to sing / to split / to squeeze / to swim / to think / to wash / tooth (front rather than molar) / we / what? / when? / wide / wing / ye
44	V	55	-	-	a	a	i	Ø	Ø	ɨ	Ø	a	a	o	Ø	i	Ø	Ø	a	Ø	i	u	i	i	Ø	Ø	Ø	a	-	Ø	iː	i	a	u	Ø	e	a	102:1, 102:2, 184:0, 184:2, 260:0, 309:1, 586:1, 586:2, 619:5, 704:1, 773:1, 773:2, 803:0, 803:1, 939:4, 1257:0, 1257:2, 1566:1, 1664:5, 1829:0, 1890:5, 1933:1, 2409:1, 2410:2, 2558:1, 2977:1, 3128:1, 3128:2, 3128:4, 3498:2, 3815:6, 3946:0, 3946:2, 3986:1, 3986:2, 4102:0, 4129:0, 4301:1, 4573:4, 4595:0, 4595:3, 4623:7, 4659:1, 4687:1, 4782:1, 4848:0, 4927:1, 5476:1, 1441:1, 1466:3, 1745:1, 2973:7, 3832:2, 4818:1, 4888:7	ashes / bad (deleterious or unsuitable) / belly / big / dirty / dog / dust / earth (soil) / egg / father / good / he / head / here / if / leaf / liver / louse / many / other / river / sky / snake / thin / to dig / to drink / to fear / to flow / to hit / to hold (in hand) / to pull / to swell / to swim / to think / to throw / to tie / to wash / tongue / tooth (front rather than molar) / tree / two / year
79	V	14	-	i	Ø	-	Ø	Ø	Ø	i	Ø	Ø	i	Ø	Ø	Ø	Ø	-	Ø	Ø	Ø	Ø	Ø	i	Ø	Ø	Ø	-	i	Ø	a	ai	a	-	Ø	Ø	i	2407:1, 3073:4, 1218:2, 328:0, 687:1, 2621:1, 2897:1, 3139:1, 5245:0, 5322:1, 2751:1, 3044:5, 5134:3, 4256:0	big / dull (knife) / four / other / root / say / sharp (as knife) / small / smoke (of fire) / snake / to live / where? / wide / wing
48	V	9	-	-	Ø	Ø	Ø	Ø	e	-	Ø	Ø	Ø	Ø	Ø	Ø	Ø	Ø	Ø	Ø	Ø	Ø	-	i	Ø	Ø	Ø	Ø	-	Ø	Ø	Ø	Ø	Ø	Ø	-	Ø	1355:3, 1355:6, 467:5, 2906:7, 4925:3, 1218:5, 2598:4, 727:5, 1128:6	bone / ear / flower / four / hair / road (or trail) / short / two
37	V	7	-	-	Ø	Ø	Ø	Ø	Ø	Ø	Ø	Ø	Ø	Ø	Ø	Ø	Ø	Ø	Ø	Ø	Ø	Ø	Ø	ɨ	Ø	Ø	Ø	Ø	-	Ø	Ø	Ø	Ø	Ø	Ø	Ø	Ø	1347:5, 1958:6, 2700:2, 2959:5, 149:6, 1390:4, 1827:4	back (person's) / guts / hand / liver / meat (flesh) / salt / skin (person's)
187	V	7	-	-	o	o	ɛ	-	Ø	Ø	Ø	Ø	-	Ø	-	-	Ø	Ø	Ø	Ø	-	Ø	Ø	-	-	Ø	Ø	i	-	Ø	Ø	Ø	Ø	Ø	Ø	-	-	38:2, 4928:2, 2610:7, 3368:3, 3524:3, 4975:1, 2758:1	all (of a number) / root / say / that / this / two / water
212	V	7	-	a	Ø	Ø	Ø	Ø	Ø	Ø	Ø	o	Ø	Ø	i	Ø	a	-	Ø	Ø	Ø	Ø	Ø	a	Ø	Ø	a	Ø	a	Ø	a	u	aɯ	Ø	Ø	Ø	Ø	1508:0, 2787:1, 3469:1, 882:4, 2296:0, 3923:1, 4983:4	far / heart / not / sea (ocean) / thick / to fall (drop rather than topple) / water
82	V	6	-	-	Ø	-	Ø	Ø	Ø	Ø	Ø	Ø	-	Ø	Ø	Ø	Ø	Ø	Ø	Ø	Ø	Ø	Ø	-	Ø	Ø	Ø	Ø	a	Ø	Ø	Ø	Ø	Ø	Ø	-	-	1508:5, 4621:5, 1917:0, 3975:5, 2973:3, 3428:3	heart / man (male human) / sky / they / to float / to think
41	V	5	-	ʊ	Ø	Ø	Ø	Ø	Ø	Ø	Ø	Ø	Ø	Ø	Ø	Ø	Ø	Ø	Ø	Ø	Ø	Ø	Ø	u	Ø	Ø	Ø	Ø	u	Ø	Ø	Ø	Ø	Ø	Ø	Ø	Ø	467:0, 3340:0, 3396:2, 3831:0, 3272:3	bone / straight / tail / there / to drink
227	V	5	-	-	Ø	u	Ø	Ø	Ø	Ø	Ø	i	iː	o	a	Ø	Ø	-	Ø	o	Ø	Ø	Ø	-	Ø	i	Ø	Ø	-	Ø	-	o	-	Ø	Ø	-	u	468:1, 1396:4, 1572:3, 2375:1, 3012:2	bone / hand / here / one / sleep
178	V	4	-	-	-	Ø	Ø	Ø	Ø	Ø	Ø	Ø	Ø	Ø	Ø	Ø	Ø	Ø	Ø	Ø	Ø	-	Ø	-	Ø	Ø	Ø	Ø	i	Ø	Ø	Ø	Ø	Ø	Ø	Ø	-	1984:6, 3621:3, 4452:3, 4845:3	mother / to bite / to spit / tooth (front rather than molar)
190	V	3	-	Ø	Ø	Ø	-	Ø	Ø	Ø	Ø	Ø	-	Ø	Ø	ɨ	Ø	Ø	Ø	Ø	ɨ	Ø	Ø	Ø	Ø	Ø	Ø	Ø	-	Ø	Ø	Ø	Ø	-	Ø	-	-	676:2, 2886:2, 1435:2	dull (knife) / he / sharp (as knife)
203	V	3	-	-	Ø	Ø	Ø	Ø	Ø	Ø	Ø	o	Ø	Ø	o	Ø	Ø	Ø	Ø	Ø	Ø	Ø	Ø	-	Ø	Ø	Ø	Ø	-	Ø	o	a	o	Ø	Ø	Ø	Ø	2164:5, 3301:2, 4556:3	neck / sun / to suck
161	V	2	-	ɨ	Ø	Ø	Ø	Ø	Ø	Ø	Ø	Ø	Ø	Ø	Ø	Ø	Ø	Ø	Ø	Ø	Ø	Ø	Ø	-	Ø	Ø	Ø	Ø	e	Ø	Ø	Ø	Ø	Ø	Ø	Ø	Ø	216:4, 1852:0	bark / long
162	V	2	-	ɨ	Ø	Ø	Ø	Ø	Ø	Ø	Ø	Ø	Ø	Ø	Ø	Ø	Ø	Ø	Ø	Ø	Ø	Ø	Ø	-	Ø	Ø	Ø	Ø	-	Ø	Ø	Ø	Ø	Ø	Ø	Ø	Ø	381:5, 2608:6	black / root
172	V	2	-	ʊ	Ø	Ø	Ø	Ø	Ø	Ø	Ø	Ø	Ø	Ø	Ø	Ø	Ø	Ø	Ø	Ø	Ø	Ø	Ø	u	Ø	Ø	Ø	Ø	-	Ø	Ø	Ø	Ø	Ø	Ø	Ø	Ø	3073:10, 4526:5	smoke (of fire) / to stand
188	V	2	-	Ø	Ø	a	Ø	Ø	Ø	Ø	Ø	Ø	a	Ø	Ø	-	Ø	Ø	Ø	Ø	-	i	Ø	-	Ø	Ø	Ø	Ø	-	Ø	Ø	Ø	Ø	Ø	Ø	Ø	ɨ	3522:1, 5202:5	this / who?
240	V	1	-	-	Ø	Ø	Ø	Ø	-	Ø	Ø	Ø	Ø	Ø	Ø	Ø	Ø	Ø	Ø	Ø	Ø	Ø	Ø	i	Ø	Ø	Ø	Ø	i	Ø	Ø	Ø	Ø	Ø	Ø	Ø	Ø	99:6	ashes
242	V	1	-	-	Ø	Ø	Ø	Ø	Ø	Ø	Ø	Ø	Ø	Ø	Ø	Ø	Ø	Ø	Ø	Ø	Ø	Ø	Ø	ɨ	Ø	Ø	Ø	Ø	e	Ø	Ø	Ø	Ø	Ø	Ø	Ø	Ø	216:2	bark
276	V	1	-	oʊ	Ø	Ø	Ø	Ø	Ø	Ø	Ø	Ø	Ø	Ø	Ø	Ø	Ø	Ø	Ø	Ø	Ø	Ø	Ø	-	Ø	Ø	Ø	Ø	-	Ø	Ø	Ø	Ø	Ø	Ø	Ø	Ø	1316:6	green
279	V	1	-	-	Ø	Ø	Ø	Ø	Ø	Ø	Ø	Ø	Ø	Ø	Ø	Ø	Ø	Ø	Ø	Ø	Ø	Ø	Ø	a	Ø	Ø	Ø	Ø	e	Ø	Ø	Ø	Ø	Ø	Ø	Ø	Ø	1465:3	head
342	V	1	-	a	Ø	Ø	Ø	Ø	Ø	Ø	Ø	Ø	Ø	Ø	Ø	Ø	Ø	Ø	Ø	Ø	Ø	Ø	Ø	i	Ø	Ø	Ø	Ø	i	Ø	Ø	Ø	Ø	Ø	Ø	Ø	Ø	2366:1	one
354	V	1	-	-	Ø	Ø	Ø	Ø	Ø	Ø	Ø	Ø	Ø	Ø	Ø	Ø	Ø	Ø	Ø	Ø	Ø	Ø	Ø	Ø	Ø	Ø	Ø	Ø	u	Ø	Ø	Ø	Ø	Ø	Ø	Ø	Ø	2671:2	rotten (especially log)
384	V	1	-	i	Ø	Ø	Ø	Ø	Ø	Ø	Ø	Ø	Ø	Ø	Ø	Ø	Ø	Ø	Ø	Ø	Ø	Ø	Ø	i	Ø	Ø	Ø	Ø	-	Ø	Ø	Ø	Ø	Ø	Ø	Ø	Ø	3073:8	smoke (of fire)
396	V	1	-	a	Ø	Ø	Ø	Ø	Ø	Ø	Ø	Ø	Ø	Ø	Ø	Ø	Ø	Ø	Ø	Ø	Ø	Ø	Ø	-	Ø	Ø	Ø	Ø	-	Ø	Ø	Ø	Ø	Ø	Ø	Ø	Ø	3171:3	star
402	V	1	-	a	Ø	Ø	Ø	Ø	Ø	Ø	Ø	e	Ø	Ø	Ø	Ø	Ø	Ø	Ø	Ø	Ø	Ø	Ø	ei	Ø	Ø	Ø	Ø	a	Ø	Ø	Ø	Ø	Ø	Ø	Ø	Ø	3301:4	sun
463	V	1	-	-	Ø	Ø	Ø	Ø	Ø	Ø	Ø	Ø	Ø	Ø	Ø	Ø	Ø	Ø	Ø	Ø	Ø	Ø	Ø	-	Ø	Ø	-	Ø	-	Ø	Ø	Ø	Ø	Ø	Ø	e	Ø	4166:5	to kill
485	V	1	-	a	Ø	Ø	Ø	Ø	Ø	Ø	Ø	Ø	Ø	Ø	Ø	Ø	Ø	Ø	Ø	Ø	Ø	Ø	Ø	ɨ	Ø	Ø	Ø	Ø	a	Ø	Ø	Ø	Ø	Ø	Ø	Ø	Ø	4621:0	to think
496	V	1	-	Ø	Ø	Ø	Ø	Ø	Ø	Ø	Ø	Ø	Ø	Ø	Ø	Ø	Ø	Ø	Ø	Ø	Ø	o	Ø	-	Ø	Ø	Ø	Ø	-	Ø	Ø	Ø	Ø	Ø	Ø	Ø	Ø	4845:0	tooth (front rather than molar)
536	V	1	-	ɨ	Ø	Ø	Ø	Ø	Ø	Ø	Ø	Ø	Ø	Ø	Ø	Ø	Ø	Ø	Ø	Ø	Ø	Ø	Ø	ɨ	Ø	Ø	Ø	Ø	-	Ø	Ø	Ø	Ø	Ø	Ø	Ø	Ø	5309:5	wing
218	C	9	ʃ	ʃ	Ø	s	Ø	Ø	t	-	Ø	Ø	-	Ø	Ø	Ø	Ø	s	Ø	Ø	Ø	Ø	ˀk	ʃ	Ø	Ø	Ø	-	ʃ	Ø	ɲ	ɲ	ɲ	Ø	Ø	ts	-	35:2, 2221:2, 727:4, 1355:5, 1917:2, 2758:6, 3044:0, 4323:0, 4818:4	all (of a number) / ear / hair / man (male human) / night / say / small / to push / tongue
49	C	11	ŋ	ŋ	Ø	Ø	Ø	Ø	Ø	n	Ø	Ø	Ø	Ø	-	Ø	Ø	Ø	Ø	Ø	Ø	Ø	n	ŋ	Ø	Ø	Ø	Ø	n	Ø	Ø	Ø	Ø	Ø	Ø	Ø	Ø	771:2, 1255:2, 2608:2, 4685:2, 5231:2, 1158:4, 1917:5, 1958:4, 87:2, 523:4, 1128:2	animal / cloud / earth (soil) / flower / fog / good / man (male human) / meat (flesh) / root / to tie / wide
1	C	20	Ø	Ø	Ø	Ø	kʰ	Ø	Ø	Ø	Ø	Ø	Ø	Ø	Ø	k	Ø	Ø	Ø	Ø	k	Ø	Ø	Ø	Ø	Ø	Ø	Ø	Ø	Ø	Ø	Ø	Ø	Ø	Ø	Ø	Ø	383:0, 469:3, 556:0, 939:0, 1022:0, 1285:3, 1854:0, 2223:3, 2356:0, 2673:3, 3014:0, 3100:5, 3173:3, 3275:3, 3914:2, 4039:2, 4301:5, 4325:7, 4929:0, 5233:0	black / bone / day (opposite of night rather than time measure) / father / fire / grass / long / night / old / rotten (especially log) / sleep / smooth / star / straight / to fall (drop rather than topple) / to give / to pull / to push / two / wide
31	C	20	Ø	Ø	ʃ	k	tsʰ	Ø	Ø	Ø	Ø	Ø	w	Ø	Ø	s	Ø	Ø	Ø	Ø	ts	Ø	Ø	Ø	Ø	Ø	Ø	Ø	Ø	Ø	Ø	Ø	Ø	Ø	Ø	Ø	k	676:0, 1095:3, 1159:2, 1285:0, 2001:0, 2368:0, 2409:0, 2859:3, 2886:0, 3274:0, 3710:0, 3815:0, 4404:3, 4492:0, 4623:2, 1391:4, 5162:1, 5162:3, 2672:4, 4256:1	dull (knife) / five / fog / grass / hand / mother / one / other / rotten (especially log) / seed / sharp (as knife) / straight / to come / to dig / to live / to sing / to squeeze / to think / white
12	C	17	Ø	Ø	Ø	Ø	p	Ø	Ø	Ø	Ø	Ø	Ø	Ø	n	b	Ø	Ø	Ø	Ø	b	b	Ø	Ø	Ø	Ø	Ø	Ø	Ø	Ø	Ø	Ø	Ø	Ø	Ø	Ø	Ø	101:0, 260:3, 469:0, 906:0, 1510:3, 2035:0, 2859:0, 2908:0, 3303:4, 3342:0, 4069:3, 4257:0, 5260:3, 5412:4, 5476:5, 2195:0, 2610:0	ashes / belly / bone / fat (organic substance) / heart / mountain / new / root / seed / short / sun / tail / to hear / to live / wife / worm / year
14	C	15	Ø	Ø	Ø	Ø	Ø	Ø	Ø	Ø	Ø	Ø	Ø	Ø	Ø	Ø	Ø	b	p	Ø	Ø	Ø	Ø	Ø	Ø	Ø	Ø	Ø	Ø	Ø	b	b	b	Ø	Ø	Ø	Ø	274:2, 1838:0, 1899:1, 2541:2, 2687:2, 3378:0, 3408:0, 3723:0, 4484:0, 4668:0, 1572:0, 3529:0, 5208:0, 5503:0, 1745:2	belly / here / leaf / liver / louse / right (hand) / rotten (especially log) / that / there / this / to come / to split / to throw / who? / yellow
19	C	11	Ø	Ø	Ø	Ø	β	Ø	Ø	Ø	Ø	Ø	Ø	Ø	Ø	β	Ø	Ø	Ø	Ø	β	Ø	Ø	Ø	Ø	Ø	Ø	Ø	Ø	Ø	Ø	Ø	Ø	p	Ø	Ø	Ø	131:0, 383:3, 587:3, 677:0, 1318:5, 3117:3, 3276:0, 3750:2, 3778:0, 3986:3, 4147:5	at / black / dirty / dull (knife) / green / smooth / straight / to cut / to die / to flow / to hunt (game)
207	C	11	Ø	d	Ø	Ø	t	tʃ	Ø	t	dz	Ø	Ø	t	Ø	d	Ø	Ø	Ø	Ø	d	Ø	t	Ø	Ø	Ø	Ø	Ø	Ø	Ø	θ	θ	t	Ø	Ø	Ø	Ø	666:0, 2687:0, 2709:2, 4138:2, 4310:0, 4862:1, 5183:1, 1130:0, 1468:2, 3429:0, 4846:0	dry (substance) / flower / head / rotten (especially log) / salt / they / to hold (in hand) / to pull / tooth (front rather than molar) / white
94	C	10	Ø	Ø	Ø	Ø	t	Ø	Ø	Ø	-	Ø	Ø	Ø	Ø	d	Ø	tʲ	Ø	Ø	d	td	Ø	Ø	Ø	Ø	Ø	Ø	Ø	Ø	d	d	d	Ø	Ø	Ø	Ø	2266:0, 3477:2, 905:0, 3623:4, 3815:5, 3833:1, 4704:0, 1441:0, 2373:0, 3588:0	fat (organic substance) / he / nose / one / thick / three / to bite / to dig / to drink / to tie
28	C	9	Ø	Ø	w	Ø	ʔ	Ø	Ø	Ø	Ø	Ø	Ø	Ø	Ø	-	Ø	Ø	Ø	Ø	ʔ	Ø	Ø	Ø	Ø	Ø	Ø	Ø	Ø	Ø	Ø	Ø	Ø	Ø	Ø	Ø	Ø	260:2, 1599:2, 1664:0, 1829:1, 2908:3, 3623:2, 3815:3, 4848:1, 1391:1	belly / hand / how / if / liver / short / to bite / to dig / tooth (front rather than molar)
29	C	9	Ø	Ø	-	Ø	-	Ø	Ø	Ø	Ø	Ø	Ø	Ø	Ø	n	Ø	Ø	Ø	Ø	-	Ø	Ø	Ø	Ø	Ø	Ø	Ø	Ø	Ø	Ø	Ø	Ø	Ø	Ø	Ø	Ø	586:7, 587:5, 2298:4, 3045:4, 3045:6, 3100:7, 3117:5, 5233:6, 5162:6	dirty / not / small / smooth / white / wide
210	C	9	Ø	Ø	Ø	n	ɲ	n	Ø	Ø	Ø	t	n	n	Ø	n	Ø	Ø	Ø	Ø	n	Ø	Ø	Ø	n	Ø	Ø	n	Ø	Ø	-	-	-	n	Ø	Ø	n	586:3, 773:3, 1565:0, 3045:0, 3128:3, 4928:0, 3524:1, 4888:0, 5020:3	dirty / earth (soil) / here / small / snake / this / tree / two / we
52	C	8	Ø	Ø	Ø	Ø	Ø	Ø	Ø	-	Ø	Ø	Ø	Ø	Ø	Ø	Ø	-	Ø	Ø	Ø	Ø	Ø	Ø	Ø	Ø	Ø	Ø	Ø	Ø	dʒ	dʒ	dʒ	Ø	Ø	Ø	Ø	328:2, 534:2, 1165:2, 3085:2, 3510:0, 4442:2, 5245:2, 2792:5	big / cloud / fog / sea (ocean) / smoke (of fire) / thin / to smell (perceive odor) / wide
53	C	8	Ø	Ø	Ø	Ø	-	Ø	Ø	Ø	Ø	Ø	Ø	-	Ø	h	Ø	Ø	Ø	Ø	h	h	Ø	Ø	Ø	Ø	Ø	Ø	Ø	Ø	Ø	Ø	Ø	Ø	Ø	Ø	Ø	586:0, 773:0, 1510:0, 3128:0, 4573:0, 5412:0, 2256:2, 3370:0	dirty / earth (soil) / heart / nose / snake / that / to swell / worm
177	C	8	Ø	Ø	m	m	Ø	Ø	Ø	Ø	Ø	Ø	m	m	Ø	Ø	Ø	Ø	Ø	m	Ø	Ø	Ø	Ø	Ø	m	Ø	Ø	Ø	Ø	Ø	Ø	Ø	Ø	Ø	Ø	m	3013:0, 4167:1, 5475:1, 834:2, 1734:3, 2375:3, 2672:0, 5354:0	eye / leaf / one / rotten (especially log) / sleep / to kill / woman / year
26	C	7	Ø	Ø	Ø	Ø	h	Ø	Ø	Ø	Ø	Ø	Ø	Ø	Ø	k	Ø	Ø	Ø	Ø	k	Ø	Ø	Ø	Ø	Ø	Ø	Ø	Ø	Ø	Ø	Ø	Ø	Ø	Ø	Ø	Ø	469:2, 1285:2, 2223:2, 2977:2, 3275:2, 4039:1, 4129:1	bone / grass / night / sky / straight / to give / to hold (in hand)
27	C	7	Ø	Ø	Ø	Ø	ɾ	Ø	Ø	Ø	Ø	Ø	Ø	Ø	Ø	r	Ø	Ø	Ø	Ø	r	Ø	Ø	Ø	Ø	Ø	Ø	Ø	Ø	Ø	Ø	Ø	Ø	Ø	Ø	Ø	Ø	905:3, 1566:0, 2908:5, 3173:5, 3750:4, 4573:3, 5233:2	fat (organic substance) / here / short / star / to cut / to swell / wide
123	C	7	Ø	Ø	m	m	m	Ø	Ø	Ø	Ø	Ø	-	Ø	Ø	m	Ø	m̥	Ø	Ø	m	Ø	Ø	Ø	Ø	Ø	Ø	Ø	Ø	Ø	m	m	m	Ø	Ø	Ø	Ø	1439:3, 2986:4, 3441:3, 2090:2, 3226:1, 4887:1, 4975:0	he / name / sky / stick (of wood) / they / tree / water
36	C	6	Ø	Ø	Ø	Ø	tʃ	Ø	Ø	Ø	Ø	Ø	Ø	Ø	Ø	g	Ø	Ø	Ø	Ø	g	Ø	Ø	Ø	Ø	Ø	Ø	Ø	Ø	Ø	Ø	Ø	Ø	Ø	Ø	Ø	Ø	102:0, 704:0, 3946:1, 4069:0, 4301:0, 4756:1	ashes / dust / to fear / to hear / to pull / to walk
70	C	6	Ø	Ø	Ø	Ø	h	Ø	Ø	Ø	Ø	Ø	Ø	-	Ø	-	Ø	Ø	Ø	Ø	-	Ø	Ø	Ø	Ø	Ø	Ø	Ø	Ø	Ø	Ø	Ø	Ø	Ø	Ø	Ø	Ø	773:5, 955:2, 4848:5, 5053:2, 5476:2, 1178:0	earth (soil) / feather (larger feathers rather than down) / foot / tooth (front rather than molar) / wet / year
186	C	6	Ø	Ø	Ø	ɾ	Ø	Ø	Ø	Ø	Ø	Ø	r	Ø	Ø	Ø	Ø	Ø	Ø	Ø	Ø	Ø	Ø	Ø	Ø	Ø	Ø	Ø	Ø	Ø	-	Ø	-	r	Ø	ɻ	r	2161:1, 4453:1, 5110:6, 5475:3, 1603:4, 3681:3	how / neck / to breathe / to spit / when? / year
72	C	5	Ø	Ø	-	Ø	h	Ø	Ø	Ø	Ø	Ø	Ø	Ø	Ø	-	Ø	Ø	Ø	Ø	t	Ø	Ø	Ø	Ø	Ø	Ø	Ø	Ø	Ø	Ø	Ø	Ø	Ø	Ø	Ø	Ø	1159:1, 2859:2, 4404:2, 4623:1, 1391:3	fog / hand / seed / to sing / to think
98	C	5	Ø	Ø	Ø	Ø	Ø	Ø	Ø	Ø	ts	Ø	Ø	Ø	Ø	Ø	Ø	-	Ø	Ø	Ø	Ø	Ø	Ø	Ø	Ø	Ø	Ø	Ø	Ø	-	h	-	Ø	Ø	Ø	Ø	603:0, 3114:2, 4273:2, 2373:2, 3588:2	dirty / one / smooth / three / to live
229	C	5	Ø	Ø	Ø	n	tsʰ	Ø	Ø	-	Ø	n	n	n	n	n	Ø	n̥	Ø	n	ts	Ø	-	Ø	Ø	Ø	Ø	Ø	Ø	Ø	n	n	n	Ø	Ø	Ø	-	468:0, 1396:2, 2567:3, 2611:0, 3501:4	bone / hand / river / root / thin
61	C	4	Ø	Ø	Ø	Ø	hʲ	Ø	Ø	Ø	Ø	Ø	Ø	Ø	Ø	h	Ø	Ø	Ø	Ø	h	Ø	Ø	Ø	Ø	Ø	Ø	Ø	Ø	Ø	Ø	Ø	Ø	Ø	Ø	Ø	Ø	102:3, 704:3, 1664:6, 2051:0	ashes / dust / if / mouth
63	C	4	Ø	Ø	Ø	Ø	tʰʲ	Ø	Ø	Ø	Ø	Ø	Ø	Ø	Ø	tʲ	Ø	Ø	Ø	Ø	t	Ø	Ø	Ø	Ø	Ø	Ø	Ø	Ø	Ø	Ø	Ø	Ø	Ø	Ø	Ø	Ø	309:2, 1318:3, 1933:2, 2822:3	big / green / many / see
67	C	4	Ø	Ø	Ø	Ø	-	Ø	Ø	Ø	Ø	Ø	Ø	Ø	Ø	j	Ø	Ø	Ø	Ø	-	Ø	Ø	Ø	Ø	Ø	Ø	Ø	Ø	Ø	Ø	Ø	Ø	Ø	Ø	Ø	Ø	2506:3, 2528:3, 4301:3, 4325:4	right (correct) / right (hand) / to pull / to push
68	C	4	Ø	Ø	Ø	Ø	kʰʲ	Ø	Ø	Ø	Ø	Ø	Ø	Ø	Ø	k	Ø	Ø	Ø	Ø	k	Ø	Ø	Ø	Ø	Ø	Ø	Ø	Ø	Ø	Ø	Ø	Ø	Ø	Ø	Ø	Ø	2977:3, 4129:2, 4659:2, 5476:3	sky / to hold (in hand) / to throw / year
83	C	4	Ø	Ø	Ø	Ø	Ø	Ø	Ø	Ø	Ø	Ø	Ø	Ø	Ø	Ø	Ø	-	Ø	Ø	Ø	Ø	Ø	-	Ø	Ø	Ø	Ø	Ø	Ø	-	r	-	Ø	Ø	Ø	Ø	562:1, 4762:4, 787:3, 4363:3	day (opposite of night rather than time measure) / earth (soil) / to rub / to walk
193	C	4	Ø	Ø	Ø	Ø	Ø	-	Ø	ʔ	Ø	Ø	Ø	Ø	Ø	Ø	Ø	ʔ	Ø	Ø	Ø	Ø	ʔ	Ø	Ø	Ø	Ø	Ø	Ø	Ø	-	-	-	Ø	Ø	Ø	Ø	629:2, 4640:2, 5085:5, 1468:4	dog / head / to think / what?
232	C	4	Ø	Ø	tʃ	Ø	h	Ø	Ø	Ø	Ø	Ø	s	Ø	Ø	s	Ø	dʲ	Ø	Ø	t	Ø	Ø	Ø	Ø	Ø	Ø	Ø	Ø	Ø	ɸ	ɸ	p	Ø	Ø	Ø	tʃ	221:1, 2701:1, 3501:2, 5289:4	bark / salt / thin / wind
84	C	3	Ø	Ø	Ø	Ø	tʰʲ	Ø	Ø	Ø	Ø	Ø	Ø	Ø	Ø	t	Ø	Ø	Ø	Ø	t	Ø	Ø	Ø	Ø	Ø	Ø	Ø	Ø	Ø	Ø	Ø	Ø	Ø	Ø	Ø	Ø	185:0, 3430:0, 4782:3	bad (deleterious or unsuitable) / they / to wash
85	C	3	Ø	Ø	Ø	Ø	-	Ø	Ø	Ø	Ø	Ø	Ø	Ø	Ø	β	Ø	Ø	Ø	Ø	-	Ø	Ø	Ø	Ø	Ø	Ø	Ø	Ø	Ø	Ø	Ø	Ø	Ø	Ø	Ø	Ø	586:5, 2886:5, 4168:4	dirty / sharp (as knife) / to kill
86	C	3	Ø	Ø	Ø	Ø	-	Ø	Ø	Ø	Ø	Ø	Ø	Ø	Ø	b	Ø	Ø	Ø	Ø	-	Ø	Ø	Ø	Ø	Ø	Ø	Ø	Ø	Ø	Ø	Ø	Ø	Ø	Ø	Ø	Ø	587:0, 1985:6, 2356:5	dirty / mother / old
88	C	3	Ø	Ø	Ø	Ø	h	Ø	Ø	Ø	Ø	Ø	Ø	Ø	Ø	t	Ø	Ø	Ø	Ø	t	Ø	Ø	Ø	Ø	Ø	Ø	Ø	Ø	Ø	Ø	Ø	Ø	Ø	Ø	Ø	Ø	1318:2, 2822:2, 4782:2	green / see / to wash
89	C	3	Ø	Ø	Ø	Ø	-	Ø	Ø	Ø	Ø	Ø	Ø	Ø	Ø	ʔ	Ø	Ø	Ø	Ø	-	Ø	Ø	Ø	Ø	Ø	Ø	Ø	Ø	Ø	Ø	Ø	Ø	Ø	Ø	Ø	Ø	1776:4, 2702:3, 4977:5	left (hand) / salt / water
90	C	3	Ø	Ø	Ø	Ø	h	Ø	Ø	Ø	Ø	Ø	Ø	Ø	Ø	-	Ø	Ø	Ø	Ø	p	Ø	Ø	Ø	Ø	Ø	Ø	Ø	Ø	Ø	Ø	Ø	Ø	Ø	Ø	Ø	Ø	2410:0, 2463:0, 4977:0	other / red / water
92	C	3	Ø	Ø	Ø	Ø	-	Ø	Ø	Ø	Ø	Ø	Ø	Ø	Ø	k	Ø	Ø	Ø	Ø	-	Ø	Ø	Ø	Ø	Ø	Ø	Ø	Ø	Ø	Ø	Ø	Ø	Ø	Ø	Ø	Ø	3750:7, 4929:1, 5233:4	to cut / two / wide
76	C	2	Ø	Ø	Ø	Ø	Ø	Ø	Ø	Ø	Ø	n	Ø	Ø	n	Ø	Ø	-	Ø	Ø	Ø	-	Ø	Ø	Ø	Ø	Ø	Ø	Ø	Ø	-	-	-	-	Ø	Ø	Ø	2164:2, 2303:0	neck / not
101	C	2	Ø	Ø	Ø	-	Ø	Ø	Ø	Ø	Ø	-	-	-	Ø	Ø	Ø	Ø	Ø	Ø	Ø	Ø	Ø	Ø	Ø	Ø	Ø	-	Ø	Ø	Ø	Ø	Ø	-	Ø	Ø	k	4888:2, 5082:4	tree / what?
120	C	2	Ø	Ø	Ø	Ø	ʔ	Ø	Ø	Ø	Ø	Ø	Ø	-	Ø	-	Ø	Ø	Ø	Ø	-	Ø	Ø	Ø	Ø	Ø	ʔ	Ø	Ø	Ø	Ø	Ø	Ø	Ø	Ø	Ø	Ø	835:0, 1736:3	eye / leaf
124	C	2	Ø	Ø	Ø	Ø	Ø	Ø	Ø	Ø	Ø	-	Ø	Ø	-	Ø	Ø	Ø	-	Ø	Ø	Ø	Ø	Ø	Ø	Ø	Ø	Ø	Ø	Ø	-	-	ɾ	Ø	Ø	Ø	Ø	1745:0, 2164:8	leaf / neck
133	C	2	Ø	Ø	Ø	Ø	ʔ	Ø	Ø	Ø	Ø	Ø	Ø	Ø	Ø	h	Ø	Ø	Ø	Ø	ʔ	Ø	Ø	Ø	Ø	Ø	Ø	Ø	Ø	Ø	Ø	Ø	Ø	Ø	Ø	Ø	Ø	676:3, 4704:3	dull (knife) / to tie
134	C	2	Ø	Ø	Ø	Ø	h	Ø	Ø	Ø	Ø	Ø	Ø	Ø	Ø	-	Ø	Ø	Ø	Ø	h	Ø	Ø	Ø	Ø	Ø	Ø	Ø	Ø	Ø	Ø	Ø	Ø	Ø	Ø	Ø	Ø	676:4, 4704:4	dull (knife) / to tie
135	C	2	Ø	Ø	Ø	Ø	ʔ	Ø	Ø	Ø	Ø	Ø	Ø	Ø	Ø	h	Ø	Ø	Ø	Ø	h	Ø	Ø	Ø	Ø	Ø	Ø	Ø	Ø	Ø	Ø	Ø	Ø	Ø	Ø	Ø	Ø	955:1, 2886:3	feather (larger feathers rather than down) / sharp (as knife)
138	C	2	Ø	Ø	Ø	Ø	-	Ø	Ø	Ø	Ø	Ø	Ø	Ø	Ø	-	Ø	Ø	Ø	Ø	t	Ø	Ø	Ø	Ø	Ø	Ø	Ø	Ø	Ø	Ø	Ø	Ø	Ø	Ø	Ø	Ø	1179:0, 1179:1	foot
139	C	2	Ø	Ø	Ø	Ø	pʲ	Ø	Ø	Ø	Ø	Ø	Ø	Ø	Ø	b	Ø	Ø	Ø	Ø	b	Ø	Ø	Ø	Ø	Ø	Ø	Ø	Ø	Ø	Ø	Ø	Ø	Ø	Ø	Ø	Ø	1443:0, 2643:4	he / rope
140	C	2	Ø	Ø	Ø	Ø	h	Ø	Ø	Ø	Ø	Ø	Ø	Ø	Ø	tʃ	Ø	Ø	Ø	Ø	tʃ	Ø	Ø	Ø	Ø	Ø	Ø	Ø	Ø	Ø	Ø	Ø	Ø	Ø	Ø	Ø	Ø	1664:2, 3866:2	if / to eat
141	C	2	Ø	Ø	Ø	Ø	tʃʰ	Ø	Ø	Ø	Ø	Ø	Ø	Ø	Ø	tʃ	Ø	Ø	Ø	Ø	tʃ	Ø	Ø	Ø	Ø	Ø	Ø	Ø	Ø	Ø	Ø	Ø	Ø	Ø	Ø	Ø	Ø	1664:3, 3866:3	if / to eat
142	C	2	Ø	Ø	Ø	Ø	Ø	Ø	Ø	Ø	Ø	Ø	Ø	Ø	Ø	Ø	Ø	Ø	Ø	Ø	Ø	Ø	Ø	Ø	Ø	Ø	Ø	Ø	Ø	Ø	-	d	-	Ø	Ø	Ø	Ø	1669:0, 5248:0	if / wide
144	C	2	Ø	Ø	Ø	Ø	-	Ø	Ø	Ø	Ø	Ø	Ø	Ø	Ø	g	Ø	Ø	Ø	Ø	-	Ø	Ø	Ø	Ø	Ø	Ø	Ø	Ø	Ø	Ø	Ø	Ø	Ø	Ø	Ø	Ø	1776:6, 3750:0	left (hand) / to cut
145	C	2	Ø	Ø	Ø	Ø	Ø	Ø	Ø	Ø	Ø	Ø	Ø	Ø	Ø	Ø	Ø	Ø	Ø	Ø	Ø	Ø	Ø	Ø	Ø	Ø	Ø	Ø	Ø	Ø	n	h	n	Ø	Ø	Ø	Ø	1787:8, 2541:6	left (hand) / right (hand)
153	C	2	Ø	Ø	Ø	Ø	j	Ø	Ø	Ø	Ø	Ø	Ø	Ø	Ø	j	Ø	Ø	Ø	Ø	j	Ø	Ø	Ø	Ø	Ø	Ø	Ø	Ø	Ø	Ø	Ø	Ø	Ø	Ø	Ø	Ø	2726:0, 4102:4	sand / to hit
155	C	2	Ø	Ø	Ø	Ø	β	Ø	Ø	Ø	Ø	Ø	Ø	Ø	Ø	-	Ø	Ø	Ø	Ø	-	Ø	Ø	Ø	Ø	Ø	Ø	Ø	Ø	Ø	Ø	Ø	Ø	Ø	Ø	Ø	Ø	2908:10, 4404:5	short / to sing
156	C	2	Ø	Ø	Ø	Ø	ts	Ø	Ø	Ø	Ø	Ø	Ø	Ø	Ø	g	Ø	Ø	Ø	Ø	g	Ø	Ø	Ø	Ø	Ø	Ø	Ø	Ø	Ø	Ø	Ø	Ø	Ø	Ø	Ø	Ø	3777:0, 4168:0	to die / to kill
158	C	2	Ø	Ø	Ø	Ø	h	Ø	Ø	Ø	Ø	Ø	Ø	Ø	Ø	s	Ø	Ø	Ø	Ø	ts	Ø	Ø	Ø	Ø	Ø	Ø	Ø	Ø	Ø	Ø	Ø	Ø	Ø	Ø	Ø	Ø	4595:1, 4687:2	to swim / to tie
159	C	2	Ø	Ø	Ø	Ø	tʃʰ	Ø	Ø	Ø	Ø	Ø	Ø	Ø	Ø	-	Ø	Ø	Ø	Ø	ts	Ø	Ø	Ø	Ø	Ø	Ø	Ø	Ø	Ø	Ø	Ø	Ø	Ø	Ø	Ø	Ø	4595:2, 4687:3	to swim / to tie
166	C	2	Ø	Ø	s	s	Ø	Ø	Ø	Ø	Ø	Ø	s	Ø	Ø	Ø	Ø	Ø	Ø	Ø	Ø	Ø	Ø	Ø	Ø	Ø	Ø	Ø	Ø	Ø	Ø	Ø	Ø	Ø	Ø	Ø	s	1284:4, 1889:0	grass / louse
168	C	2	Ø	Ø	Ø	Ø	Ø	Ø	Ø	Ø	Ø	Ø	Ø	Ø	Ø	Ø	Ø	ʔ	Ø	Ø	Ø	Ø	Ø	Ø	Ø	Ø	Ø	Ø	Ø	Ø	ɸ	-	p	Ø	Ø	Ø	Ø	1439:1, 2032:3	he / mountain
173	C	2	Ø	Ø	Ø	Ø	Ø	Ø	Ø	Ø	Ø	Ø	Ø	Ø	Ø	Ø	Ø	-	Ø	Ø	Ø	Ø	Ø	Ø	Ø	Ø	Ø	Ø	Ø	Ø	-	-	d	Ø	Ø	Ø	Ø	3378:2, 3529:2	that / this
175	C	2	Ø	Ø	Ø	Ø	Ø	Ø	Ø	Ø	Ø	Ø	Ø	Ø	Ø	Ø	Ø	-	Ø	Ø	Ø	Ø	Ø	Ø	Ø	Ø	Ø	Ø	Ø	Ø	d	t	d	Ø	Ø	Ø	Ø	4215:3, 4762:6	to know (facts) / to walk
197	C	2	Ø	Ø	h	h	Ø	Ø	Ø	Ø	Ø	Ø	-	Ø	Ø	Ø	Ø	Ø	Ø	Ø	Ø	Ø	Ø	Ø	Ø	-	Ø	Ø	Ø	Ø	Ø	Ø	Ø	Ø	Ø	Ø	-	1284:0, 4847:4	grass / tooth (front rather than molar)
198	C	2	Ø	Ø	h	h	Ø	Ø	Ø	Ø	Ø	Ø	h	Ø	Ø	Ø	Ø	Ø	Ø	Ø	Ø	Ø	Ø	Ø	Ø	Ø	Ø	Ø	Ø	Ø	h	ɸ	h	s	Ø	Ø	h	954:2, 3663:0	feather (larger feathers rather than down) / to blow (of wind)
205	C	2	Ø	Ø	h	h	Ø	Ø	Ø	Ø	Ø	Ø	h	Ø	Ø	Ø	Ø	Ø	Ø	Ø	Ø	Ø	Ø	Ø	Ø	Ø	Ø	Ø	Ø	Ø	Ø	Ø	Ø	Ø	Ø	Ø	hʷ	2701:3, 4068:2	salt / to hear
216	C	2	Ø	Ø	Ø	Ø	Ø	Ø	Ø	Ø	Ø	Ø	Ø	-	Ø	Ø	Ø	Ø	Ø	-	Ø	Ø	Ø	Ø	Ø	s	Ø	Ø	Ø	Ø	-	-	-	Ø	Ø	Ø	Ø	2375:2, 5370:1	one / woman
217	C	2	Ø	Ø	Ø	Ø	h	Ø	Ø	Ø	Ø	ʔ	Ø	Ø	ʔ	ʔ	Ø	-	Ø	Ø	-	Ø	Ø	Ø	Ø	Ø	Ø	Ø	Ø	Ø	Ø	Ø	Ø	Ø	Ø	Ø	Ø	2610:4, 4983:2	root / water
226	C	2	Ø	Ø	n	n	Ø	Ø	Ø	Ø	Ø	Ø	-	Ø	Ø	Ø	Ø	Ø	Ø	Ø	Ø	Ø	Ø	Ø	Ø	Ø	Ø	Ø	Ø	Ø	Ø	Ø	Ø	Ø	Ø	-	kʷ	3302:5, 3917:3	sun / to fall (drop rather than topple)
235	C	1	Ø	Ø	h	-	Ø	Ø	Ø	-	Ø	Ø	-	Ø	-	Ø	Ø	-	Ø	Ø	Ø	Ø	-	Ø	Ø	Ø	Ø	n	Ø	Ø	-	-	-	Ø	Ø	Ø	hʲ	2:2	I
244	C	1	Ø	Ø	Ø	Ø	Ø	Ø	-	Ø	Ø	Ø	Ø	Ø	Ø	Ø	Ø	Ø	Ø	Ø	Ø	Ø	Ø	Ø	Ø	Ø	Ø	Ø	Ø	Ø	Ø	Ø	Ø	Ø	ʃ	-	Ø	387:2	black
246	C	1	Ø	Ø	Ø	Ø	Ø	Ø	ɾ	Ø	Ø	Ø	Ø	Ø	Ø	Ø	Ø	Ø	Ø	Ø	Ø	Ø	Ø	Ø	Ø	Ø	Ø	Ø	Ø	Ø	Ø	Ø	Ø	Ø	l	ʎʷ	Ø	387:4	black
247	C	1	Ø	Ø	Ø	Ø	Ø	Ø	Ø	Ø	Ø	Ø	Ø	Ø	Ø	Ø	Ø	Ø	Ø	Ø	Ø	Ø	Ø	Ø	Ø	Ø	Ø	Ø	Ø	Ø	-	-	Ø	d	Ø	Ø	Ø	512:0	child (young person rather than as relationship term)
249	C	1	Ø	Ø	Ø	Ø	-	Ø	Ø	Ø	Ø	Ø	Ø	Ø	Ø	-	Ø	Ø	Ø	Ø	ʔ	Ø	Ø	Ø	Ø	Ø	Ø	Ø	Ø	Ø	Ø	Ø	Ø	Ø	Ø	Ø	Ø	619:0	dog
254	C	1	Ø	Ø	Ø	Ø	ʔʲ	Ø	Ø	Ø	Ø	Ø	Ø	Ø	Ø	j	Ø	Ø	Ø	Ø	ʔ	Ø	Ø	Ø	Ø	Ø	Ø	Ø	Ø	Ø	Ø	Ø	Ø	Ø	Ø	Ø	Ø	803:2	egg
256	C	1	Ø	Ø	h	h	Ø	Ø	Ø	Ø	Ø	Ø	h	Ø	Ø	Ø	Ø	Ø	Ø	Ø	Ø	Ø	Ø	Ø	Ø	Ø	Ø	Ø	Ø	Ø	Ø	Ø	Ø	Ø	Ø	Ø	hʲ	834:4	eye
257	C	1	Ø	Ø	j	-	Ø	Ø	Ø	Ø	Ø	Ø	-	Ø	Ø	Ø	Ø	Ø	Ø	Ø	Ø	Ø	Ø	Ø	Ø	Ø	Ø	Ø	Ø	Ø	Ø	Ø	Ø	Ø	Ø	Ø	-	834:5	eye
258	C	1	Ø	Ø	Ø	Ø	Ø	Ø	Ø	Ø	Ø	Ø	Ø	Ø	Ø	Ø	n	Ø	Ø	Ø	Ø	Ø	Ø	-	Ø	Ø	n	Ø	-	Ø	Ø	Ø	Ø	Ø	Ø	Ø	Ø	882:3	far
259	C	1	Ø	Ø	Ø	Ø	Ø	Ø	Ø	Ø	Ø	Ø	Ø	Ø	Ø	Ø	Ø	Ø	Ø	Ø	Ø	Ø	Ø	-	Ø	Ø	p	Ø	-	Ø	Ø	Ø	Ø	Ø	Ø	Ø	Ø	933:0	father
260	C	1	Ø	Ø	s	s	Ø	Ø	Ø	Ø	Ø	Ø	s	Ø	Ø	Ø	Ø	Ø	Ø	Ø	Ø	Ø	Ø	Ø	Ø	Ø	Ø	Ø	Ø	Ø	Ø	Ø	Ø	s	Ø	Ø	kʷ	954:4	feather (larger feathers rather than down)
262	C	1	Ø	Ø	Ø	Ø	Ø	Ø	Ø	Ø	Ø	Ø	Ø	Ø	Ø	Ø	Ø	Ø	Ø	Ø	Ø	Ø	Ø	Ø	Ø	Ø	Ø	Ø	Ø	Ø	-	-	k	Ø	Ø	Ø	Ø	1040:4	fire
264	C	1	Ø	Ø	Ø	Ø	h	Ø	Ø	Ø	Ø	Ø	Ø	Ø	Ø	-	Ø	Ø	Ø	Ø	ts	Ø	Ø	Ø	Ø	Ø	Ø	Ø	Ø	Ø	Ø	Ø	Ø	Ø	Ø	Ø	Ø	1095:2	five
272	C	1	Ø	Ø	Ø	h	Ø	Ø	Ø	Ø	Ø	Ø	j	Ø	Ø	Ø	Ø	Ø	Ø	Ø	Ø	Ø	Ø	Ø	Ø	Ø	Ø	Ø	Ø	Ø	Ø	Ø	Ø	Ø	Ø	Ø	j	1284:2	grass
277	C	1	Ø	Ø	Ø	Ø	Ø	Ø	Ø	Ø	Ø	-	Ø	-	g	Ø	Ø	-	Ø	Ø	Ø	Ø	Ø	Ø	Ø	Ø	Ø	Ø	Ø	Ø	-	dʒ	-	Ø	Ø	Ø	Ø	1396:5	hand
280	C	1	Ø	Ø	Ø	Ø	Ø	Ø	Ø	Ø	Ø	Ø	Ø	Ø	Ø	Ø	Ø	Ø	Ø	Ø	Ø	Ø	Ø	Ø	Ø	Ø	Ø	Ø	Ø	Ø	k	g	-	Ø	Ø	Ø	Ø	1486:3	head
281	C	1	Ø	Ø	Ø	k	Ø	Ø	Ø	Ø	Ø	Ø	n	Ø	Ø	Ø	Ø	Ø	Ø	Ø	Ø	Ø	Ø	Ø	Ø	Ø	Ø	Ø	Ø	Ø	Ø	Ø	Ø	Ø	Ø	Ø	k	1542:3	heavy
282	C	1	Ø	Ø	Ø	Ø	Ø	Ø	Ø	Ø	Ø	Ø	Ø	Ø	Ø	Ø	Ø	-	Ø	Ø	Ø	Ø	Ø	Ø	Ø	Ø	Ø	Ø	Ø	Ø	n	n	n	Ø	Ø	Ø	Ø	1572:2	here
283	C	1	Ø	Ø	Ø	Ø	Ø	Ø	Ø	Ø	Ø	Ø	Ø	Ø	Ø	Ø	Ø	-	Ø	Ø	Ø	Ø	Ø	Ø	Ø	Ø	Ø	Ø	Ø	Ø	-	m	-	Ø	Ø	Ø	Ø	1572:4	here
285	C	1	Ø	Ø	Ø	Ø	t	Ø	Ø	Ø	Ø	Ø	Ø	Ø	Ø	dʒ	Ø	Ø	Ø	Ø	-	Ø	Ø	Ø	Ø	Ø	Ø	Ø	Ø	Ø	Ø	Ø	Ø	Ø	Ø	Ø	Ø	1599:3	how
289	C	1	Ø	Ø	Ø	Ø	Ø	Ø	Ø	Ø	Ø	Ø	Ø	Ø	Ø	Ø	Ø	Ø	Ø	Ø	Ø	Ø	Ø	Ø	Ø	Ø	Ø	Ø	Ø	Ø	d	n	-	Ø	Ø	Ø	Ø	1669:3	if
291	C	1	Ø	Ø	n	Ø	Ø	Ø	Ø	Ø	Ø	Ø	-	Ø	Ø	Ø	Ø	Ø	Ø	n	Ø	Ø	Ø	Ø	Ø	Ø	Ø	Ø	Ø	Ø	Ø	Ø	Ø	Ø	Ø	Ø	-	1734:0	leaf
292	C	1	Ø	Ø	-	Ø	Ø	Ø	Ø	Ø	Ø	Ø	-	Ø	Ø	Ø	Ø	Ø	Ø	j	Ø	Ø	Ø	Ø	Ø	Ø	Ø	Ø	Ø	Ø	Ø	Ø	Ø	Ø	Ø	Ø	-	1734:5	leaf
293	C	1	Ø	Ø	Ø	Ø	Ø	Ø	Ø	Ø	Ø	Ø	Ø	Ø	Ø	Ø	Ø	Ø	Ø	Ø	Ø	Ø	Ø	Ø	Ø	Ø	Ø	Ø	Ø	Ø	ɸ	ɸ	-	Ø	Ø	Ø	Ø	1787:4	left (hand)
294	C	1	Ø	Ø	Ø	Ø	Ø	Ø	Ø	Ø	Ø	Ø	Ø	Ø	Ø	Ø	Ø	Ø	Ø	Ø	Ø	Ø	Ø	Ø	Ø	Ø	Ø	Ø	Ø	Ø	-	b	p	Ø	Ø	Ø	Ø	1787:6	left (hand)
297	C	1	Ø	Ø	Ø	w	Ø	Ø	Ø	Ø	Ø	Ø	w	Ø	Ø	Ø	Ø	Ø	Ø	Ø	Ø	Ø	Ø	Ø	Ø	Ø	Ø	Ø	Ø	Ø	Ø	Ø	Ø	Ø	Ø	Ø	w	1828:2	liver
299	C	1	Ø	Ø	Ø	Ø	Ø	Ø	Ø	Ø	Ø	Ø	Ø	Ø	Ø	Ø	Ø	Ø	Ø	Ø	Ø	Ø	Ø	Ø	Ø	Ø	Ø	Ø	Ø	Ø	-	-	h	Ø	Ø	Ø	Ø	1838:4	liver
303	C	1	Ø	Ø	kʷ	k	Ø	Ø	Ø	Ø	Ø	Ø	kʷ	Ø	Ø	Ø	Ø	Ø	Ø	Ø	Ø	Ø	Ø	Ø	Ø	Ø	Ø	Ø	Ø	Ø	Ø	Ø	Ø	Ø	Ø	Ø	k	1889:2	louse
304	C	1	Ø	Ø	h	h	Ø	Ø	Ø	Ø	Ø	Ø	h	Ø	Ø	Ø	Ø	Ø	Ø	Ø	Ø	Ø	Ø	Ø	Ø	Ø	Ø	Ø	Ø	Ø	Ø	Ø	Ø	Ø	Ø	Ø	w	1889:6	louse
305	C	1	Ø	Ø	Ø	Ø	n	Ø	Ø	Ø	Ø	Ø	Ø	Ø	Ø	ɲ	Ø	Ø	Ø	Ø	n	Ø	Ø	Ø	Ø	Ø	Ø	Ø	Ø	Ø	Ø	Ø	Ø	Ø	Ø	Ø	Ø	1890:4	louse
306	C	1	Ø	Ø	Ø	Ø	ʔʲ	Ø	Ø	Ø	Ø	Ø	Ø	Ø	Ø	ʔ	Ø	Ø	Ø	Ø	ʔ	Ø	Ø	Ø	Ø	Ø	Ø	Ø	Ø	Ø	Ø	Ø	Ø	Ø	Ø	Ø	Ø	1891:0	louse
307	C	1	Ø	Ø	Ø	Ø	Ø	Ø	Ø	Ø	Ø	Ø	Ø	Ø	Ø	Ø	Ø	Ø	-	Ø	Ø	Ø	Ø	Ø	Ø	Ø	Ø	Ø	Ø	Ø	dʒ	dʒ	-	Ø	Ø	Ø	Ø	1966:0	meat (flesh)
309	C	1	Ø	Ø	Ø	Ø	Ø	Ø	Ø	Ø	Ø	Ø	Ø	Ø	Ø	Ø	Ø	Ø	tʃ	Ø	Ø	Ø	Ø	Ø	Ø	Ø	Ø	Ø	Ø	Ø	-	θ	t	Ø	Ø	Ø	Ø	1966:4	meat (flesh)
312	C	1	Ø	Ø	Ø	Ø	ɾ	Ø	Ø	Ø	Ø	Ø	Ø	Ø	Ø	r	Ø	Ø	Ø	Ø	-	Ø	Ø	Ø	Ø	Ø	Ø	Ø	Ø	Ø	Ø	Ø	Ø	Ø	Ø	Ø	Ø	1985:4	mother
315	C	1	Ø	Ø	Ø	Ø	Ø	Ø	Ø	Ø	Ø	Ø	Ø	Ø	Ø	Ø	Ø	Ø	Ø	Ø	Ø	Ø	Ø	Ø	Ø	Ø	Ø	Ø	Ø	Ø	-	-	ɲ	Ø	Ø	Ø	Ø	1997:2	mother
316	C	1	Ø	Ø	Ø	Ø	Ø	Ø	Ø	Ø	Ø	Ø	Ø	Ø	Ø	Ø	Ø	Ø	Ø	Ø	Ø	Ø	Ø	Ø	Ø	Ø	Ø	Ø	Ø	Ø	k	-	k	Ø	Ø	Ø	Ø	2032:0	mountain
322	C	1	Ø	Ø	Ø	-	Ø	Ø	Ø	Ø	Ø	Ø	h	Ø	Ø	Ø	Ø	Ø	Ø	Ø	Ø	Ø	Ø	Ø	Ø	Ø	Ø	Ø	Ø	Ø	Ø	Ø	Ø	Ø	Ø	Ø	kʷ	2161:5	neck
323	C	1	Ø	Ø	Ø	Ø	Ø	Ø	Ø	Ø	Ø	-	Ø	Ø	g	Ø	Ø	Ø	Ø	Ø	Ø	Ø	Ø	Ø	Ø	Ø	Ø	Ø	Ø	Ø	h	g	k	Ø	Ø	Ø	Ø	2164:6	neck
329	C	1	Ø	Ø	Ø	-	Ø	Ø	Ø	Ø	Ø	Ø	n	Ø	Ø	Ø	Ø	Ø	Ø	Ø	Ø	Ø	Ø	Ø	Ø	Ø	Ø	Ø	Ø	Ø	Ø	Ø	Ø	Ø	Ø	Ø	ɲ	2222:2	night
331	C	1	Ø	Ø	Ø	k	Ø	Ø	Ø	Ø	Ø	Ø	k	Ø	Ø	Ø	Ø	Ø	Ø	Ø	Ø	Ø	Ø	Ø	Ø	Ø	Ø	Ø	Ø	Ø	Ø	Ø	Ø	Ø	Ø	Ø	-	2222:4	night
334	C	1	Ø	Ø	Ø	Ø	Ø	Ø	Ø	Ø	Ø	Ø	Ø	Ø	Ø	Ø	Ø	tʲ	Ø	Ø	Ø	Ø	Ø	Ø	Ø	Ø	Ø	Ø	Ø	Ø	-	-	-	Ø	Ø	Ø	Ø	2229:3	night
336	C	1	Ø	Ø	Ø	Ø	tsʰ	Ø	Ø	Ø	Ø	Ø	Ø	Ø	Ø	tʃ	Ø	Ø	Ø	Ø	ts	Ø	Ø	Ø	Ø	Ø	Ø	Ø	Ø	Ø	Ø	Ø	Ø	Ø	Ø	Ø	Ø	2298:0	not
337	C	1	Ø	Ø	Ø	Ø	-	n	Ø	Ø	Ø	Ø	Ø	Ø	Ø	-	Ø	Ø	Ø	Ø	-	Ø	Ø	-	Ø	Ø	Ø	Ø	Ø	Ø	Ø	Ø	Ø	Ø	Ø	Ø	Ø	2299:0	not
340	C	1	Ø	Ø	Ø	Ø	Ø	Ø	Ø	Ø	Ø	Ø	Ø	Ø	Ø	Ø	Ø	Ø	Ø	Ø	Ø	Ø	Ø	Ø	Ø	Ø	Ø	Ø	Ø	Ø	-	-	ɗ	Ø	Ø	Ø	Ø	2311:4	not
343	C	1	Ø	Ø	Ø	Ø	Ø	Ø	Ø	Ø	Ø	Ø	Ø	g	Ø	Ø	Ø	Ø	Ø	t	Ø	Ø	Ø	Ø	Ø	-	Ø	Ø	Ø	Ø	Ø	Ø	Ø	Ø	Ø	Ø	Ø	2375:0	one
345	C	1	Ø	Ø	Ø	m	Ø	Ø	Ø	Ø	Ø	Ø	n	Ø	Ø	Ø	Ø	Ø	Ø	Ø	Ø	Ø	Ø	Ø	Ø	Ø	Ø	Ø	Ø	Ø	Ø	Ø	Ø	Ø	Ø	Ø	k	2408:2	other
350	C	1	Ø	Ø	Ø	Ø	Ø	Ø	Ø	Ø	Ø	Ø	Ø	Ø	Ø	Ø	Ø	Ø	Ø	Ø	Ø	Ø	Ø	Ø	Ø	Ø	Ø	Ø	Ø	Ø	ɸ	-	-	Ø	Ø	Ø	Ø	2541:4	right (hand)
352	C	1	Ø	Ø	Ø	Ø	-	Ø	Ø	Ø	Ø	Ø	Ø	Ø	-	k	Ø	Ø	Ø	Ø	k	Ø	Ø	Ø	Ø	Ø	Ø	Ø	Ø	Ø	Ø	Ø	Ø	Ø	Ø	Ø	Ø	2610:2	root
357	C	1	Ø	Ø	Ø	Ø	-	Ø	Ø	Ø	Ø	Ø	Ø	Ø	Ø	h	Ø	Ø	Ø	Ø	-	Ø	Ø	Ø	Ø	Ø	Ø	Ø	Ø	Ø	Ø	Ø	Ø	Ø	Ø	Ø	Ø	2725:0	sand
365	C	1	Ø	Ø	Ø	Ø	Ø	Ø	Ø	-	Ø	Ø	Ø	Ø	Ø	Ø	Ø	-	Ø	Ø	Ø	Ø	Ø	Ø	Ø	Ø	Ø	Ø	Ø	Ø	h	-	-	Ø	Ø	Ø	Ø	2792:7	sea (ocean)
366	C	1	Ø	Ø	Ø	Ø	h	Ø	Ø	Ø	Ø	Ø	Ø	Ø	Ø	n	Ø	Ø	Ø	Ø	-	Ø	Ø	Ø	Ø	Ø	Ø	Ø	Ø	Ø	Ø	Ø	Ø	Ø	Ø	Ø	Ø	2886:7	sharp (as knife)
370	C	1	Ø	Ø	Ø	Ø	ɲ	Ø	Ø	Ø	Ø	Ø	Ø	Ø	Ø	n	Ø	Ø	Ø	Ø	-	Ø	Ø	Ø	Ø	Ø	Ø	Ø	Ø	Ø	Ø	Ø	Ø	Ø	Ø	Ø	Ø	2908:7	short
373	C	1	Ø	Ø	Ø	Ø	Ø	Ø	Ø	Ø	Ø	Ø	Ø	Ø	Ø	Ø	Ø	Ø	Ø	Ø	Ø	Ø	Ø	Ø	Ø	Ø	Ø	Ø	Ø	Ø	-	d	d	Ø	Ø	Ø	Ø	2924:6	short
376	C	1	Ø	Ø	Ø	Ø	Ø	Ø	Ø	Ø	Ø	Ø	Ø	Ø	Ø	Ø	Ø	b	Ø	Ø	Ø	Ø	Ø	Ø	Ø	Ø	Ø	Ø	Ø	Ø	-	-	-	Ø	Ø	Ø	Ø	2986:0	sky
380	C	1	Ø	Ø	Ø	Ø	Ø	Ø	Ø	Ø	Ø	Ø	Ø	Ø	Ø	Ø	Ø	Ø	Ø	Ø	Ø	Ø	Ø	Ø	Ø	Ø	Ø	Ø	Ø	Ø	-	n	-	Ø	Ø	Ø	Ø	3059:2	small
386	C	1	Ø	Ø	Ø	n	Ø	Ø	Ø	Ø	Ø	Ø	n	Ø	Ø	Ø	Ø	Ø	Ø	Ø	Ø	Ø	Ø	Ø	Ø	Ø	Ø	Ø	Ø	Ø	Ø	Ø	Ø	Ø	Ø	Ø	h	3075:1	smoke (of fire)
387	C	1	Ø	Ø	Ø	h	Ø	Ø	Ø	Ø	Ø	Ø	h	Ø	Ø	Ø	Ø	Ø	Ø	Ø	Ø	Ø	Ø	Ø	Ø	Ø	Ø	Ø	Ø	Ø	Ø	Ø	Ø	Ø	Ø	Ø	n	3075:3	smoke (of fire)
388	C	1	Ø	Ø	Ø	Ø	pʰ	Ø	Ø	Ø	Ø	Ø	Ø	Ø	Ø	p	Ø	Ø	Ø	Ø	p	Ø	Ø	Ø	Ø	Ø	Ø	Ø	Ø	Ø	Ø	Ø	Ø	Ø	Ø	Ø	Ø	3100:0	smooth
390	C	1	Ø	Ø	Ø	Ø	ɾ	Ø	Ø	Ø	Ø	Ø	Ø	Ø	Ø	rʲ	Ø	Ø	Ø	Ø	r	Ø	Ø	Ø	Ø	Ø	Ø	Ø	Ø	Ø	Ø	Ø	Ø	Ø	Ø	Ø	Ø	3100:2	smooth
393	C	1	Ø	Ø	Ø	Ø	mʲ	Ø	Ø	Ø	Ø	Ø	Ø	Ø	Ø	m	Ø	Ø	Ø	Ø	m	Ø	Ø	Ø	Ø	Ø	Ø	Ø	Ø	Ø	Ø	Ø	Ø	Ø	Ø	Ø	Ø	3128:5	snake
403	C	1	Ø	Ø	Ø	Ø	Ø	Ø	Ø	Ø	Ø	Ø	Ø	Ø	Ø	Ø	Ø	Ø	Ø	Ø	Ø	Ø	Ø	Ø	Ø	Ø	Ø	Ø	Ø	Ø	n	n	-	Ø	Ø	Ø	Ø	3408:4	there
407	C	1	Ø	Ø	Ø	Ø	Ø	Ø	Ø	Ø	Ø	Ø	Ø	Ø	Ø	Ø	Ø	-	Ø	Ø	Ø	Ø	Ø	Ø	Ø	Ø	Ø	Ø	Ø	Ø	ɸ	-	p	Ø	Ø	Ø	Ø	3441:1	they
416	C	1	Ø	Ø	Ø	Ø	n	Ø	Ø	Ø	Ø	Ø	Ø	Ø	Ø	ɲ	Ø	Ø	Ø	Ø	-	Ø	Ø	Ø	Ø	Ø	Ø	Ø	Ø	Ø	Ø	Ø	Ø	Ø	Ø	Ø	Ø	3498:1	thin
417	C	1	Ø	Ø	Ø	Ø	-	Ø	Ø	Ø	Ø	Ø	Ø	Ø	Ø	n	Ø	Ø	Ø	Ø	n	Ø	Ø	Ø	Ø	Ø	Ø	Ø	Ø	Ø	Ø	Ø	Ø	Ø	Ø	Ø	Ø	3498:3	thin
425	C	1	Ø	Ø	Ø	Ø	Ø	Ø	Ø	Ø	Ø	Ø	Ø	Ø	Ø	Ø	Ø	Ø	Ø	Ø	Ø	Ø	Ø	Ø	Ø	Ø	Ø	Ø	Ø	Ø	d	-	-	Ø	Ø	Ø	Ø	3604:0	three
427	C	1	Ø	Ø	Ø	s	Ø	Ø	Ø	Ø	Ø	Ø	s	Ø	Ø	Ø	Ø	Ø	Ø	Ø	Ø	Ø	Ø	Ø	Ø	Ø	Ø	Ø	Ø	Ø	Ø	Ø	Ø	Ø	Ø	Ø	ts	3622:0	to bite
431	C	1	Ø	Ø	Ø	Ø	Ø	Ø	Ø	Ø	Ø	Ø	Ø	Ø	Ø	Ø	Ø	Ø	Ø	Ø	Ø	Ø	Ø	Ø	Ø	Ø	Ø	Ø	Ø	Ø	ɲ	r	ɲ	-	Ø	Ø	Ø	3663:2	to blow (of wind)
436	C	1	Ø	Ø	Ø	-	Ø	Ø	Ø	Ø	Ø	Ø	-	Ø	Ø	Ø	Ø	Ø	Ø	Ø	Ø	Ø	Ø	Ø	Ø	Ø	Ø	Ø	Ø	Ø	Ø	Ø	Ø	Ø	Ø	ɻ	Ø	3681:1	to breathe
443	C	1	Ø	Ø	Ø	ɾ	Ø	Ø	Ø	Ø	Ø	Ø	r	Ø	Ø	Ø	Ø	Ø	Ø	Ø	Ø	Ø	Ø	Ø	Ø	Ø	Ø	Ø	Ø	Ø	Ø	Ø	Ø	Ø	Ø	ɹ	r	3832:1	to drink
444	C	1	Ø	Ø	Ø	Ø	Ø	Ø	Ø	Ø	Ø	Ø	Ø	Ø	Ø	Ø	Ø	x	Ø	Ø	Ø	Ø	Ø	Ø	Ø	Ø	Ø	Ø	Ø	Ø	g	g	k	Ø	Ø	Ø	Ø	3890:1	to eat
446	C	1	Ø	Ø	Ø	Ø	Ø	Ø	Ø	Ø	Ø	Ø	Ø	Ø	Ø	Ø	Ø	-	Ø	Ø	Ø	Ø	Ø	Ø	Ø	Ø	Ø	Ø	Ø	Ø	t	t	d	Ø	Ø	Ø	Ø	3890:4	to eat
447	C	1	Ø	Ø	Ø	Ø	-	Ø	Ø	Ø	Ø	Ø	Ø	Ø	Ø	t	Ø	Ø	Ø	Ø	-	Ø	Ø	Ø	Ø	Ø	Ø	Ø	Ø	Ø	Ø	Ø	Ø	Ø	Ø	Ø	Ø	3914:4	to fall (drop rather than topple)
448	C	1	Ø	Ø	Ø	Ø	tʰʲ	Ø	Ø	Ø	Ø	Ø	Ø	Ø	Ø	t	Ø	Ø	Ø	Ø	-	Ø	Ø	Ø	Ø	Ø	Ø	Ø	Ø	Ø	Ø	Ø	Ø	Ø	Ø	Ø	Ø	3914:5	to fall (drop rather than topple)
450	C	1	Ø	Ø	Ø	Ø	Ø	Ø	Ø	Ø	Ø	Ø	Ø	Ø	Ø	Ø	Ø	Ø	Ø	Ø	Ø	Ø	Ø	Ø	Ø	Ø	Ø	Ø	Ø	Ø	ɾ	n	ɾ	Ø	Ø	Ø	Ø	3956:4	to fear
457	C	1	Ø	Ø	Ø	Ø	Ø	Ø	Ø	Ø	Ø	Ø	Ø	Ø	Ø	Ø	Ø	Ø	Ø	Ø	Ø	Ø	Ø	Ø	Ø	Ø	Ø	Ø	Ø	Ø	ɲ	-	-	Ø	Ø	Ø	Ø	4138:4	to hold (in hand)
459	C	1	Ø	Ø	Ø	Ø	Ø	Ø	Ø	Ø	Ø	Ø	Ø	Ø	Ø	Ø	Ø	Ø	Ø	Ø	Ø	Ø	Ø	Ø	Ø	Ø	Ø	Ø	Ø	Ø	t	d	d	Ø	Ø	Ø	Ø	4138:6	to hold (in hand)
466	C	1	Ø	Ø	Ø	Ø	-	Ø	Ø	Ø	Ø	Ø	Ø	Ø	Ø	s	Ø	Ø	Ø	Ø	-	Ø	Ø	Ø	Ø	Ø	Ø	Ø	Ø	Ø	Ø	Ø	Ø	Ø	Ø	Ø	Ø	4168:6	to kill
469	C	1	Ø	Ø	Ø	Ø	Ø	Ø	Ø	Ø	Ø	Ø	Ø	Ø	Ø	Ø	Ø	Ø	Ø	Ø	Ø	Ø	Ø	Ø	Ø	Ø	Ø	Ø	Ø	Ø	n	ɲ	n	Ø	Ø	Ø	Ø	4215:1	to know (facts)
470	C	1	Ø	Ø	Ø	Ø	Ø	Ø	Ø	Ø	Ø	Ø	-	Ø	Ø	Ø	Ø	Ø	Ø	Ø	Ø	Ø	Ø	Ø	Ø	Ø	Ø	Ø	Ø	Ø	Ø	Ø	Ø	Ø	Ø	ʔ	-	4233:2	to laugh
473	C	1	Ø	Ø	Ø	Ø	ʔ	Ø	Ø	Ø	Ø	Ø	Ø	Ø	Ø	k	Ø	Ø	Ø	Ø	k	Ø	Ø	Ø	Ø	Ø	Ø	Ø	Ø	Ø	Ø	Ø	Ø	Ø	Ø	Ø	Ø	4325:0	to push
475	C	1	Ø	Ø	Ø	Ø	hʲ	Ø	Ø	Ø	Ø	Ø	Ø	Ø	Ø	b	Ø	Ø	Ø	Ø	ʔ	Ø	Ø	Ø	Ø	Ø	Ø	Ø	Ø	Ø	Ø	Ø	Ø	Ø	Ø	Ø	Ø	4325:2	to push
477	C	1	Ø	Ø	Ø	Ø	Ø	Ø	Ø	Ø	Ø	Ø	Ø	Ø	Ø	Ø	Ø	Ø	Ø	Ø	Ø	Ø	Ø	Ø	Ø	Ø	Ø	Ø	Ø	Ø	t	t	t	Ø	Ø	Ø	Ø	4394:0	to sew
480	C	1	Ø	Ø	Ø	Ø	Ø	Ø	Ø	Ø	Ø	Ø	Ø	Ø	Ø	Ø	Ø	Ø	Ø	Ø	Ø	Ø	Ø	Ø	Ø	Ø	Ø	Ø	Ø	Ø	tʃ	dʒ	dʒ	Ø	Ø	Ø	Ø	4556:0	to suck
481	C	1	Ø	Ø	Ø	Ø	Ø	Ø	Ø	Ø	Ø	Ø	Ø	Ø	Ø	Ø	Ø	Ø	Ø	Ø	Ø	Ø	Ø	Ø	Ø	Ø	Ø	Ø	Ø	Ø	tʃ	b	dʒ	Ø	Ø	Ø	Ø	4556:2	to suck
488	C	1	Ø	Ø	Ø	Ø	tʃʰ	Ø	Ø	Ø	Ø	Ø	Ø	Ø	Ø	s	Ø	Ø	Ø	Ø	ts	Ø	Ø	Ø	Ø	Ø	Ø	Ø	Ø	Ø	Ø	Ø	Ø	Ø	Ø	Ø	Ø	4687:0	to tie
498	C	1	Ø	Ø	k	Ø	Ø	Ø	Ø	Ø	Ø	Ø	Ø	Ø	Ø	Ø	Ø	ɲ̥	Ø	Ø	Ø	Ø	Ø	Ø	Ø	Ø	Ø	Ø	Ø	Ø	n	n	n	Ø	Ø	Ø	Ø	4887:3	tree
499	C	1	Ø	Ø	Ø	-	Ø	Ø	Ø	Ø	Ø	-	-	l	Ø	Ø	Ø	Ø	Ø	Ø	Ø	Ø	Ø	Ø	Ø	Ø	Ø	-	Ø	Ø	Ø	Ø	Ø	-	Ø	Ø	-	4888:5	tree
500	C	1	Ø	Ø	Ø	-	Ø	Ø	Ø	Ø	Ø	-	-	n	Ø	Ø	Ø	Ø	Ø	Ø	Ø	Ø	Ø	Ø	Ø	Ø	Ø	-	Ø	Ø	Ø	Ø	Ø	-	Ø	Ø	-	4888:6	tree
502	C	1	Ø	Ø	-	w	Ø	Ø	Ø	Ø	Ø	Ø	-	Ø	Ø	Ø	Ø	Ø	Ø	Ø	Ø	Ø	Ø	Ø	Ø	Ø	Ø	Ø	Ø	Ø	Ø	Ø	Ø	Ø	Ø	Ø	Ø	4975:2	water
503	C	1	Ø	Ø	Ø	Ø	kʰʲ	Ø	Ø	Ø	Ø	Ø	Ø	Ø	Ø	-	Ø	Ø	Ø	Ø	-	Ø	Ø	Ø	Ø	Ø	Ø	Ø	Ø	Ø	Ø	Ø	Ø	Ø	Ø	Ø	Ø	4977:3	water
504	C	1	Ø	Ø	Ø	Ø	Ø	Ø	Ø	Ø	Ø	-	Ø	Ø	w	Ø	Ø	-	Ø	Ø	Ø	Ø	Ø	Ø	Ø	Ø	Ø	Ø	Ø	Ø	Ø	Ø	Ø	Ø	Ø	Ø	Ø	4983:3	water
508	C	1	Ø	Ø	Ø	Ø	Ø	Ø	Ø	Ø	Ø	Ø	-	Ø	Ø	Ø	Ø	Ø	Ø	Ø	Ø	Ø	Ø	Ø	Ø	Ø	Ø	Ø	Ø	Ø	-	-	-	Ø	Ø	Ø	h	5020:5	we
511	C	1	Ø	Ø	Ø	Ø	β	Ø	Ø	Ø	Ø	Ø	Ø	Ø	Ø	ɲ	Ø	Ø	Ø	Ø	-	Ø	Ø	Ø	Ø	Ø	Ø	Ø	Ø	Ø	Ø	Ø	Ø	Ø	Ø	Ø	Ø	5053:5	wet
513	C	1	Ø	Ø	Ø	k	Ø	Ø	Ø	Ø	Ø	Ø	s	Ø	Ø	Ø	Ø	Ø	Ø	Ø	Ø	Ø	Ø	Ø	Ø	Ø	Ø	Ø	Ø	Ø	Ø	Ø	Ø	Ø	Ø	Ø	k	5082:0	what?
514	C	1	Ø	Ø	Ø	s	Ø	Ø	Ø	Ø	Ø	Ø	k	Ø	Ø	Ø	Ø	Ø	Ø	Ø	Ø	Ø	Ø	Ø	Ø	Ø	Ø	Ø	Ø	Ø	Ø	Ø	Ø	Ø	Ø	Ø	ts	5082:2	what?
515	C	1	Ø	Ø	Ø	Ø	Ø	Ø	Ø	ʔ	Ø	Ø	Ø	Ø	Ø	Ø	Ø	-	Ø	Ø	Ø	Ø	-	Ø	Ø	Ø	Ø	Ø	Ø	Ø	Ø	Ø	Ø	Ø	Ø	Ø	Ø	5085:2	what?
516	C	1	Ø	Ø	Ø	Ø	Ø	Ø	Ø	t	Ø	Ø	Ø	Ø	Ø	Ø	Ø	dz	Ø	Ø	Ø	Ø	-	Ø	Ø	Ø	Ø	Ø	Ø	Ø	Ø	Ø	Ø	Ø	Ø	Ø	Ø	5085:3	what?
520	C	1	Ø	Ø	Ø	-	Ø	Ø	Ø	Ø	Ø	Ø	h	Ø	Ø	Ø	Ø	Ø	Ø	Ø	Ø	Ø	Ø	Ø	Ø	Ø	Ø	Ø	Ø	Ø	Ø	Ø	Ø	Ø	Ø	Ø	t	5110:0	when?
524	C	1	Ø	Ø	Ø	-	Ø	Ø	Ø	Ø	Ø	Ø	k	Ø	Ø	Ø	Ø	Ø	Ø	Ø	Ø	-	Ø	Ø	Ø	Ø	Ø	Ø	Ø	Ø	Ø	Ø	Ø	Ø	Ø	Ø	t	5202:4	who?
525	C	1	Ø	Ø	Ø	Ø	ʔ	Ø	Ø	Ø	Ø	Ø	Ø	Ø	Ø	h	Ø	Ø	Ø	Ø	-	Ø	Ø	Ø	Ø	Ø	Ø	Ø	Ø	Ø	Ø	Ø	Ø	Ø	Ø	Ø	Ø	5203:2	who?
531	C	1	Ø	Ø	Ø	Ø	Ø	Ø	Ø	Ø	Ø	Ø	Ø	Ø	Ø	Ø	Ø	Ø	Ø	Ø	Ø	Ø	Ø	Ø	Ø	Ø	Ø	Ø	Ø	Ø	ɾ	-	ɾ	Ø	Ø	Ø	Ø	5248:5	wide
533	C	1	Ø	Ø	Ø	Ø	Ø	Ø	Ø	Ø	Ø	Ø	Ø	Ø	Ø	Ø	Ø	Ø	Ø	Ø	Ø	Ø	Ø	Ø	Ø	Ø	Ø	Ø	Ø	Ø	d	θ	d	Ø	Ø	Ø	Ø	5248:7	wide
539	C	1	Ø	Ø	Ø	Ø	Ø	Ø	Ø	Ø	Ø	Ø	Ø	Ø	Ø	Ø	Ø	Ø	Ø	Ø	Ø	Ø	Ø	Ø	Ø	n	Ø	Ø	Ø	Ø	ŋ	ɲ	ŋ	Ø	Ø	Ø	Ø	5370:5	woman
540	C	1	Ø	Ø	Ø	Ø	-	Ø	Ø	Ø	Ø	Ø	Ø	Ø	Ø	ʔ	Ø	Ø	Ø	Ø	ʔ	Ø	Ø	Ø	Ø	Ø	Ø	Ø	Ø	Ø	Ø	Ø	Ø	Ø	Ø	Ø	Ø	5412:2	worm
544	C	1	Ø	Ø	Ø	Ø	ʔ	Ø	Ø	Ø	Ø	Ø	Ø	Ø	Ø	ʔ	Ø	Ø	Ø	Ø	-	Ø	Ø	Ø	Ø	Ø	Ø	Ø	Ø	Ø	Ø	Ø	Ø	Ø	Ø	Ø	Ø	5438:4	ye
546	C	1	Ø	Ø	Ø	h	Ø	Ø	Ø	Ø	Ø	Ø	j	Ø	Ø	Ø	Ø	Ø	Ø	Ø	Ø	Ø	Ø	Ø	Ø	Ø	Ø	Ø	Ø	Ø	Ø	Ø	Ø	Ø	Ø	Ø	hʲ	5475:5	year
548	C	1	Ø	Ø	Ø	-	Ø	Ø	Ø	Ø	Ø	Ø	n	Ø	Ø	Ø	Ø	Ø	Ø	Ø	Ø	Ø	Ø	Ø	Ø	Ø	Ø	Ø	Ø	Ø	Ø	Ø	Ø	Ø	Ø	Ø	-	5475:7	year
549	C	1	Ø	Ø	Ø	Ø	Ø	Ø	Ø	Ø	Ø	Ø	Ø	Ø	Ø	Ø	Ø	r	Ø	Ø	Ø	Ø	Ø	Ø	Ø	Ø	Ø	Ø	Ø	Ø	ɾ	r	ɾ	Ø	Ø	Ø	Ø	5503:2	yellow
550	C	1	Ø	Ø	Ø	Ø	Ø	Ø	Ø	Ø	Ø	Ø	Ø	Ø	Ø	Ø	Ø	-	Ø	Ø	Ø	Ø	Ø	Ø	Ø	Ø	Ø	Ø	Ø	Ø	ɾ	r	ɾ	Ø	Ø	Ø	Ø	5503:4	yellow
32	C	13	w	w	Ø	Ø	Ø	Ø	Ø	w	Ø	Ø	Ø	Ø	Ø	Ø	Ø	Ø	w	Ø	Ø	Ø	Ø	w	Ø	Ø	Ø	Ø	w	Ø	Ø	Ø	Ø	Ø	Ø	Ø	Ø	553:2, 616:2, 1176:2, 1390:1, 5081:0, 5231:0, 2048:0, 4526:0, 2700:0, 4755:0, 1091:1, 4100:1, 5259:2	day (opposite of night rather than time measure) / dog / five / foot / hand / mouth / salt / to hit / to stand / to walk / what? / wide / wife
128	C	6	w	w	Ø	-	Ø	Ø	m	Ø	Ø	Ø	t	Ø	Ø	Ø	Ø	Ø	Ø	Ø	Ø	Ø	Ø	-	Ø	Ø	Ø	-	-	Ø	Ø	Ø	Ø	-	Ø	Ø	j	3864:2, 5109:0, 727:2, 2959:2, 5134:2, 5110:2	ear / skin (person's) / to eat / when? / where?
537	C	1	w	w	Ø	Ø	Ø	Ø	Ø	Ø	Ø	Ø	Ø	Ø	Ø	Ø	Ø	Ø	Ø	Ø	Ø	Ø	Ø	-	Ø	Ø	Ø	Ø	w	Ø	Ø	Ø	Ø	Ø	Ø	Ø	Ø	5353:2	woman
234	C	1	v	w	Ø	Ø	Ø	Ø	Ø	Ø	Ø	Ø	Ø	Ø	Ø	Ø	Ø	Ø	Ø	Ø	Ø	Ø	Ø	w	Ø	Ø	Ø	Ø	w	Ø	Ø	Ø	Ø	Ø	Ø	Ø	Ø	1:0	I
437	C	1	v	m	Ø	Ø	Ø	Ø	Ø	w	Ø	Ø	Ø	Ø	Ø	Ø	Ø	Ø	Ø	Ø	Ø	Ø	Ø	w	Ø	Ø	Ø	Ø	w	Ø	Ø	Ø	Ø	Ø	Ø	w	Ø	3708:0	to come
119	C	5	tʃ	tʃ	Ø	-	Ø	Ø	Ø	Ø	Ø	Ø	Ø	Ø	Ø	Ø	Ø	-	Ø	Ø	Ø	Ø	Ø	tʃ	Ø	Ø	Ø	Ø	tʃ	Ø	Ø	Ø	Ø	Ø	Ø	Ø	Ø	467:4, 2366:4, 2407:4, 502:1, 3044:6	bone / child (young person rather than as relationship term) / one / other / small
269	C	1	tʃ	Ø	Ø	Ø	Ø	Ø	Ø	Ø	Ø	Ø	Ø	Ø	Ø	Ø	Ø	Ø	Ø	Ø	Ø	Ø	Ø	-	Ø	Ø	Ø	Ø	-	Ø	Ø	Ø	Ø	Ø	Ø	Ø	Ø	1218:0	four
369	C	1	tʃ	-	Ø	Ø	Ø	Ø	Ø	Ø	Ø	Ø	Ø	Ø	Ø	Ø	Ø	Ø	Ø	Ø	Ø	Ø	Ø	tʃ	Ø	Ø	Ø	Ø	-	Ø	Ø	Ø	Ø	Ø	Ø	Ø	Ø	2906:6	short
99	C	4	ts	ts	Ø	Ø	Ø	Ø	Ø	Ø	Ø	k	Ø	Ø	Ø	Ø	Ø	Ø	Ø	Ø	Ø	Ø	Ø	ts	Ø	Ø	Ø	Ø	ts	Ø	Ø	Ø	Ø	Ø	Ø	Ø	Ø	553:0, 2787:5, 2296:1, 2554:2	day (opposite of night rather than time measure) / not / river / sea (ocean)
401	C	1	ts	-	Ø	Ø	Ø	Ø	Ø	Ø	Ø	-	Ø	Ø	Ø	Ø	Ø	Ø	Ø	Ø	Ø	Ø	Ø	ts	Ø	Ø	Ø	Ø	-	Ø	Ø	Ø	Ø	Ø	Ø	Ø	Ø	3301:0	sun
5	C	42	t	m	h	h	pʰ	Ø	t	Ø	Ø	Ø	h	Ø	Ø	ɸ	Ø	ɲ̥	Ø	Ø	p	Ø	Ø	-	Ø	Ø	Ø	Ø	t	Ø	n	n	n	n	Ø	Ø	h	37:0, 2223:0, 2410:1, 2463:1, 3471:0, 4005:4, 4659:0, 4768:0, 4977:1, 5057:0, 5057:3, 5476:0, 50:0, 50:2, 687:3, 787:1, 1838:2, 2032:5, 2150:2, 2541:0, 2621:3, 2924:2, 3026:1, 3259:0, 3604:4, 4191:3, 4310:2, 4701:2, 4945:2, 4996:3, 5120:0, 562:5, 2986:6, 1603:0, 1685:0, 1828:4, 2255:2, 3226:3, 5133:0, 5354:4, 3864:4, 4037:4	all (of a number) / day (opposite of night rather than time measure) / dull (knife) / earth (soil) / how / in / liver / mountain / near / night / nose / other / red / right (hand) / root / short / sky / sleep / stick (of wood) / stone / thick / three / to eat / to fly / to give / to kill / to pull / to throw / to tie / to walk / two / water / wet / when? / where? / woman / year
112	C	30	t	t	-	-	-	j	Ø	-	Ø	Ø	s	Ø	t	-	Ø	t	Ø	Ø	-	Ø	dʒ	t	Ø	Ø	-	Ø	t	Ø	d	d	d	Ø	Ø	tʃ	ts	149:0, 149:3, 1508:4, 2906:2, 3680:6, 4621:4, 5109:4, 347:5, 1218:4, 2159:3, 2598:3, 4246:0, 5435:1, 3272:0, 3583:5, 3649:4, 4255:5, 2459:5, 4100:3, 258:0, 258:3, 87:0, 1355:2, 3429:2, 3923:4, 4067:2, 4233:0, 4323:5, 4785:4, 5354:2	animal / back (person's) / belly / bird / four / hair / heart / neck / red / road (or trail) / short / straight / they / three / to blow (of wind) / to breathe / to fall (drop rather than topple) / to hear / to hit / to laugh / to lie / to live / to push / to think / to wash / when? / woman / ye
113	C	22	t	t	Ø	t	Ø	Ø	Ø	ɾ	Ø	Ø	r	-	Ø	Ø	Ø	Ø	Ø	-	Ø	Ø	l	-	Ø	w	-	t	t	Ø	d	-	d	Ø	Ø	t	t	3967:5, 3975:6, 4208:4, 4286:7, 4300:5, 4755:6, 4781:5, 3831:4, 4452:7, 4593:6, 4621:10, 4685:5, 2504:2, 2751:4, 2758:2, 3587:3, 3621:4, 3832:3, 4067:5, 4542:6, 4731:5, 2375:5	one / right (correct) / say / three / to bite / to drink / to fight / to float / to hear / to know (facts) / to play / to pull / to spit / to suck / to swim / to think / to tie / to vomit / to walk / to wash
38	C	16	t	m	Ø	Ø	Ø	Ø	Ø	Ø	Ø	Ø	Ø	Ø	Ø	Ø	Ø	Ø	Ø	Ø	Ø	Ø	Ø	k	Ø	Ø	Ø	Ø	t	Ø	t	t	ɗ	Ø	Ø	Ø	Ø	405:2, 3322:2, 3408:2, 3723:2, 3761:2, 3823:3, 3884:4, 3956:6, 3994:0, 3994:2, 4191:5, 4416:2, 4484:2, 4668:3, 4323:2, 4526:4	black / sun / there / to come / to cut / to dig / to eat / to fear / to flow / to kill / to push / to sing / to split / to stand / to throw
182	C	8	t	t	Ø	-	Ø	Ø	Ø	-	Ø	-	-	Ø	Ø	Ø	Ø	Ø	Ø	Ø	Ø	Ø	Ø	-	Ø	Ø	Ø	Ø	t	Ø	Ø	Ø	Ø	Ø	Ø	ts	-	3917:7, 4233:7, 3012:6, 3681:8, 3708:5, 3832:7, 4002:6, 4100:6	sleep / to breathe / to come / to drink / to fall (drop rather than topple) / to fly / to hit / to laugh
220	C	4	t	Ø	Ø	Ø	tʃ	Ø	Ø	t	Ø	Ø	Ø	t	Ø	dʒ	Ø	Ø	Ø	t	dʒ	Ø	tˀ	tʃ	Ø	Ø	t	Ø	tʃ	Ø	-	t	-	Ø	Ø	Ø	Ø	835:3, 2611:2, 2751:2, 4102:1	eye / root / say / to hit
300	C	1	t	t	Ø	Ø	Ø	Ø	Ø	t	Ø	Ø	Ø	Ø	Ø	Ø	Ø	Ø	Ø	Ø	Ø	Ø	tʃ	t	Ø	Ø	Ø	Ø	t	Ø	Ø	Ø	Ø	Ø	Ø	Ø	Ø	1888:0	louse
383	C	1	t	t	Ø	Ø	Ø	Ø	Ø	Ø	Ø	Ø	Ø	Ø	Ø	Ø	Ø	Ø	Ø	Ø	Ø	Ø	Ø	t	Ø	Ø	Ø	Ø	-	Ø	Ø	Ø	Ø	Ø	Ø	Ø	Ø	3073:7	smoke (of fire)
441	C	1	t	-	Ø	Ø	Ø	Ø	Ø	Ø	Ø	Ø	Ø	Ø	Ø	-	Ø	Ø	Ø	Ø	Ø	Ø	Ø	-	Ø	Ø	Ø	Ø	t	Ø	Ø	Ø	Ø	Ø	Ø	Ø	Ø	3775:4	to die
461	C	1	t	t	Ø	Ø	Ø	Ø	Ø	Ø	Ø	Ø	Ø	Ø	Ø	Ø	Ø	Ø	Ø	Ø	Ø	Ø	Ø	-	Ø	Ø	-	Ø	t	Ø	Ø	Ø	Ø	Ø	Ø	s	Ø	4166:2	to kill
471	C	1	t	Ø	Ø	Ø	Ø	Ø	Ø	Ø	Ø	Ø	Ø	Ø	Ø	Ø	Ø	Ø	Ø	Ø	Ø	Ø	Ø	m	Ø	Ø	Ø	Ø	t	Ø	Ø	Ø	Ø	Ø	Ø	Ø	Ø	4246:5	to lie
33	C	9	s	s	Ø	Ø	Ø	Ø	tʃ	Ø	Ø	Ø	Ø	Ø	Ø	Ø	Ø	Ø	Ø	Ø	Ø	Ø	Ø	s	Ø	Ø	Ø	Ø	s	Ø	Ø	Ø	Ø	Ø	Ø	Ø	Ø	216:0, 1316:0, 2906:0, 4452:1, 5279:2, 381:4, 3621:1, 1852:1, 4037:0	bark / black / green / long / short / to bite / to give / to spit / wind
115	C	3	s	w	Ø	Ø	Ø	Ø	-	Ø	Ø	Ø	Ø	Ø	Ø	Ø	Ø	Ø	Ø	Ø	Ø	Ø	Ø	-	Ø	Ø	Ø	Ø	-	Ø	Ø	Ø	Ø	Ø	Ø	Ø	Ø	4286:6, 4755:4, 4037:2	to give / to play / to walk
206	C	2	s	-	Ø	Ø	Ø	Ø	Ø	Ø	Ø	Ø	Ø	Ø	Ø	Ø	Ø	Ø	Ø	Ø	Ø	Ø	Ø	s	Ø	Ø	Ø	Ø	-	Ø	Ø	Ø	Ø	Ø	Ø	Ø	Ø	4246:4, 4255:4	to lie / to live
348	C	1	s	ts	Ø	Ø	Ø	Ø	Ø	ʃ	Ø	Ø	Ø	Ø	Ø	Ø	Ø	Ø	Ø	Ø	Ø	Ø	Ø	ts	Ø	Ø	Ø	Ø	ts	Ø	Ø	Ø	Ø	Ø	Ø	Ø	Ø	2526:2	right (hand)
452	C	1	s	Ø	Ø	Ø	Ø	Ø	Ø	Ø	Ø	Ø	Ø	Ø	Ø	Ø	Ø	Ø	Ø	Ø	Ø	Ø	Ø	-	Ø	Ø	Ø	Ø	m	Ø	Ø	Ø	Ø	Ø	Ø	Ø	Ø	3975:4	to float
4	C	46	r	h	Ø	Ø	Ø	ɾ	Ø	Ø	m	Ø	Ø	Ø	Ø	Ø	Ø	β	Ø	Ø	Ø	Ø	Ø	ɾ	Ø	l	Ø	Ø	r	Ø	ɾ	r	ɾ	r	Ø	Ø	Ø	230:3, 405:4, 603:4, 666:4, 890:1, 1040:1, 1334:4, 1551:2, 1692:1, 1726:2, 1787:2, 1814:2, 1873:1, 2150:4, 2353:2, 2483:3, 2659:0, 2684:0, 2897:3, 2924:4, 3059:4, 3114:0, 3114:4, 3823:0, 3850:2, 3884:0, 4416:0, 5120:2, 5183:3, 5248:3, 5418:4, 512:2, 3212:0, 4363:0, 5289:2, 5370:2, 3469:6, 5081:2, 5109:2, 5231:5, 1158:2, 4286:4, 1852:3, 2671:3, 523:2, 953:2	bark / black / child (young person rather than as relationship term) / cloud / dirty / dry (substance) / far / feather (larger feathers rather than down) / fire / fog / green / heavy / in / lake / left (hand) / leg / long / near / old / red / rope / rotten (especially log) / sharp (as knife) / short / small / smooth / stick (of wood) / thick / to dig / to drink / to eat / to play / to rub / to sing / what? / when? / white / wide / wind / woman / worm
114	C	9	r	-	Ø	Ø	Ø	Ø	Ø	ɾ	Ø	-	Ø	Ø	Ø	Ø	Ø	n̥	n	Ø	Ø	Ø	l	-	Ø	Ø	Ø	Ø	-	Ø	n	n	n	Ø	Ø	-	Ø	3680:4, 3831:3, 4621:8, 3012:5, 4100:4, 4781:4, 4818:5, 5259:4, 2792:2	sea (ocean) / sleep / to breathe / to drink / to hit / to think / to wash / tongue / wife
59	C	4	r	ŋ	Ø	Ø	Ø	Ø	Ø	-	Ø	Ø	Ø	Ø	Ø	Ø	Ø	Ø	Ø	Ø	Ø	Ø	Ø	ɾ	Ø	Ø	Ø	Ø	r	Ø	Ø	Ø	Ø	Ø	Ø	Ø	Ø	1255:5, 2906:4, 4925:5, 2526:4	good / right (hand) / short / two
265	C	1	r	ŋ	Ø	Ø	Ø	Ø	Ø	-	Ø	Ø	Ø	Ø	Ø	Ø	Ø	Ø	Ø	Ø	Ø	Ø	-	h	Ø	Ø	Ø	Ø	r	Ø	Ø	Ø	Ø	Ø	Ø	Ø	Ø	1128:5	flower
311	C	1	r	Ø	-	Ø	Ø	Ø	Ø	Ø	Ø	Ø	Ø	Ø	Ø	Ø	Ø	Ø	Ø	Ø	Ø	Ø	Ø	-	Ø	Ø	Ø	Ø	r	Ø	Ø	Ø	Ø	Ø	Ø	Ø	-	1984:5	mother
327	C	1	r	h	Ø	Ø	Ø	Ø	Ø	Ø	Ø	Ø	Ø	Ø	Ø	Ø	Ø	Ø	Ø	Ø	Ø	Ø	Ø	ɾ	Ø	Ø	Ø	Ø	-	Ø	Ø	Ø	Ø	Ø	Ø	Ø	Ø	2193:4	new
25	C	21	p	p	Ø	-	Ø	Ø	Ø	w	Ø	Ø	Ø	Ø	Ø	Ø	Ø	-	Ø	Ø	Ø	Ø	Ø	p	Ø	Ø	p	Ø	p	Ø	Ø	Ø	Ø	Ø	Ø	Ø	Ø	149:5, 216:3, 422:3, 1255:0, 1827:3, 2608:5, 5309:4, 1283:2, 3272:4, 3583:3, 3649:2, 4255:0, 1347:2, 2959:4, 3127:2, 4246:2, 4300:2, 933:2, 2459:2, 3044:4, 5161:0	back (person's) / bark / blood / father / good / grass / guts / liver / red / root / skin (person's) / small / snake / straight / three / to blow (of wind) / to lie / to live / to pull / white / wing
413	C	1	p	p	Ø	Ø	Ø	Ø	Ø	Ø	Ø	Ø	Ø	Ø	Ø	Ø	Ø	Ø	Ø	Ø	Ø	Ø	Ø	p	Ø	Ø	Ø	Ø	k	Ø	Ø	Ø	Ø	Ø	Ø	Ø	Ø	3469:4	thick
23	C	51	n	n	t	t	Ø	Ø	Ø	n	Ø	Ø	t	Ø	Ø	Ø	Ø	tʲ	Ø	Ø	Ø	Ø	n	n	Ø	Ø	Ø	n	n	Ø	d	-	t	tʲ	Ø	-	t	149:2, 306:2, 422:0, 467:3, 771:0, 800:0, 800:4, 1508:1, 1508:3, 1774:2, 2254:0, 2787:4, 3396:1, 4621:1, 4621:3, 4886:0, 5309:0, 5309:2, 5353:0, 130:0, 347:0, 347:2, 347:7, 1218:3, 1682:0, 1958:0, 2159:2, 2554:1, 2598:2, 2959:0, 3127:0, 3208:0, 3967:2, 3975:0, 3975:2, 4208:0, 4286:0, 4781:0, 2459:4, 2526:1, 258:2, 258:5, 2048:2, 2020:0, 2020:2, 706:5, 1355:1, 1603:2, 3401:1, 4002:0, 4812:2	at / back (person's) / belly / big / bird / blood / bone / dust / earth (soil) / egg / four / hair / heart / how / in / left (hand) / meat (flesh) / mountain / mouth / neck / nose / red / right (hand) / river / road (or trail) / sea (ocean) / skin (person's) / snake / stick (of wood) / there / to fight / to float / to fly / to know (facts) / to play / to think / to wash / tongue / tree / wing / woman
194	C	41	n	n	n	n	n	Ø	Ø	n	Ø	n	n	n	n	n	Ø	ɲ	ɲ	Ø	n	n	n	n	Ø	Ø	ɲ	n	n	Ø	ɲ	ɲ	ɲ	n	Ø	ɲ	n	38:0, 186:0, 310:0, 679:0, 729:0, 939:3, 1776:0, 1776:2, 1829:4, 2196:0, 2369:0, 2725:3, 2769:0, 2977:0, 3303:0, 3399:0, 3986:0, 4705:0, 4782:0, 4813:0, 4976:0, 1435:0, 1466:1, 1541:4, 1984:1, 2303:2, 2973:0, 3012:3, 3302:3, 3428:0, 3681:5, 3708:3, 3832:5, 4067:1, 4812:0, 4818:2, 4845:1, 4888:4, 4983:0, 5202:2, 5259:0	all (of a number) / bad (deleterious or unsuitable) / big / dull (knife) / ear / father / he / head / heavy / left (hand) / liver / mother / new / not / one / sand / say / sky / sleep / sun / there / they / to breathe / to come / to drink / to flow / to hear / to tie / to wash / tongue / tooth (front rather than molar) / tree / water / who? / wife
30	C	30	n	-	Ø	Ø	Ø	Ø	-	n	Ø	-	Ø	Ø	Ø	-	Ø	Ø	Ø	Ø	Ø	Ø	Ø	-	Ø	Ø	-	Ø	-	Ø	-	-	-	-	Ø	-	Ø	3967:7, 3975:8, 4208:6, 4246:7, 4286:9, 4300:7, 4755:8, 4781:7, 3831:6, 3864:6, 4452:9, 4593:8, 4621:12, 4685:7, 2526:6, 2526:8, 4100:8, 3649:6, 4255:7, 1562:2, 2751:6, 3012:8, 3708:7, 3775:6, 4002:8, 4037:6, 4067:7, 4323:7, 4542:8, 4731:7	here / right (hand) / say / sleep / to blow (of wind) / to come / to die / to drink / to eat / to fight / to float / to fly / to give / to hear / to hit / to know (facts) / to lie / to live / to play / to pull / to push / to spit / to suck / to swim / to think / to tie / to vomit / to walk / to wash
75	C	17	n	n	n	n	n	n	Ø	Ø	Ø	Ø	n	Ø	Ø	n	Ø	n	Ø	Ø	-	Ø	Ø	n	n	Ø	ŋ	n	-	Ø	n	n	n	Ø	Ø	ɲ	n	1635:2, 2229:0, 3627:1, 2222:0, 2821:0, 3013:4, 3709:1, 4167:3, 4453:6, 834:0, 1889:4, 2255:0, 3917:5, 4233:5, 3368:1, 5133:2, 955:5	eye / feather (larger feathers rather than down) / husband / louse / night / nose / see / sleep / that / to bite / to come / to fall (drop rather than topple) / to kill / to laugh / to spit / where?
106	C	7	n	d	Ø	Ø	Ø	Ø	Ø	n	Ø	Ø	Ø	Ø	Ø	Ø	Ø	Ø	Ø	Ø	Ø	Ø	ɲ	n	Ø	Ø	Ø	Ø	n	Ø	Ø	Ø	Ø	Ø	Ø	n	Ø	1176:0, 1733:0, 4811:1, 5279:0, 1283:0, 4002:2, 4818:0	foot / grass / leaf / to fly / tongue / wind
117	C	2	n	n	Ø	Ø	Ø	Ø	Ø	s	Ø	Ø	Ø	Ø	Ø	Ø	Ø	Ø	Ø	Ø	Ø	Ø	s	-	Ø	Ø	Ø	Ø	n	Ø	Ø	Ø	-	Ø	Ø	Ø	Ø	1061:0, 4542:4	fish / to suck
347	C	1	n	-	Ø	Ø	Ø	Ø	Ø	n	Ø	Ø	Ø	Ø	Ø	Ø	Ø	Ø	Ø	Ø	Ø	Ø	Ø	n	Ø	Ø	Ø	Ø	-	Ø	Ø	Ø	Ø	Ø	Ø	Ø	Ø	2459:7	red
382	C	1	n	-	Ø	Ø	Ø	Ø	Ø	Ø	Ø	Ø	Ø	Ø	Ø	Ø	Ø	Ø	Ø	Ø	Ø	Ø	Ø	n	Ø	Ø	Ø	Ø	n	Ø	Ø	Ø	Ø	Ø	Ø	Ø	Ø	3073:5	smoke (of fire)
400	C	1	n	t	Ø	Ø	Ø	Ø	Ø	Ø	Ø	Ø	Ø	Ø	Ø	Ø	Ø	Ø	Ø	Ø	Ø	Ø	Ø	Ø	Ø	Ø	Ø	Ø	n	Ø	Ø	Ø	Ø	Ø	Ø	Ø	Ø	3272:6	straight
411	C	1	n	m	Ø	Ø	Ø	Ø	Ø	Ø	Ø	Ø	Ø	Ø	Ø	Ø	Ø	Ø	Ø	Ø	Ø	Ø	Ø	m	Ø	Ø	Ø	Ø	n	Ø	Ø	Ø	Ø	Ø	Ø	Ø	Ø	3469:2	thick
435	C	1	n	t	Ø	Ø	Ø	Ø	Ø	Ø	Ø	Ø	Ø	Ø	Ø	Ø	Ø	Ø	Ø	Ø	Ø	Ø	Ø	-	Ø	Ø	Ø	Ø	-	Ø	Ø	Ø	Ø	Ø	Ø	Ø	Ø	3680:8	to breathe
462	C	1	n	-	Ø	Ø	Ø	Ø	Ø	Ø	Ø	Ø	Ø	Ø	Ø	Ø	Ø	Ø	Ø	Ø	Ø	Ø	Ø	-	Ø	Ø	-	Ø	-	Ø	Ø	Ø	Ø	Ø	Ø	ɲ	Ø	4166:4	to kill
501	C	1	mʲ	m	Ø	Ø	Ø	Ø	Ø	Ø	Ø	Ø	Ø	Ø	Ø	Ø	Ø	Ø	Ø	Ø	Ø	Ø	Ø	m	Ø	Ø	Ø	Ø	m	Ø	Ø	Ø	Ø	Ø	Ø	Ø	Ø	4925:2	two
35	C	41	m	b	Ø	Ø	m	Ø	Ø	m	Ø	m	Ø	Ø	m	m	Ø	m	Ø	Ø	m	Ø	Ø	m	Ø	Ø	Ø	Ø	m	Ø	m	m	m	Ø	Ø	-	Ø	184:1, 219:0, 309:0, 730:0, 1257:1, 1285:5, 1599:0, 1736:6, 1854:3, 1933:0, 2356:3, 2506:1, 2528:1, 2576:0, 2702:1, 2791:0, 2822:5, 3045:2, 3117:0, 3173:0, 3209:1, 3471:3, 3866:0, 4404:0, 4491:2, 4623:4, 4889:1, 4927:0, 5018:0, 5053:0, 5203:0, 5333:0, 5438:1, 2090:0, 2164:4, 2792:0, 4542:0, 1465:0, 3073:0, 381:0, 2504:0	bad (deleterious or unsuitable) / bark / big / black / ear / good / grass / head / how / leaf / long / many / name / neck / old / right (correct) / right (hand) / river / salt / sea (ocean) / see / small / smoke (of fire) / smooth / star / stick (of wood) / thick / to eat / to sing / to squeeze / to suck / to think / tree / two / we / wet / who? / with (accompanying) / ye
7	C	29	m	m	Ø	Ø	Ø	Ø	Ø	m	Ø	Ø	Ø	Ø	Ø	Ø	Ø	-	Ø	Ø	Ø	Ø	m	m	Ø	Ø	Ø	Ø	m	Ø	Ø	Ø	Ø	Ø	Ø	Ø	Ø	130:2, 347:4, 1158:7, 1347:1, 1682:2, 1799:0, 1917:3, 1958:2, 3208:2, 3967:0, 5435:3, 422:2, 1316:2, 1774:0, 2193:2, 3469:8, 3680:0, 3831:1, 4621:7, 4886:2, 5231:7, 1888:2, 3554:3, 1852:5, 3583:2, 3583:7, 3649:1, 523:7, 5085:0	at / bird / blood / cloud / fog / green / guts / in / left (hand) / leg / long / louse / man (male human) / meat (flesh) / new / stick (of wood) / thick / thou / three / to blow (of wind) / to breathe / to drink / to fight / to think / tree / what? / wide / ye
81	C	27	m	m	Ø	Ø	Ø	m	Ø	m	Ø	Ø	-	Ø	Ø	Ø	Ø	m	Ø	Ø	Ø	Ø	m	m	Ø	Ø	m	Ø	m	Ø	m	m	m	Ø	Ø	m	-	135:0, 1334:0, 1526:2, 1551:0, 1689:0, 1899:3, 2207:2, 2311:2, 2353:4, 3322:4, 3604:2, 4138:0, 4191:0, 4501:1, 4639:2, 4945:0, 5453:1, 562:3, 930:0, 2567:1, 4762:0, 706:1, 1061:2, 1468:0, 2973:5, 4166:0, 4731:1	at / day (opposite of night rather than time measure) / dust / father / fish / green / head / heart / heavy / in / louse / new / not / old / river / sky / sun / three / to hold (in hand) / to kill / to squeeze / to think / to vomit / to walk / two / ye
152	C	12	m	-	Ø	n	ɲ	Ø	Ø	Ø	Ø	Ø	n	Ø	Ø	ɲ	Ø	Ø	Ø	Ø	n	Ø	Ø	-	Ø	Ø	Ø	n	m	Ø	Ø	Ø	Ø	Ø	Ø	ɲ	ɲ	2464:0, 5058:0, 1542:1, 2821:4, 3622:3, 3709:3, 4068:4, 4256:3, 1685:3, 2758:4, 4002:4, 4452:5	heavy / in / red / say / see / to bite / to come / to fly / to hear / to live / to spit / wet
328	C	1	m	m	Ø	Ø	Ø	Ø	Ø	Ø	Ø	Ø	Ø	Ø	Ø	Ø	Ø	Ø	Ø	Ø	Ø	Ø	Ø	m	Ø	Ø	Ø	Ø	-	Ø	Ø	Ø	Ø	Ø	Ø	Ø	Ø	2193:6	new
487	C	1	kʲ	k	Ø	Ø	Ø	Ø	Ø	Ø	Ø	Ø	Ø	Ø	Ø	Ø	Ø	Ø	Ø	Ø	Ø	Ø	Ø	k	Ø	Ø	Ø	Ø	k	Ø	Ø	Ø	Ø	Ø	Ø	Ø	Ø	4685:3	to tie
6	C	55	k	k	k	k	kʷ	Ø	k	-	Ø	Ø	k	Ø	k	g	Ø	g	Ø	Ø	g	k	ɾ	k	Ø	Ø	g	Ø	k	Ø	k	k	k	-	k	k	k	1023:0, 1829:2, 1890:0, 1985:0, 2021:0, 2643:0, 2725:5, 3014:2, 3174:0, 4005:0, 4848:3, 5355:0, 467:1, 771:3, 1255:3, 1316:4, 1465:2, 1827:1, 2221:0, 2366:2, 2366:6, 2407:2, 2608:0, 2608:3, 3073:2, 3243:0, 3340:3, 4452:4, 4593:2, 5231:3, 1158:5, 1218:7, 1799:2, 2159:0, 4208:2, 4286:2, 4755:2, 99:3, 727:0, 381:2, 523:5, 2671:0, 3583:0, 87:3, 387:0, 468:2, 954:0, 1061:4, 1466:4, 1661:2, 3044:2, 3182:1, 4975:4, 5020:0, 5202:0	animal / ashes / black / bone / cloud / ear / earth (soil) / feather (larger feathers rather than down) / fire / fish / fog / four / good / green / head / if / leg / liver / louse / mother / mountain / neck / night / one / other / root / rope / rotten (especially log) / sand / sleep / small / smoke (of fire) / star / stone / tail / three / to fly / to know (facts) / to play / to spit / to swim / to walk / tooth (front rather than molar) / water / we / who? / wide / woman
116	C	29	k	k	k	k	kʰʲ	Ø	Ø	k	Ø	Ø	k	Ø	k	k	Ø	x	Ø	Ø	-	kʰ	kʷ	k	Ø	Ø	k	k	k	Ø	k	k	k	Ø	Ø	tʲ	kʷ	1334:2, 1526:0, 1526:4, 1814:0, 2207:0, 2843:0, 3259:4, 3956:2, 4273:0, 4639:0, 4639:4, 4701:0, 4745:0, 4745:2, 5322:3, 629:3, 3477:4, 4077:0, 4077:2, 4640:3, 4762:2, 4785:2, 5032:0, 2:0, 1541:0, 2459:0, 2504:4, 2610:6, 4330:0	I / dog / green / heart / heavy / leg / new / red / right (correct) / root / see / stone / thick / to fear / to hear / to live / to push / to think / to tie / to vomit / to walk / to wash / we / wing
184	C	8	k	k	Ø	Ø	Ø	Ø	Ø	Ø	Ø	Ø	Ø	Ø	Ø	Ø	Ø	k	Ø	Ø	Ø	Ø	Ø	k	Ø	Ø	Ø	Ø	k	Ø	g	g	g	Ø	Ø	Ø	Ø	230:1, 819:2, 971:1, 2656:1, 5339:2, 5418:2, 4542:2, 5411:4	bark / egg / feather (larger feathers rather than down) / rope / to suck / with (accompanying) / worm
129	C	7	k	-	Ø	Ø	Ø	Ø	Ø	-	Ø	Ø	Ø	Ø	Ø	Ø	Ø	Ø	Ø	Ø	Ø	Ø	Ø	-	Ø	Ø	-	Ø	-	Ø	-	-	-	Ø	Ø	Ø	Ø	3967:4, 4300:4, 1091:4, 4067:4, 4323:4, 4731:4, 5109:7	five / to fight / to hear / to pull / to push / to vomit / when?
196	C	5	k	k	Ø	Ø	-	Ø	Ø	Ø	Ø	k	Ø	Ø	g	-	Ø	-	Ø	Ø	-	Ø	Ø	k	Ø	Ø	Ø	Ø	k	Ø	k	k	k	Ø	Ø	mʷ	Ø	3441:5, 5032:2, 2090:4, 2164:0, 3012:0	name / neck / sleep / they / we
214	C	4	k	k	kʷ	Ø	Ø	Ø	Ø	k	Ø	Ø	Ø	Ø	Ø	Ø	Ø	Ø	-	Ø	Ø	Ø	g	k	Ø	Ø	Ø	Ø	k	Ø	k	k	-	Ø	Ø	Ø	-	706:3, 1128:3, 1966:2, 1984:3	dust / flower / meat (flesh) / mother
290	C	1	k	k	Ø	Ø	Ø	Ø	Ø	Ø	Ø	Ø	Ø	Ø	Ø	Ø	Ø	Ø	Ø	Ø	Ø	Ø	Ø	k	Ø	Ø	Ø	Ø	p	Ø	Ø	Ø	Ø	Ø	Ø	Ø	Ø	1733:2	leaf
439	C	1	k	k	Ø	Ø	Ø	Ø	Ø	Ø	Ø	Ø	Ø	Ø	Ø	-	Ø	Ø	Ø	Ø	Ø	Ø	Ø	-	Ø	Ø	Ø	Ø	k	Ø	Ø	Ø	Ø	Ø	Ø	Ø	Ø	3775:2	to die
483	C	1	k	m	Ø	Ø	Ø	Ø	Ø	Ø	Ø	Ø	Ø	Ø	Ø	Ø	Ø	Ø	Ø	Ø	Ø	Ø	Ø	-	Ø	Ø	Ø	Ø	m	Ø	Ø	Ø	Ø	Ø	Ø	Ø	Ø	4593:4	to swim
77	C	15	j	j	p	p	Ø	Ø	tʃ	j	Ø	Ø	j	Ø	Ø	Ø	t	Ø	Ø	Ø	Ø	Ø	ð	j	Ø	Ø	dʑ	Ø	j	Ø	Ø	Ø	Ø	Ø	Ø	Ø	j	616:0, 2193:0, 3171:0, 3243:2, 3680:2, 3864:0, 4593:0, 5201:0, 99:0, 523:0, 882:0, 1128:0, 1158:0, 2973:2, 3302:1	ashes / cloud / dog / far / flower / fog / new / sky / star / stone / sun / to breathe / to eat / to swim / who?
13	C	57	h	h	kʲ	k	h	Ø	Ø	k	Ø	Ø	k	h	Ø	h	h	h	Ø	Ø	h	ʔ	k	h	Ø	k	ʔ	Ø	h	Ø	h	h	h	Ø	Ø	Ø	tʃ	274:0, 405:0, 687:0, 750:0, 819:0, 1695:0, 1726:0, 1787:0, 2420:0, 2483:0, 2621:0, 2897:0, 3059:0, 3139:0, 3322:0, 3761:0, 3850:0, 3956:0, 4442:0, 4996:0, 629:0, 3477:0, 4785:0, 5289:0, 5332:0, 556:3, 1022:3, 1286:0, 1628:2, 2001:3, 2021:2, 2117:2, 2978:0, 3777:2, 4168:2, 4813:3, 3522:2, 800:2, 833:0, 1390:3, 2254:2, 3340:1, 4685:0, 4925:0, 1347:4, 2159:5, 2598:0, 4300:0, 4781:2, 1091:3, 4255:2, 882:2, 1019:0, 1541:2, 3587:1, 4847:1, 2161:3	belly / black / day (opposite of night rather than time measure) / dog / dull (knife) / ear / egg / eye / far / fire / five / grass / guts / hand / heavy / husband / in / lake / left (hand) / mother / mountain / narrow / neck / nose / other / red / road (or trail) / root / sharp (as knife) / sky / small / snake / sun / tail / thick / this / three / to cut / to die / to drink / to fear / to kill / to live / to pull / to smell (perceive odor) / to tie / to wash / tongue / tooth (front rather than molar) / two / water / wind / with (accompanying)
60	C	20	h	h	Ø	Ø	ʔ	Ø	h	Ø	Ø	Ø	Ø	Ø	Ø	ʔ	Ø	Ø	Ø	Ø	ʔ	ʔ	Ø	h	Ø	Ø	ʔ	Ø	h	Ø	Ø	Ø	Ø	Ø	Ø	Ø	Ø	219:3, 619:3, 730:3, 1095:0, 1179:3, 1985:2, 2298:2, 2558:0, 2726:3, 3303:2, 4005:2, 4257:2, 4890:0, 5018:3, 2195:2, 3370:2, 2258:0, 3775:0, 4526:2, 5161:2	bark / dog / ear / five / foot / mother / new / nose / not / river / sand / sun / that / to die / to fly / to live / to stand / tree / we / white
199	C	2	h	j	Ø	Ø	-	Ø	Ø	Ø	Ø	Ø	Ø	Ø	Ø	-	Ø	Ø	Ø	Ø	-	Ø	Ø	h	Ø	Ø	Ø	Ø	h	Ø	Ø	Ø	Ø	j	Ø	Ø	Ø	1562:0, 4147:0	here / to hunt (game)
243	C	1	h	m	Ø	Ø	Ø	Ø	Ø	Ø	Ø	Ø	Ø	Ø	Ø	Ø	Ø	Ø	Ø	Ø	Ø	Ø	Ø	-	Ø	Ø	Ø	Ø	-	Ø	Ø	Ø	Ø	Ø	Ø	Ø	Ø	306:0	big
24	C	60	-	m	Ø	Ø	tʰ	t	Ø	Ø	tʃ	Ø	Ø	dʒ	dz	t	Ø	-	Ø	Ø	t	Ø	Ø	tʃ	Ø	Ø	-	Ø	t	Ø	d	d	d	d	Ø	Ø	Ø	405:6, 603:6, 666:6, 687:5, 971:3, 1334:6, 1551:4, 1813:1, 2032:7, 2311:0, 2483:5, 2684:5, 2687:4, 2843:3, 2897:5, 3026:3, 3059:6, 3114:6, 3510:3, 3761:4, 3850:4, 4019:2, 4273:4, 4310:4, 4394:4, 4442:4, 4484:4, 4501:3, 4503:1, 4503:4, 4556:4, 4609:1, 4668:5, 4701:4, 4745:5, 4862:3, 5120:5, 5183:5, 5339:0, 3477:7, 4077:4, 4640:5, 5503:6, 424:0, 1178:1, 2256:0, 2299:1, 2366:0, 3182:3, 3212:2, 3627:3, 3663:4, 4147:2, 678:0, 1628:0, 2462:0, 2557:0, 2673:0, 3275:0, 5260:0	black / blood / dirty / dry (substance) / dull (knife) / feather (larger feathers rather than down) / foot / green / heavy / husband / leg / mountain / nose / not / one / red / river / rotten (especially log) / see / sharp (as knife) / sleep / small / smooth / star / stick (of wood) / straight / thick / thin / to bite / to blow (of wind) / to cut / to drink / to fly / to hear / to hunt (game) / to live / to pull / to sew / to smell (perceive odor) / to split / to squeeze / to suck / to swim / to think / to throw / to tie / to vomit / tooth (front rather than molar) / when? / white / wife / with (accompanying) / yellow
21	C	14	-	-	Ø	Ø	Ø	p	Ø	Ø	Ø	Ø	Ø	Ø	Ø	Ø	Ø	ɸ	Ø	Ø	Ø	Ø	Ø	Ø	Ø	Ø	Ø	Ø	-	Ø	ɸ	ɸ	p	Ø	Ø	Ø	Ø	666:2, 750:2, 1486:1, 1695:2, 2684:2, 3259:2, 4019:0, 4394:2, 4830:2, 2063:0, 2266:2, 4640:0, 1130:2, 953:0	dry (substance) / ear / feather (larger feathers rather than down) / flower / head / in / mouth / nose / rotten (especially log) / stone / to fly / to sew / to think / tongue
222	C	14	-	-	kʷ	k	-	Ø	Ø	ʔ	Ø	Ø	k	-	Ø	-	Ø	k	Ø	j	-	Ø	k	-	Ø	Ø	Ø	k	-	Ø	Ø	Ø	Ø	Ø	Ø	-	k	1284:6, 1828:0, 2821:2, 3013:2, 3075:5, 4453:4, 5110:4, 221:3, 1684:0, 2255:4, 2611:4, 2672:2, 3501:0, 3708:2	bark / grass / in / liver / nose / root / rotten (especially log) / see / sleep / smoke (of fire) / thin / to come / to spit / when?
171	C	7	-	t	Ø	t	Ø	Ø	Ø	Ø	Ø	Ø	t	Ø	Ø	Ø	Ø	Ø	Ø	Ø	Ø	Ø	Ø	tʃ	Ø	Ø	Ø	dʒ	t	Ø	Ø	Ø	Ø	t	Ø	t	t	2407:0, 3272:2, 2408:0, 4068:0, 3917:1, 4233:3, 5134:0	other / straight / to fall (drop rather than topple) / to hear / to laugh / where?
126	C	3	-	-	Ø	Ø	Ø	Ø	Ø	Ø	Ø	Ø	Ø	Ø	Ø	Ø	Ø	Ø	Ø	Ø	Ø	Ø	Ø	t	Ø	Ø	Ø	-	-	Ø	Ø	Ø	Ø	Ø	Ø	Ø	Ø	306:3, 800:5, 2020:3	big / egg / mountain
209	C	3	-	Ø	Ø	Ø	Ø	Ø	Ø	Ø	Ø	Ø	Ø	Ø	Ø	Ø	Ø	Ø	Ø	Ø	Ø	Ø	Ø	k	Ø	Ø	Ø	Ø	-	Ø	b	-	b	Ø	Ø	Ø	Ø	1917:6, 1958:5, 3923:0	man (male human) / meat (flesh) / to fall (drop rather than topple)
179	C	2	-	ts	Ø	Ø	Ø	Ø	Ø	Ø	Ø	k	Ø	-	g	Ø	Ø	-	Ø	Ø	Ø	Ø	Ø	w	Ø	Ø	Ø	Ø	ts	Ø	-	-	-	Ø	Ø	Ø	Ø	1396:0, 3301:3	hand / sun
236	C	1	-	-	Ø	Ø	Ø	Ø	Ø	Ø	Ø	Ø	Ø	Ø	Ø	Ø	Ø	Ø	Ø	Ø	Ø	Ø	Ø	m	Ø	Ø	Ø	Ø	-	Ø	Ø	Ø	Ø	Ø	Ø	Ø	Ø	35:0	all (of a number)
237	C	1	-	-	Ø	Ø	Ø	Ø	-	Ø	Ø	Ø	Ø	Ø	Ø	Ø	Ø	Ø	Ø	Ø	Ø	Ø	Ø	ŋ	Ø	Ø	Ø	Ø	n	Ø	Ø	Ø	Ø	Ø	Ø	Ø	Ø	99:2	ashes
239	C	1	-	-	Ø	Ø	Ø	Ø	-	Ø	Ø	Ø	Ø	Ø	Ø	Ø	Ø	Ø	Ø	Ø	Ø	Ø	Ø	n	Ø	Ø	Ø	Ø	n	Ø	Ø	Ø	Ø	Ø	Ø	Ø	Ø	99:5	ashes
241	C	1	-	-	Ø	Ø	Ø	Ø	-	Ø	Ø	Ø	Ø	Ø	Ø	Ø	Ø	Ø	Ø	Ø	Ø	Ø	Ø	m	Ø	Ø	Ø	Ø	m	Ø	Ø	Ø	Ø	Ø	Ø	Ø	Ø	99:7	ashes
248	C	1	-	n	Ø	Ø	Ø	Ø	Ø	Ø	Ø	Ø	Ø	Ø	Ø	Ø	Ø	Ø	Ø	Ø	Ø	Ø	Ø	-	Ø	Ø	Ø	Ø	n	Ø	Ø	Ø	Ø	Ø	Ø	Ø	Ø	553:4	day (opposite of night rather than time measure)
275	C	1	-	b	Ø	Ø	Ø	Ø	Ø	Ø	Ø	Ø	Ø	Ø	Ø	Ø	Ø	Ø	Ø	Ø	Ø	Ø	Ø	-	Ø	Ø	Ø	Ø	-	Ø	Ø	Ø	Ø	Ø	Ø	Ø	Ø	1316:5	green
302	C	1	-	-	Ø	Ø	Ø	Ø	Ø	n	Ø	Ø	Ø	Ø	Ø	Ø	Ø	Ø	Ø	Ø	Ø	Ø	n	-	Ø	Ø	Ø	Ø	-	Ø	Ø	Ø	Ø	Ø	Ø	Ø	Ø	1888:4	louse
359	C	1	-	Ø	Ø	Ø	Ø	Ø	Ø	-	Ø	Ø	Ø	Ø	Ø	Ø	Ø	Ø	Ø	Ø	Ø	Ø	Ø	tʃ	Ø	Ø	Ø	Ø	tʃ	Ø	d	r	d	Ø	Ø	Ø	Ø	2751:0	say
360	C	1	-	n	Ø	Ø	Ø	Ø	Ø	Ø	Ø	Ø	Ø	Ø	Ø	Ø	Ø	Ø	Ø	Ø	Ø	Ø	Ø	n	Ø	Ø	Ø	Ø	n	Ø	Ø	Ø	Ø	Ø	Ø	Ø	Ø	2787:0	sea (ocean)
361	C	1	-	j	Ø	Ø	Ø	Ø	Ø	Ø	Ø	Ø	Ø	Ø	Ø	Ø	Ø	Ø	Ø	Ø	Ø	Ø	Ø	j	Ø	Ø	Ø	Ø	j	Ø	Ø	Ø	Ø	Ø	Ø	Ø	Ø	2787:2	sea (ocean)
375	C	1	-	-	Ø	Ø	Ø	Ø	Ø	Ø	Ø	Ø	-	Ø	Ø	Ø	Ø	Ø	Ø	Ø	Ø	Ø	Ø	p	Ø	Ø	Ø	Ø	-	Ø	Ø	Ø	Ø	Ø	Ø	Ø	-	2973:6	sky
385	C	1	-	m	Ø	Ø	Ø	Ø	Ø	Ø	Ø	Ø	Ø	Ø	Ø	Ø	Ø	Ø	Ø	Ø	Ø	Ø	Ø	-	Ø	Ø	Ø	Ø	-	Ø	Ø	Ø	Ø	Ø	Ø	Ø	Ø	3073:9	smoke (of fire)
395	C	1	-	j	Ø	Ø	Ø	Ø	Ø	Ø	Ø	Ø	Ø	Ø	Ø	Ø	Ø	Ø	Ø	Ø	Ø	Ø	Ø	-	Ø	Ø	Ø	Ø	-	Ø	Ø	Ø	Ø	Ø	Ø	Ø	Ø	3171:2	star
405	C	1	-	Ø	Ø	-	Ø	Ø	Ø	Ø	Ø	Ø	-	Ø	Ø	Ø	Ø	Ø	Ø	Ø	Ø	Ø	Ø	-	Ø	Ø	Ø	Ø	t	Ø	Ø	Ø	Ø	Ø	Ø	t	Ø	3428:2	they
410	C	1	-	k	Ø	Ø	Ø	Ø	Ø	Ø	Ø	Ø	Ø	Ø	Ø	Ø	Ø	Ø	Ø	Ø	Ø	Ø	Ø	k	Ø	Ø	Ø	Ø	w	Ø	Ø	Ø	Ø	Ø	Ø	Ø	Ø	3469:0	thick
419	C	1	-	Ø	Ø	Ø	Ø	Ø	Ø	Ø	Ø	Ø	Ø	Ø	Ø	-	Ø	Ø	Ø	Ø	-	g	Ø	-	Ø	Ø	Ø	Ø	-	Ø	Ø	Ø	Ø	Ø	Ø	Ø	Ø	3522:0	this
422	C	1	-	-	Ø	Ø	Ø	Ø	Ø	k	Ø	Ø	Ø	Ø	Ø	Ø	Ø	Ø	Ø	Ø	Ø	Ø	kˀ	-	Ø	Ø	Ø	Ø	-	Ø	Ø	Ø	Ø	Ø	Ø	Ø	Ø	3554:0	thou
423	C	1	-	-	Ø	Ø	Ø	Ø	Ø	-	Ø	Ø	Ø	Ø	Ø	Ø	Ø	Ø	Ø	Ø	Ø	Ø	n	-	Ø	Ø	Ø	Ø	-	Ø	Ø	Ø	Ø	Ø	Ø	Ø	Ø	3554:2	thou
464	C	1	-	-	Ø	Ø	Ø	Ø	Ø	Ø	Ø	Ø	Ø	Ø	Ø	Ø	Ø	Ø	Ø	Ø	Ø	Ø	Ø	-	Ø	Ø	-	Ø	-	Ø	Ø	Ø	Ø	Ø	Ø	ts	Ø	4166:6	to kill
518	C	1	-	-	Ø	Ø	Ø	Ø	Ø	Ø	Ø	Ø	Ø	Ø	Ø	Ø	Ø	Ø	Ø	Ø	Ø	Ø	Ø	-	Ø	Ø	Ø	Ø	m	Ø	Ø	Ø	Ø	Ø	Ø	Ø	Ø	5109:5	when?
11	+	9	Ø	Ø	Ø	Ø	Ø	Ø	Ø	Ø	Ø	Ø	Ø	Ø	Ø	Ø	Ø	-	Ø	Ø	Ø	Ø	Ø	Ø	Ø	Ø	Ø	Ø	Ø	Ø	-	-	-	Ø	Ø	Ø	Ø	562:6, 562:7, 930:2, 930:3, 2986:2, 2986:3, 3441:7, 3441:8, 3561:1	day (opposite of night rather than time measure) / father / sky / they / thou
15	+	9	Ø	Ø	Ø	Ø	Ø	Ø	Ø	Ø	Ø	Ø	Ø	Ø	Ø	Ø	Ø	Ø	Ø	Ø	Ø	Ø	Ø	Ø	Ø	Ø	Ø	Ø	Ø	Ø	-	-	-	Ø	Ø	Ø	Ø	274:3, 274:4, 2420:4, 3884:2, 3884:3, 4668:2, 5418:1, 5453:2, 5453:3	belly / other / to eat / to throw / worm / ye
62	+	4	Ø	Ø	Ø	Ø	-	Ø	Ø	Ø	Ø	Ø	Ø	Ø	Ø	-	Ø	Ø	Ø	Ø	-	Ø	Ø	Ø	Ø	Ø	Ø	Ø	Ø	Ø	Ø	Ø	Ø	Ø	Ø	Ø	Ø	260:5, 1736:0, 1736:1, 1736:2	belly / leaf
47	+	2	Ø	Ø	Ø	Ø	-	Ø	Ø	Ø	Ø	Ø	Ø	Ø	Ø	-	Ø	Ø	Ø	Ø	-	Ø	Ø	Ø	Ø	Ø	Ø	Ø	Ø	Ø	-	-	-	Ø	Ø	Ø	Ø	424:2, 424:3	blood
95	+	2	Ø	Ø	Ø	Ø	Ø	Ø	Ø	Ø	-	Ø	Ø	Ø	Ø	Ø	Ø	Ø	Ø	Ø	Ø	Ø	Ø	Ø	Ø	Ø	Ø	Ø	Ø	Ø	-	-	-	Ø	Ø	Ø	Ø	3212:3, 3212:4	stick (of wood)
160	+	2	Ø	-	Ø	Ø	Ø	Ø	Ø	Ø	-	Ø	Ø	-	Ø	Ø	Ø	Ø	Ø	Ø	Ø	Ø	Ø	Ø	Ø	Ø	Ø	Ø	Ø	Ø	Ø	Ø	Ø	Ø	Ø	Ø	Ø	4846:2, 4846:3	tooth (front rather than molar)
344	+	1	Ø	Ø	Ø	Ø	Ø	Ø	Ø	Ø	Ø	Ø	Ø	-	Ø	Ø	Ø	Ø	Ø	-	Ø	Ø	Ø	Ø	Ø	-	Ø	Ø	Ø	Ø	Ø	Ø	Ø	Ø	Ø	Ø	Ø	2375:7	one
507	+	1	Ø	Ø	Ø	Ø	Ø	Ø	Ø	Ø	Ø	Ø	-	Ø	Ø	Ø	Ø	Ø	Ø	Ø	Ø	Ø	Ø	Ø	Ø	Ø	Ø	Ø	Ø	Ø	-	-	-	Ø	Ø	Ø	-	5020:2	we
69	+	3	-	Ø	Ø	Ø	Ø	Ø	Ø	Ø	Ø	Ø	Ø	Ø	Ø	Ø	Ø	-	Ø	Ø	Ø	Ø	Ø	-	Ø	Ø	Ø	Ø	-	Ø	Ø	Ø	Ø	Ø	Ø	Ø	Ø	5411:0, 5411:1, 5411:2	worm
286	+	1	-	Ø	Ø	Ø	Ø	Ø	Ø	Ø	Ø	Ø	Ø	Ø	Ø	Ø	Ø	Ø	Ø	Ø	Ø	Ø	Ø	-	Ø	Ø	-	Ø	Ø	Ø	Ø	Ø	Ø	Ø	Ø	Ø	Ø	1661:0	if
