ID	STRUCTURE	FREQUENCY	AchuarShiwiar	Aguaruna	Arabela	Bora	Chayahuita	Iquito	Muinane	Ocaina	Resigaro	Shiwilu	Shuar	Urarina	Wampis	Waorani	WitotoMinica	WitotoMurui	WitotoNipode	Yagua	Yanesha	Zaparo	COGNATESETS	CONCEPTS
252	v	1	ɨː	Ø	Ø	Ø	Ø	Ø	Ø	Ø	Ø	Ø	ɨ	Ø	eː	Ø	Ø	Ø	Ø	Ø	Ø	Ø	2700:1	salt
144	v	4	ɨi	a	Ø	ɛ	Ø	Ø	o	Ø	e	Ø	ei	Ø	a	Ø	Ø	Ø	Ø	Ø	Ø	Ø	2195:1, 3370:1, 4845:2, 553:3	day (opposite of night rather than time measure) / new / that / tooth (front rather than molar)
73	v	2	ɨi	ɛi	Ø	Ø	Ø	-	Ø	Ø	Ø	Ø	ei	Ø	i	Ø	Ø	Ø	Ø	Ø	Ø	-	1917:1, 2973:4	man (male human) / sky
311	v	1	ɨi	-	Ø	Ø	Ø	Ø	Ø	Ø	Ø	Ø	-	Ø	-	Ø	Ø	Ø	Ø	Ø	Ø	Ø	3680:3	to breathe
28	v	20	ɨ	ɨ	Ø	Ø	ɨ	i	Ø	Ø	Ø	i	ɨ	Ø	e	Ø	Ø	Ø	Ø	Ø	a	ɨ	1176:3, 1255:1, 1255:4, 1316:3, 1390:2, 1774:1, 3340:4, 5279:3, 2554:0, 4208:1, 4246:1, 4246:3, 4755:1, 953:2, 1091:2, 2048:1, 3621:0, 1888:1, 2504:1, 3917:0	feather (larger feathers rather than down) / five / foot / good / green / hand / left (hand) / louse / mouth / right (correct) / river / tail / to bite / to fall (drop rather than topple) / to know (facts) / to lie / to walk / wind
124	v	12	ɨ	ɨ	i	Ø	a	i	Ø	aː	Ø	a	ɨ	Ø	e	Ø	o	o	o	Ø	e	u	2821:1, 2821:5, 3622:4, 3709:4, 4068:5, 4256:4, 3917:6, 4233:6, 2504:3, 3554:4, 3681:6, 2792:1	right (correct) / sea (ocean) / see / thou / to bite / to breathe / to come / to fall (drop rather than topple) / to hear / to laugh / to live
256	v	1	ɨ	a	Ø	Ø	Ø	Ø	Ø	Ø	Ø	Ø	a	Ø	a	Ø	Ø	Ø	Ø	Ø	Ø	Ø	2787:3	sea (ocean)
3	v	23	Ø	Ø	Ø	Ø	Ø	Ø	Ø	-	Ø	Ø	-	Ø	Ø	Ø	i	i	i	Ø	Ø	Ø	230:0, 405:1, 687:4, 1040:0, 1130:3, 2150:5, 2483:1, 2656:0, 2687:3, 2924:0, 3322:1, 3604:5, 3723:1, 3850:1, 4138:3, 4556:1, 4830:0, 4862:0, 4862:2, 5322:0, 2567:0, 3627:2, 4363:1	bark / black / dull (knife) / fire / flower / near / red / river / rope / rotten (especially log) / short / sun / three / to bite / to come / to drink / to hold (in hand) / to rub / to suck / tongue / tooth (front rather than molar) / wing
15	v	15	Ø	Ø	Ø	Ø	-	Ø	Ø	-	Ø	Ø	Ø	Ø	Ø	Ø	i	-	i	Ø	Ø	Ø	328:1, 534:1, 687:2, 2353:1, 2621:2, 2897:2, 3085:1, 3139:2, 4191:2, 4503:3, 5120:4, 5245:1, 5322:2, 5370:2, 2792:4	big / cloud / dull (knife) / old / root / sea (ocean) / sharp (as knife) / smoke (of fire) / snake / to kill / to squeeze / when? / wide / wing / woman
43	v	6	Ø	Ø	u	Ø	Ø	-	Ø	Ø	Ø	Ø	Ø	Ø	Ø	Ø	Ø	Ø	Ø	Ø	-	-	2821:6, 3622:5, 3709:5, 4068:6, 4256:5, 3681:7	see / to bite / to breathe / to come / to hear / to live
117	v	6	Ø	Ø	-	-	-	-	-	-	Ø	-	Ø	ɨ	Ø	Ø	e	e	e	Ø	-	a	3477:6, 5503:5, 2:3, 2090:3, 3401:0, 3917:4	I / name / there / thick / to fall (drop rather than topple) / yellow
45	v	5	Ø	Ø	Ø	Ø	Ø	Ø	Ø	ɯ	Ø	Ø	Ø	Ø	Ø	Ø	ai	ai	ai	Ø	Ø	Ø	1726:3, 1814:1, 2709:1, 3761:1, 5289:1	lake / leg / salt / to cut / wind
54	v	5	Ø	Ø	-	-	Ø	a	-	Ø	Ø	Ø	Ø	Ø	Ø	Ø	Ø	Ø	Ø	Ø	Ø	a	3075:0, 3709:0, 4453:0, 5475:0, 1466:0	head / smoke (of fire) / to come / to spit / year
57	v	5	Ø	Ø	i	Ø	Ø	i	Ø	-	Ø	Ø	Ø	Ø	Ø	Ø	Ø	Ø	Ø	Ø	Ø	i	834:3, 2161:2, 5110:7, 5475:4, 221:0	bark / eye / neck / when? / year
153	v	5	Ø	Ø	a	-	Ø	aː	-	Ø	Ø	Ø	Ø	Ø	Ø	Ø	-	Ø	-	a	Ø	a	1828:3, 2408:1, 5082:1, 1603:3, 4147:1	how / liver / other / to hunt (game) / what?
47	v	4	Ø	Ø	Ø	Ø	Ø	Ø	Ø	-	Ø	Ø	Ø	Ø	Ø	Ø	-	e	-	Ø	Ø	Ø	562:2, 2373:3, 1787:5, 4273:3	day (opposite of night rather than time measure) / left (hand) / one / to live
56	v	4	Ø	Ø	Ø	Ø	Ø	Ø	Ø	a	Ø	Ø	Ø	Ø	Ø	Ø	a	aɯ	a	Ø	Ø	Ø	2420:2, 3823:1, 5267:0, 2229:1	night / other / to dig / wife
68	v	4	Ø	Ø	Ø	Ø	Ø	Ø	Ø	-	Ø	Ø	-	Ø	Ø	Ø	i	-	-	Ø	Ø	Ø	1997:1, 2684:4, 3890:3, 3923:3	mother / rotten (especially log) / to eat / to fall (drop rather than topple)
60	v	3	Ø	Ø	i	Ø	Ø	-	Ø	Ø	Ø	Ø	Ø	Ø	Ø	Ø	Ø	Ø	Ø	Ø	Ø	-	834:5, 1542:4, 4453:2	eye / heavy / to spit
61	v	3	Ø	Ø	Ø	Ø	Ø	Ø	Ø	Ø	Ø	Ø	Ø	Ø	Ø	Ø	-	-	i	Ø	Ø	Ø	1040:3, 2032:2, 2311:3	fire / mountain / not
70	v	3	Ø	Ø	Ø	Ø	Ø	Ø	Ø	-	Ø	Ø	Ø	Ø	Ø	Ø	ɯ	ɯ	-	Ø	Ø	Ø	1486:4, 3408:3, 1439:4	he / head / there
123	v	3	Ø	Ø	-	Ø	Ø	-	Ø	Ø	Ø	Ø	Ø	Ø	Ø	Ø	-	-	-	Ø	Ø	a	2161:0, 5082:3, 5020:4	neck / we / what?
130	v	3	Ø	Ø	a	a	Ø	a	a	Ø	Ø	Ø	Ø	Ø	Ø	Ø	Ø	Ø	Ø	-	e	a	1466:5, 3832:2, 4147:3	head / to drink / to hunt (game)
146	v	3	Ø	Ø	o	Ø	Ø	iː	Ø	Ø	Ø	-	Ø	i	Ø	Ø	Ø	Ø	Ø	Ø	Ø	u	1284:5, 4453:5, 1684:1	grass / in / to spit
156	v	3	Ø	Ø	-	a	Ø	aː	a	Ø	Ø	Ø	Ø	Ø	Ø	Ø	i	Ø	o	a	Ø	a	1603:5, 4147:4, 4167:0	how / to hunt (game) / to kill
63	v	2	Ø	Ø	Ø	Ø	Ø	Ø	Ø	-	Ø	Ø	Ø	Ø	Ø	Ø	-	o	-	Ø	Ø	Ø	1396:2, 1572:3	hand / here
65	v	2	Ø	Ø	Ø	Ø	Ø	Ø	Ø	o	Ø	Ø	Ø	Ø	Ø	Ø	e	e	e	Ø	Ø	Ø	3477:8, 3890:5	thick / to eat
84	v	2	Ø	Ø	Ø	Ø	-	Ø	Ø	-	Ø	Ø	Ø	Ø	Ø	Ø	a	-	-	Ø	Ø	Ø	1669:2, 2792:6	if / sea (ocean)
89	v	2	Ø	Ø	Ø	Ø	Ø	Ø	Ø	Ø	Ø	Ø	Ø	Ø	Ø	Ø	ɯ	e	ɯ	Ø	Ø	Ø	603:1, 2420:3	dirty / other
90	v	2	Ø	Ø	Ø	Ø	Ø	Ø	Ø	Ø	Ø	Ø	Ø	Ø	Ø	Ø	ai	ai	a	Ø	Ø	Ø	1040:2, 3378:1	fire / that
92	v	2	Ø	Ø	Ø	Ø	Ø	Ø	Ø	Ø	Ø	Ø	Ø	Ø	Ø	Ø	ɯ	a	a	Ø	Ø	Ø	1669:4, 2150:1	if / near
96	v	2	Ø	Ø	Ø	Ø	Ø	Ø	Ø	Ø	Ø	Ø	Ø	Ø	Ø	Ø	o	-	o	Ø	Ø	Ø	2032:4, 4996:4	mountain / water
97	v	2	Ø	Ø	Ø	Ø	Ø	Ø	Ø	Ø	Ø	Ø	Ø	Ø	Ø	Ø	o	a	o	Ø	Ø	Ø	2164:3, 4556:3	neck / to suck
98	v	2	Ø	Ø	Ø	-	Ø	Ø	o	Ø	e	Ø	Ø	Ø	Ø	Ø	Ø	Ø	Ø	Ø	Ø	Ø	2195:3, 3370:3	new / that
99	v	2	Ø	Ø	Ø	Ø	Ø	Ø	Ø	Ø	Ø	Ø	Ø	Ø	Ø	Ø	e	ei	e	Ø	Ø	Ø	2353:0, 4191:1	old / to kill
100	v	2	Ø	Ø	o	Ø	Ø	uː	Ø	Ø	Ø	Ø	Ø	Ø	Ø	Ø	Ø	Ø	Ø	Ø	Ø	u	4167:2, 4453:3	to kill / to spit
102	v	2	Ø	Ø	Ø	Ø	Ø	Ø	Ø	-	Ø	Ø	-	Ø	Ø	Ø	-	a	-	Ø	Ø	Ø	562:0, 4363:2	day (opposite of night rather than time measure) / to rub
104	v	2	Ø	Ø	Ø	Ø	Ø	Ø	Ø	oː	Ø	Ø	Ø	Ø	Ø	Ø	oː	oː	oː	Ø	Ø	Ø	930:1, 971:0	father / feather (larger feathers rather than down)
107	v	2	Ø	Ø	Ø	Ø	Ø	Ø	Ø	iː	Ø	Ø	Ø	Ø	Ø	Ø	e	i	e	Ø	Ø	Ø	1439:2, 2541:7	he / right (hand)
108	v	2	Ø	Ø	Ø	Ø	Ø	Ø	Ø	a	Ø	Ø	Ø	Ø	Ø	Ø	e	e	a	Ø	Ø	Ø	1439:5, 3378:3	he / that
112	v	2	Ø	Ø	-	Ø	Ø	-	Ø	Ø	Ø	Ø	Ø	Ø	Ø	Ø	Ø	Ø	Ø	Ø	o	-	3681:0, 3832:0	to breathe / to drink
142	v	2	Ø	Ø	uɨ	Ø	Ø	ɨː	Ø	Ø	Ø	Ø	Ø	Ø	Ø	Ø	Ø	Ø	Ø	Ø	e	ɨ	3013:3, 3917:2	sleep / to fall (drop rather than topple)
169	v	1	Ø	Ø	Ø	Ø	-	Ø	Ø	Ø	Ø	Ø	Ø	Ø	Ø	Ø	Ø	-	aɯ	Ø	Ø	Ø	706:6	dust
170	v	1	Ø	Ø	Ø	Ø	Ø	Ø	Ø	Ø	Ø	Ø	Ø	Ø	Ø	Ø	-	u	-	Ø	Ø	Ø	787:4	earth (soil)
174	v	1	Ø	Ø	u	Ø	Ø	i	Ø	Ø	Ø	Ø	Ø	Ø	Ø	Ø	Ø	Ø	Ø	i	Ø	a	954:5	feather (larger feathers rather than down)
177	v	1	Ø	Ø	Ø	Ø	Ø	Ø	Ø	Ø	Ø	Ø	Ø	Ø	Ø	Ø	-	-	ɯ	Ø	Ø	Ø	1040:5	fire
179	v	1	Ø	Ø	Ø	Ø	Ø	Ø	Ø	Ø	Ø	Ø	Ø	Ø	Ø	Ø	i	-	ɯ	Ø	Ø	Ø	1165:1	fog
182	v	1	Ø	Ø	i	Ø	Ø	i	Ø	Ø	Ø	Ø	Ø	Ø	Ø	Ø	Ø	Ø	Ø	Ø	Ø	-	1284:1	grass
183	v	1	Ø	Ø	a	Ø	Ø	a	Ø	Ø	Ø	Ø	Ø	Ø	Ø	Ø	Ø	Ø	Ø	Ø	Ø	au	1284:3	grass
187	v	1	Ø	Ø	Ø	Ø	Ø	Ø	Ø	oː	Ø	Ø	Ø	Ø	Ø	Ø	oɯ	ɯ	oɯ	Ø	Ø	Ø	1396:4	hand
188	v	1	Ø	Ø	Ø	Ø	Ø	Ø	Ø	a	Ø	Ø	Ø	Ø	Ø	Ø	a	-	a	Ø	Ø	Ø	1439:0	he
189	v	1	Ø	Ø	Ø	i	Ø	Ø	i	Ø	-	Ø	Ø	Ø	Ø	Ø	Ø	Ø	-	Ø	Ø	Ø	1441:2	he
191	v	1	Ø	Ø	-	i	Ø	-	-	Ø	Ø	Ø	Ø	Ø	Ø	Ø	Ø	Ø	Ø	Ø	Ø	-	1466:3	head
193	v	1	Ø	Ø	iː	Ø	Ø	a	Ø	Ø	Ø	Ø	Ø	Ø	Ø	Ø	Ø	Ø	Ø	Ø	Ø	a	1542:2	heavy
196	v	1	Ø	Ø	Ø	Ø	Ø	Ø	Ø	-	Ø	Ø	Ø	Ø	Ø	Ø	e	o	o	Ø	Ø	Ø	1572:5	here
197	v	1	Ø	Ø	Ø	Ø	Ø	Ø	Ø	a	Ø	Ø	Ø	Ø	Ø	Ø	i	i	i	Ø	Ø	Ø	1635:3	husband
198	v	1	Ø	Ø	Ø	Ø	Ø	Ø	Ø	Ø	Ø	Ø	Ø	Ø	Ø	Ø	i	e	i	Ø	Ø	Ø	1669:1	if
201	v	1	Ø	Ø	Ø	Ø	Ø	Ø	Ø	Ø	Ø	Ø	Ø	Ø	Ø	Ø	iː	i	a	Ø	Ø	Ø	1745:1	leaf
204	v	1	Ø	Ø	Ø	Ø	Ø	Ø	Ø	Ø	Ø	Ø	Ø	Ø	Ø	Ø	e	ɯ	e	Ø	Ø	Ø	1787:9	left (hand)
205	v	1	Ø	Ø	o	Ø	Ø	u	Ø	Ø	Ø	Ø	Ø	Ø	Ø	Ø	Ø	Ø	Ø	Ø	Ø	a	1828:1	liver
212	v	1	Ø	Ø	Ø	Ø	Ø	Ø	Ø	Ø	Ø	Ø	Ø	Ø	Ø	Ø	ɯ	ɯ	u	Ø	Ø	Ø	1966:1	meat (flesh)
213	v	1	Ø	Ø	Ø	Ø	Ø	Ø	Ø	Ø	Ø	Ø	Ø	Ø	Ø	Ø	ɯ	ɯ	a	Ø	Ø	Ø	1966:3	meat (flesh)
215	v	1	Ø	Ø	Ø	Ø	Ø	Ø	Ø	Ø	Ø	Ø	Ø	Ø	Ø	Ø	ai	i	ɯ	Ø	Ø	Ø	1966:5	meat (flesh)
217	v	1	Ø	Ø	Ø	Ø	Ø	Ø	Ø	Ø	Ø	Ø	Ø	Ø	Ø	Ø	e	ei	a	Ø	Ø	Ø	1997:0	mother
220	v	1	Ø	Ø	Ø	Ø	Ø	Ø	Ø	Ø	Ø	Ø	Ø	Ø	Ø	Ø	ai	a	a	Ø	Ø	Ø	2032:1	mountain
221	v	1	Ø	Ø	Ø	Ø	Ø	Ø	Ø	Ø	Ø	Ø	Ø	Ø	Ø	Ø	a	i	i	Ø	Ø	Ø	2150:0	near
226	v	1	Ø	Ø	Ø	Ø	Ø	Ø	Ø	Ø	Ø	Ø	Ø	Ø	Ø	Ø	-	-	ai	Ø	Ø	Ø	2164:5	neck
227	v	1	Ø	Ø	Ø	Ø	Ø	Ø	Ø	Ø	Ø	Ø	Ø	Ø	Ø	Ø	ɯ	oɯ	o	Ø	Ø	Ø	2164:7	neck
233	v	1	Ø	Ø	u	Ø	Ø	a	Ø	Ø	Ø	Ø	Ø	Ø	Ø	Ø	Ø	Ø	Ø	Ø	Ø	-	2222:3	night
234	v	1	Ø	Ø	ua	Ø	Ø	i	Ø	Ø	Ø	Ø	Ø	Ø	Ø	Ø	Ø	Ø	Ø	Ø	Ø	a	2222:5	night
235	v	1	Ø	Ø	Ø	Ø	Ø	Ø	Ø	-	Ø	Ø	Ø	Ø	Ø	Ø	ɯː	-	ɯː	Ø	Ø	Ø	2229:2	night
237	v	1	Ø	Ø	a	Ø	Ø	i	Ø	Ø	Ø	Ø	Ø	Ø	Ø	Ø	Ø	Ø	Ø	Ø	Ø	u	2255:3	nose
238	v	1	Ø	Ø	Ø	Ø	Ø	Ø	Ø	i	iː	Ø	Ø	Ø	Ø	Ø	e	e	e	e	Ø	Ø	2303:2	not
240	v	1	Ø	Ø	Ø	Ø	Ø	Ø	Ø	Ø	Ø	Ø	Ø	Ø	Ø	Ø	a	a	e	Ø	Ø	Ø	2311:5	not
246	v	1	Ø	Ø	Ø	Ø	Ø	Ø	Ø	Ø	Ø	Ø	Ø	Ø	Ø	Ø	e	-	-	Ø	Ø	Ø	2541:3	right (hand)
248	v	1	Ø	Ø	Ø	Ø	Ø	Ø	Ø	ɯ	Ø	Ø	Ø	Ø	Ø	Ø	i	i	i	Ø	Ø	Ø	2567:4	river
251	v	1	Ø	Ø	Ø	Ø	Ø	Ø	Ø	Ø	Ø	Ø	Ø	Ø	Ø	Ø	a	ai	ai	Ø	Ø	Ø	2684:3	rotten (especially log)
258	v	1	Ø	Ø	Ø	Ø	-	Ø	Ø	-	Ø	Ø	Ø	Ø	Ø	Ø	a	ai	a	Ø	Ø	Ø	2792:3	sea (ocean)
262	v	1	Ø	Ø	Ø	Ø	Ø	Ø	Ø	Ø	Ø	Ø	Ø	Ø	Ø	Ø	-	i	i	Ø	Ø	Ø	2924:5	short
264	v	1	Ø	Ø	Ø	Ø	Ø	Ø	Ø	Ø	Ø	Ø	Ø	Ø	Ø	Ø	i	e	e	Ø	Ø	Ø	2924:7	short
267	v	1	Ø	Ø	Ø	Ø	Ø	Ø	Ø	ɯ	Ø	Ø	Ø	Ø	Ø	Ø	-	-	-	Ø	Ø	Ø	2986:1	sky
268	v	1	Ø	Ø	Ø	Ø	Ø	Ø	Ø	Ø	Ø	Ø	Ø	Ø	Ø	Ø	i	a	i	Ø	Ø	Ø	3059:1	small
270	v	1	Ø	Ø	Ø	Ø	Ø	Ø	Ø	Ø	Ø	Ø	Ø	Ø	Ø	Ø	ɯ	o	ɯ	Ø	Ø	Ø	3059:3	small
276	v	1	Ø	Ø	Ø	Ø	Ø	Ø	Ø	Ø	Ø	Ø	Ø	Ø	Ø	Ø	ɯː	ɯ	ɯː	Ø	Ø	Ø	3114:1	smooth
277	v	1	Ø	Ø	Ø	Ø	Ø	Ø	Ø	Ø	Ø	Ø	Ø	Ø	Ø	Ø	-	ɯ	-	Ø	Ø	Ø	3114:3	smooth
281	v	1	Ø	Ø	Ø	Ø	Ø	Ø	Ø	Ø	Ø	Ø	Ø	Ø	Ø	Ø	u	u	o	Ø	Ø	Ø	3182:4	star
287	v	1	Ø	Ø	Ø	Ø	Ø	Ø	Ø	Ø	Ø	Ø	Ø	Ø	Ø	Ø	e	e	ɯ	Ø	Ø	Ø	3408:5	there
289	v	1	Ø	Ø	Ø	Ø	Ø	Ø	Ø	-	Ø	Ø	Ø	Ø	Ø	Ø	a	-	a	Ø	Ø	Ø	3441:0	they
291	v	1	Ø	Ø	Ø	Ø	Ø	Ø	Ø	ɯː	Ø	Ø	Ø	Ø	Ø	Ø	e	i	e	Ø	Ø	Ø	3441:2	they
292	v	1	Ø	Ø	Ø	Ø	Ø	Ø	Ø	a	Ø	Ø	Ø	Ø	Ø	Ø	ɯ	ɯ	ɯ	Ø	Ø	Ø	3441:6	they
298	v	1	Ø	Ø	Ø	Ø	Ø	Ø	Ø	-	Ø	Ø	Ø	Ø	Ø	Ø	ɯ	ɯ	ɯ	Ø	Ø	Ø	3477:5	thick
300	v	1	Ø	Ø	Ø	Ø	Ø	Ø	Ø	iː	Ø	Ø	Ø	Ø	Ø	Ø	i	i	e	Ø	Ø	Ø	3529:1	this
301	v	1	Ø	Ø	Ø	Ø	Ø	Ø	Ø	-	Ø	Ø	Ø	Ø	Ø	Ø	e	e	a	Ø	Ø	Ø	3529:3	this
306	v	1	Ø	Ø	Ø	Ø	Ø	Ø	Ø	Ø	Ø	Ø	Ø	Ø	Ø	Ø	aː	a	a	Ø	Ø	Ø	3604:1	three
307	v	1	Ø	Ø	-	Ø	Ø	-	Ø	Ø	Ø	Ø	Ø	Ø	Ø	Ø	Ø	Ø	Ø	Ø	Ø	i	3622:2	to bite
310	v	1	Ø	Ø	Ø	Ø	Ø	Ø	Ø	Ø	Ø	Ø	Ø	Ø	Ø	Ø	o	i	o	-	Ø	Ø	3663:3	to blow (of wind)
321	v	1	Ø	Ø	Ø	Ø	Ø	Ø	Ø	-	Ø	Ø	Ø	Ø	Ø	Ø	u	ui	o	Ø	Ø	Ø	3890:2	to eat
324	v	1	Ø	Ø	Ø	Ø	Ø	Ø	Ø	Ø	Ø	Ø	-	Ø	Ø	Ø	ə	ai	i	Ø	Ø	Ø	3923:2	to fall (drop rather than topple)
326	v	1	Ø	Ø	Ø	Ø	Ø	Ø	Ø	Ø	Ø	Ø	Ø	Ø	Ø	Ø	ui	ai	ui	Ø	Ø	Ø	3956:5	to fear
328	v	1	Ø	Ø	Ø	Ø	Ø	Ø	Ø	Ø	Ø	Ø	Ø	Ø	Ø	Ø	eː	eː	eː	Ø	Ø	Ø	4019:1	to fly
329	v	1	Ø	Ø	o	Ø	Ø	uː	Ø	Ø	Ø	Ø	Ø	Ø	Ø	Ø	Ø	Ø	Ø	Ø	Ø	a	4068:1	to hear
333	v	1	Ø	Ø	Ø	Ø	Ø	Ø	Ø	Ø	Ø	Ø	Ø	Ø	Ø	Ø	o	-	-	Ø	Ø	Ø	4138:5	to hold (in hand)
340	v	1	Ø	Ø	Ø	Ø	Ø	Ø	Ø	Ø	Ø	Ø	Ø	Ø	Ø	Ø	o	ui	o	Ø	Ø	Ø	4215:0	to know (facts)
345	v	1	Ø	Ø	Ø	Ø	Ø	Ø	Ø	Ø	Ø	Ø	Ø	Ø	Ø	Ø	aː	a	aː	Ø	Ø	Ø	4273:1	to live
348	v	1	Ø	Ø	u	Ø	Ø	i	Ø	Ø	Ø	Ø	Ø	Ø	Ø	Ø	Ø	Ø	Ø	Ø	Ø	o	4453:7	to spit
353	v	1	Ø	Ø	Ø	Ø	Ø	Ø	Ø	Ø	Ø	Ø	Ø	Ø	Ø	Ø	ɯː	ɯː	ɯː	Ø	Ø	Ø	4609:0	to swim
360	v	1	Ø	Ø	Ø	Ø	Ø	Ø	Ø	-	Ø	Ø	Ø	Ø	Ø	Ø	-	i	-	Ø	Ø	Ø	4762:5	to walk
363	v	1	Ø	Ø	-	Ø	Ø	-	Ø	Ø	Ø	Ø	Ø	ɨ	Ø	Ø	Ø	Ø	Ø	-	Ø	u	4888:3	tree
365	v	1	Ø	Ø	Ø	Ø	Ø	Ø	Ø	Ø	Ø	Ø	Ø	Ø	Ø	Ø	a	ɯ	a	Ø	Ø	Ø	4996:1	water
366	v	1	Ø	Ø	Ø	Ø	Ø	Ø	Ø	Ø	Ø	Ø	Ø	Ø	Ø	Ø	i	ui	i	Ø	Ø	Ø	4996:5	water
370	v	1	Ø	Ø	Ø	Ø	Ø	Ø	Ø	-	Ø	Ø	Ø	Ø	Ø	Ø	o	o	o	Ø	Ø	Ø	5032:3	we
373	v	1	Ø	Ø	Ø	Ø	a	Ø	Ø	-	Ø	-	Ø	Ø	Ø	Ø	Ø	Ø	Ø	Ø	Ø	Ø	5085:1	what?
378	v	1	Ø	Ø	-	Ø	Ø	ɨː	Ø	Ø	Ø	Ø	Ø	Ø	Ø	Ø	Ø	Ø	Ø	Ø	Ø	i	5110:1	when?
379	v	1	Ø	Ø	-	Ø	Ø	ɨː	Ø	Ø	-	Ø	Ø	Ø	Ø	Ø	Ø	Ø	Ø	Ø	Ø	a	5202:3	who?
382	v	1	Ø	Ø	Ø	Ø	Ø	Ø	Ø	Ø	Ø	Ø	Ø	Ø	Ø	Ø	ai	a	ai	Ø	Ø	Ø	5248:2	wide
384	v	1	Ø	Ø	Ø	Ø	Ø	Ø	Ø	Ø	Ø	Ø	Ø	Ø	Ø	Ø	e	-	e	Ø	Ø	Ø	5248:6	wide
386	v	1	Ø	Ø	Ø	Ø	Ø	Ø	Ø	oː	Ø	Ø	Ø	Ø	Ø	Ø	i	i	i	Ø	Ø	Ø	5289:3	wind
387	v	1	Ø	Ø	Ø	Ø	Ø	Ø	Ø	o	Ø	Ø	Ø	Ø	Ø	Ø	o	o	oɯ	Ø	Ø	Ø	5289:5	wind
391	v	1	Ø	Ø	Ø	Ø	Ø	Ø	Ø	Ø	Ø	Ø	Ø	Ø	Ø	Ø	i	aɯ	i	Ø	Ø	Ø	5418:0	worm
392	v	1	Ø	Ø	Ø	Ø	Ø	Ø	Ø	Ø	Ø	Ø	Ø	Ø	Ø	Ø	oɯ	o	oɯ	Ø	Ø	Ø	5418:5	worm
393	v	1	Ø	Ø	Ø	Ø	Ø	Ø	Ø	Ø	Ø	Ø	Ø	Ø	Ø	Ø	oɯ	oɯ	aɯ	Ø	Ø	Ø	5453:4	ye
395	v	1	Ø	Ø	i	Ø	Ø	aː	Ø	Ø	Ø	Ø	Ø	Ø	Ø	Ø	Ø	Ø	Ø	Ø	Ø	-	5475:6	year
62	v	2	uː	ʊː	Ø	Ø	Ø	Ø	Ø	Ø	Ø	Ø	uː	Ø	uː	Ø	Ø	Ø	Ø	Ø	Ø	Ø	306:1, 1465:1	big / head
161	v	1	uː	ʊ	Ø	Ø	Ø	Ø	Ø	Ø	Ø	Ø	u	Ø	u	Ø	Ø	Ø	Ø	Ø	Ø	Ø	99:4	ashes
308	v	1	ui	ʊː	Ø	Ø	Ø	Ø	Ø	Ø	Ø	Ø	Ø	Ø	u	Ø	Ø	Ø	Ø	Ø	Ø	Ø	3649:3	to blow (of wind)
351	v	1	ua	ʊ	Ø	Ø	Ø	Ø	Ø	Ø	Ø	Ø	u	Ø	u	Ø	Ø	Ø	Ø	Ø	Ø	Ø	4593:3	to swim
9	v	51	u	ʊ	Ø	Ø	i	aː	i	ɯɯ	i	Ø	u	Ø	u	Ø	e	e	ai	u	Ø	u	99:1, 149:1, 149:4, 422:1, 467:2, 727:1, 771:1, 800:1, 1733:1, 2254:1, 2906:1, 3073:1, 3073:3, 3340:2, 3864:1, 4452:0, 4452:2, 4593:1, 4886:1, 5109:3, 5161:1, 5161:3, 5353:1, 502:0, 1158:1, 1218:6, 1347:3, 1799:3, 2159:1, 2959:1, 3208:1, 4286:3, 5435:2, 953:0, 1091:0, 1283:1, 2671:4, 3272:1, 3649:0, 4255:1, 4255:3, 2526:0, 2526:3, 381:1, 381:3, 523:1, 1562:1, 1603:1, 1984:2, 3226:2, 3522:3	ashes / back (person's) / black / blood / bone / child (young person rather than as relationship term) / cloud / ear / earth (soil) / egg / feather (larger feathers rather than down) / five / fog / four / grass / guts / here / how / leaf / leg / mother / neck / nose / right (hand) / rotten (especially log) / short / skin (person's) / smoke (of fire) / stick (of wood) / straight / tail / this / to blow (of wind) / to eat / to live / to play / to spit / to swim / tree / when? / white / woman / ye
147	v	10	u	ʊ	ɨː	Ø	o	ɨː	Ø	Ø	Ø	u	u	i	u	Ø	u	ui	u	e	Ø	-	534:0, 1165:0, 3085:0, 4503:2, 5120:3, 706:2, 1128:4, 1984:4, 4542:1, 5134:1	cloud / dust / flower / fog / mother / smoke (of fire) / to squeeze / to suck / when? / where?
131	v	9	u	ʊ	i	ɛ	Ø	a	o	aː	Ø	Ø	u	i	u	Ø	a	a	a	Ø	e	u	2567:2, 3477:3, 4077:1, 4640:1, 4762:1, 2090:1, 3368:2, 3524:2, 4233:1	name / river / that / thick / this / to hear / to laugh / to think / to walk
105	v	8	u	ʊ	ua	ɛ	Ø	a	o	ɯ	Ø	Ø	ɨ	Ø	e	Ø	ɯ	ɯ	ɯ	Ø	Ø	a	1390:0, 2048:3, 1284:7, 1889:3, 2255:5, 1685:3, 2090:5, 5133:1	grass / hand / in / louse / mouth / name / nose / where?
48	v	6	u	ʊ	Ø	Ø	Ø	Ø	Ø	oː	Ø	Ø	-	Ø	u	Ø	u	u	u	-	Ø	Ø	4037:1, 4067:3, 4286:5, 4542:3, 512:3, 2063:1	child (young person rather than as relationship term) / mouth / to give / to hear / to play / to suck
137	v	6	u	ʊ	-	Ø	Ø	i	Ø	Ø	Ø	Ø	a	Ø	u	Ø	Ø	Ø	Ø	Ø	e	i	130:1, 1682:1, 3012:3, 3681:2, 3831:2, 4256:0	at / in / sleep / to breathe / to drink / to live
222	v	1	u	Ø	Ø	Ø	Ø	Ø	Ø	Ø	Ø	Ø	u	Ø	e	Ø	Ø	Ø	Ø	Ø	Ø	Ø	2159:4	neck
295	v	1	u	-	Ø	Ø	Ø	Ø	Ø	Ø	Ø	Ø	-	Ø	-	Ø	Ø	Ø	Ø	Ø	Ø	Ø	3469:3	thick
358	v	1	u	ʊ	Ø	Ø	o	Ø	Ø	Ø	Ø	Ø	Ø	Ø	i	Ø	Ø	Ø	Ø	Ø	Ø	Ø	4731:3	to vomit
171	v	1	iː	iː	Ø	Ø	Ø	Ø	Ø	Ø	Ø	Ø	i	Ø	iː	Ø	Ø	Ø	Ø	Ø	Ø	Ø	833:1	eye
2	v	94	i	-	Ø	-	i	ɨ	ɨ	a	Ø	Ø	-	Ø	-	Ø	e	e	e	a	-	au	274:1, 274:5, 328:4, 405:5, 405:7, 534:4, 603:5, 603:7, 666:3, 666:5, 666:7, 687:6, 750:1, 787:0, 787:5, 890:2, 1165:4, 1334:5, 1334:7, 1526:3, 1551:1, 1551:3, 1551:5, 1692:0, 1745:3, 1787:7, 1873:2, 2032:6, 2207:4, 2483:4, 2483:6, 2541:5, 2684:6, 2687:5, 2843:4, 2897:4, 2897:6, 3026:4, 3059:5, 3059:7, 3085:4, 3114:5, 3114:7, 3510:4, 3723:3, 3761:5, 3823:4, 3850:5, 3884:5, 3956:7, 3994:3, 4019:3, 4138:7, 4191:4, 4191:6, 4215:4, 4273:5, 4310:5, 4394:5, 4416:3, 4442:3, 4442:5, 4484:5, 4501:4, 4503:5, 4556:5, 4609:2, 4639:3, 4668:6, 4701:5, 4745:4, 4745:6, 4830:3, 4945:1, 5183:2, 5183:4, 5183:6, 5245:4, 5248:8, 1572:1, 4077:5, 4640:6, 4762:7, 5503:7, 221:2, 424:4, 512:4, 2751:5, 3012:6, 3708:6, 4002:7, 4100:7, 4323:6, 4731:6	bark / belly / big / black / blood / child (young person rather than as relationship term) / cloud / dirty / dry (substance) / dull (knife) / ear / earth (soil) / far / fog / green / heart / heavy / here / in / leaf / left (hand) / long / mountain / new / red / right (hand) / rotten (especially log) / say / see / sharp (as knife) / sleep / small / smoke (of fire) / smooth / thin / to come / to cut / to dig / to drink / to eat / to fear / to flow / to fly / to hear / to hit / to hold (in hand) / to kill / to know (facts) / to live / to pull / to push / to sew / to sing / to smell (perceive odor) / to split / to squeeze / to suck / to swim / to think / to throw / to tie / to vomit / to walk / tongue / two / white / wide / yellow
22	v	43	i	i	Ø	i	ɨ	ɨ	i	a	u	Ø	i	Ø	i	Ø	a	a	a	Ø	e	ɨ	50:1, 50:3, 603:2, 666:1, 890:0, 1130:1, 1130:4, 1787:1, 1813:2, 1838:1, 1873:0, 1899:4, 2311:1, 2353:5, 2541:1, 2621:4, 2659:1, 2687:1, 2924:1, 3212:1, 3212:5, 3322:5, 3408:1, 3604:3, 3761:3, 3956:1, 4442:1, 4484:3, 4668:4, 4701:3, 4945:3, 5339:3, 562:8, 2373:1, 2986:7, 4887:0, 4887:4, 3226:0, 3226:4, 221:4, 1441:1, 3429:1, 3708:1	all (of a number) / bark / day (opposite of night rather than time measure) / dirty / dry (substance) / far / flower / he / left (hand) / leg / liver / long / louse / not / old / one / right (hand) / root / rope / rotten (especially log) / short / sky / stick (of wood) / sun / there / they / three / to come / to cut / to fear / to smell (perceive odor) / to split / to throw / to tie / tree / two / with (accompanying)
30	v	34	i	i	ɨ	Ø	ɨ	i	Ø	oː	Ø	ə	i	a	i	Ø	-	-	o	-	e	u	1:1, 35:3, 727:3, 800:3, 2221:3, 2254:3, 2366:3, 2366:5, 2407:3, 3396:3, 4685:1, 4811:0, 4886:3, 4925:1, 5081:3, 347:6, 502:2, 1158:6, 2598:1, 3127:3, 3208:3, 3967:3, 4300:3, 4781:1, 1541:1, 1541:3, 523:6, 1355:0, 1562:3, 2758:5, 3044:1, 3272:5, 3890:0, 1997:3	I / all (of a number) / bird / child (young person rather than as relationship term) / cloud / ear / egg / fog / hair / heavy / here / mother / night / nose / one / other / road (or trail) / say / small / snake / stick (of wood) / straight / there / to eat / to fight / to pull / to tie / to wash / tongue / tree / two / what?
31	v	24	i	-	aː	Ø	-	aː	-	oː	Ø	Ø	-	ɨ	-	Ø	o	o	o	i	e	a	562:4, 2266:1, 4785:3, 5503:1, 3073:6, 3831:5, 4067:6, 4452:8, 4621:11, 3967:6, 3975:7, 4208:5, 4286:8, 4300:6, 2526:5, 2526:9, 3649:5, 4255:6, 3775:5, 4166:3, 4233:4, 4888:1, 5082:5, 5133:3	day (opposite of night rather than time measure) / nose / right (hand) / smoke (of fire) / to blow (of wind) / to die / to drink / to fight / to float / to hear / to kill / to know (facts) / to laugh / to live / to play / to pull / to spit / to think / to wash / tree / what? / where? / yellow
69	v	7	i	Ø	Ø	Ø	ɨ	Ø	Ø	-	Ø	Ø	a	Ø	a	Ø	ɯ	-	ɯ	Ø	Ø	Ø	603:3, 3823:2, 4996:2, 5267:1, 1635:0, 2751:3, 1218:1	dirty / four / husband / say / to dig / water / wife
132	v	7	i	-	Ø	a	Ø	Ø	a	ɯ	Ø	Ø	u	Ø	-	Ø	e	e	e	u	Ø	Ø	2063:2, 3477:1, 3627:4, 4785:5, 3663:5, 4147:6, 4542:7	mouth / thick / to bite / to blow (of wind) / to hunt (game) / to suck / to wash
138	v	7	i	ɛi	Ø	Ø	Ø	u	Ø	Ø	Ø	Ø	ei	ɨ	i	Ø	ui	ui	ui	i	a	au	1508:6, 4621:6, 4811:3, 1435:1, 2020:1, 4323:1, 4701:1	he / heart / mountain / to push / to think / to tie / tongue
36	v	5	i	-	Ø	Ø	Ø	Ø	Ø	Ø	Ø	Ø	a	Ø	-	Ø	Ø	Ø	Ø	Ø	Ø	Ø	4246:6, 4755:7, 4781:6, 4593:7, 4685:6	to lie / to swim / to tie / to walk / to wash
74	v	4	i	i	u	Ø	-	iː	Ø	-	Ø	Ø	i	Ø	i	Ø	Ø	Ø	Ø	Ø	e	u	3708:4, 5332:2, 468:1, 3832:4	bone / to come / to drink / with (accompanying)
151	v	4	i	-	Ø	Ø	a	Ø	Ø	oː	Ø	Ø	-	Ø	-	Ø	i	ɯ	i	Ø	Ø	Ø	706:4, 1635:1, 2526:7, 5248:1	dust / husband / right (hand) / wide
155	v	4	i	Ø	a	i	Ø	a	o	Ø	Ø	Ø	iː	Ø	i	Ø	ai	u	ai	a	e	aː	954:3, 3428:1, 3501:5, 3663:1	feather (larger feathers rather than down) / they / thin / to blow (of wind)
64	v	2	i	ɨ	Ø	Ø	Ø	Ø	Ø	Ø	Ø	Ø	ɨ	Ø	e	Ø	Ø	Ø	Ø	Ø	Ø	Ø	1508:2, 4621:2	heart / to think
66	v	2	i	ʊ	Ø	Ø	Ø	Ø	Ø	Ø	Ø	Ø	-	Ø	a	Ø	Ø	Ø	Ø	Ø	Ø	Ø	3864:5, 4037:5	to eat / to give
175	v	1	i	iː	Ø	Ø	Ø	Ø	Ø	Ø	Ø	Ø	i	Ø	iː	Ø	Ø	Ø	Ø	Ø	Ø	Ø	1019:1	fire
243	v	1	i	ʊ	Ø	Ø	ɨ	Ø	Ø	Ø	Ø	Ø	i	Ø	u	Ø	Ø	Ø	Ø	Ø	Ø	Ø	2459:6	red
312	v	1	i	ʊ	Ø	Ø	Ø	Ø	Ø	Ø	Ø	Ø	-	Ø	-	Ø	Ø	Ø	Ø	Ø	Ø	Ø	3680:7	to breathe
347	v	1	i	i	Ø	Ø	Ø	Ø	Ø	Ø	Ø	Ø	-	Ø	a	Ø	Ø	Ø	Ø	Ø	Ø	Ø	4452:6	to spit
356	v	1	i	i	Ø	Ø	i	Ø	Ø	Ø	Ø	Ø	Ø	Ø	-	Ø	Ø	Ø	Ø	Ø	Ø	Ø	4731:0	to vomit
357	v	1	i	-	Ø	Ø	-	Ø	Ø	Ø	Ø	Ø	Ø	Ø	u	Ø	Ø	Ø	Ø	Ø	Ø	Ø	4731:2	to vomit
376	v	1	i	i	Ø	Ø	Ø	Ø	Ø	Ø	Ø	Ø	ei	Ø	a	Ø	Ø	Ø	Ø	Ø	Ø	Ø	5109:6	when?
14	v	58	aː	a	aː	i	a	ɨː	i	o	Ø	a	a	Ø	a	Ø	o	o	o	Ø	Ø	a	135:1, 230:2, 750:3, 971:2, 971:4, 1334:1, 1334:3, 1486:2, 1526:1, 1689:1, 1692:2, 1695:1, 1695:3, 1726:1, 1814:3, 1838:3, 1899:2, 2150:3, 2207:1, 2353:3, 2621:5, 2659:2, 2843:2, 2924:3, 3139:3, 3259:1, 3322:3, 3850:3, 3994:1, 4138:1, 4215:2, 4310:1, 4310:3, 4394:3, 4416:1, 4484:1, 4501:0, 4639:1, 4862:4, 5120:6, 5248:4, 5322:4, 5370:4, 5453:0, 629:4, 1396:0, 2229:4, 2266:3, 2986:5, 3561:0, 4785:1, 5032:1, 3044:3, 3301:2, 3429:3, 3622:1, 5085:4, 1283:3	at / bark / dog / ear / feather (larger feathers rather than down) / grass / green / hand / head / heart / in / lake / leg / liver / louse / near / new / night / nose / old / root / rope / see / short / sky / small / snake / stone / sun / they / thou / to bite / to drink / to flow / to hold (in hand) / to know (facts) / to pull / to sew / to sing / to split / to squeeze / to think / to wash / tooth (front rather than molar) / we / what? / when? / wide / wing / woman / ye
71	v	3	aː	əɨ	Ø	Ø	Ø	Ø	Ø	Ø	Ø	Ø	a	Ø	a	Ø	Ø	Ø	Ø	Ø	Ø	Ø	3975:3, 4208:3, 216:1	bark / to float / to know (facts)
103	v	2	aː	a	Ø	Ø	Ø	Ø	Ø	Ø	Ø	Ø	a	Ø	aː	Ø	Ø	Ø	Ø	Ø	Ø	Ø	616:3, 3967:1	dog / to fight
278	v	1	aː	a	Ø	Ø	Ø	Ø	Ø	Ø	Ø	Ø	aː	Ø	aː	Ø	Ø	Ø	Ø	Ø	Ø	Ø	3171:1	star
336	v	1	aː	oʊ	Ø	Ø	Ø	Ø	Ø	Ø	Ø	Ø	a	Ø	aː	Ø	Ø	Ø	Ø	Ø	ɨ	Ø	4166:1	to kill
359	v	1	aː	Ø	Ø	Ø	Ø	Ø	Ø	Ø	Ø	Ø	-	Ø	-	Ø	Ø	Ø	Ø	Ø	Ø	Ø	4755:3	to walk
249	v	1	au	oʊ	Ø	Ø	Ø	Ø	Ø	Ø	Ø	Ø	Ø	Ø	a	Ø	Ø	Ø	Ø	Ø	Ø	Ø	2671:1	rotten (especially log)
4	v	74	a	a	-	-	ɨ	iː	-	ɯ	Ø	ə	a	u	a	Ø	i	ai	ai	Ø	e	i	35:1, 422:4, 553:1, 616:1, 771:4, 1176:1, 1316:1, 1733:3, 1774:3, 1827:0, 1827:2, 2193:1, 2193:5, 2221:1, 2608:1, 2608:4, 2906:3, 3243:1, 3243:3, 3469:7, 3680:1, 3680:5, 4067:0, 4925:4, 5081:1, 5201:1, 5231:1, 5231:6, 5279:1, 5309:1, 5309:3, 5353:3, 347:1, 347:3, 1158:3, 1347:0, 1799:1, 1917:4, 1958:1, 1958:3, 2554:3, 2598:5, 2959:3, 3127:1, 3975:1, 4286:1, 4300:1, 5435:0, 258:1, 258:4, 381:6, 523:3, 3621:2, 4526:1, 4526:3, 1852:2, 1852:4, 2296:2, 3583:1, 3583:4, 1888:3, 3554:1, 2459:1, 4100:2, 1355:4, 2758:3, 2792:8, 2973:1, 3012:1, 3524:0, 4002:3, 4818:3, 5332:1, 1542:0	all (of a number) / belly / bird / black / blood / cloud / day (opposite of night rather than time measure) / dog / earth (soil) / fog / foot / green / guts / hair / heavy / leaf / left (hand) / leg / liver / long / louse / man (male human) / meat (flesh) / new / night / not / red / river / road (or trail) / root / say / sea (ocean) / short / skin (person's) / sky / sleep / snake / stone / thick / this / thou / three / to bite / to breathe / to float / to fly / to hear / to hit / to play / to pull / to stand / tongue / two / what? / who? / wide / wind / wing / with (accompanying) / woman / ye
136	v	16	a	a	ua	a	a	i	a	o	Ø	a	a	a	a	Ø	u	u	u	e	a	i	328:3, 2032:8, 2207:3, 3182:0, 3182:2, 4745:3, 5183:0, 5245:3, 2:1, 512:1, 1061:1, 1128:1, 1685:1, 4002:1, 5208:1, 5411:5	I / big / child (young person rather than as relationship term) / fish / flower / in / mountain / new / star / to fly / to vomit / white / who? / wide / worm
67	v	9	a	a	Ø	Ø	Ø	Ø	Ø	-	Ø	Ø	-	Ø	a	Ø	a	a	a	Ø	Ø	Ø	3441:4, 4077:3, 4640:4, 4762:3, 5503:3, 4323:3, 4363:4, 4621:9, 4755:5	they / to hear / to push / to rub / to think / to walk / yellow
149	v	7	a	a	Ø	Ø	a	Ø	i	ɯɯ	Ø	a	a	Ø	a	Ø	i	i	ɯ	Ø	-	Ø	2459:3, 4100:0, 706:0, 1838:5, 3775:1, 4818:6, 5411:3	dust / liver / red / to die / to hit / tongue / worm
35	v	4	a	a	Ø	Ø	Ø	Ø	Ø	Ø	Ø	Ø	-	Ø	-	Ø	Ø	Ø	Ø	Ø	Ø	Ø	3396:0, 3864:3, 4037:3, 1091:5	five / there / to eat / to give
77	v	2	a	a	Ø	Ø	i	Ø	Ø	Ø	Ø	ə	-	Ø	a	Ø	Ø	Ø	-	Ø	Ø	Ø	1061:3, 4542:5	fish / to suck
114	v	2	a	a	Ø	Ø	Ø	Ø	Ø	Ø	Ø	Ø	i	Ø	a	Ø	Ø	Ø	Ø	Ø	Ø	Ø	4685:4, 4781:3	to tie / to wash
228	v	1	a	a	Ø	Ø	Ø	Ø	Ø	Ø	Ø	Ø	a	Ø	-	Ø	Ø	Ø	Ø	Ø	Ø	Ø	2193:3	new
257	v	1	a	-	Ø	Ø	Ø	Ø	Ø	Ø	Ø	Ø	-	Ø	a	Ø	Ø	Ø	Ø	Ø	Ø	Ø	2787:6	sea (ocean)
260	v	1	a	-	Ø	Ø	Ø	Ø	Ø	Ø	Ø	Ø	a	Ø	-	Ø	Ø	Ø	Ø	Ø	Ø	Ø	2906:5	short
297	v	1	a	ʊ	Ø	Ø	Ø	Ø	Ø	Ø	Ø	Ø	u	Ø	a	Ø	Ø	Ø	Ø	Ø	Ø	Ø	3469:5	thick
304	v	1	a	ʊ	Ø	Ø	Ø	Ø	Ø	Ø	Ø	Ø	Ø	Ø	u	Ø	Ø	Ø	Ø	Ø	Ø	Ø	3583:6	three
317	v	1	a	oʊ	Ø	Ø	Ø	Ø	-	Ø	Ø	Ø	-	Ø	a	Ø	Ø	Ø	Ø	Ø	Ø	Ø	3775:3	to die
331	v	1	a	ʊ	Ø	Ø	-	Ø	Ø	Ø	Ø	Ø	-	Ø	a	Ø	Ø	Ø	Ø	Ø	Ø	Ø	4100:5	to hit
361	v	1	a	-	Ø	Ø	Ø	Ø	Ø	Ø	Ø	Ø	i	Ø	a	Ø	Ø	Ø	Ø	Ø	Ø	Ø	4811:2	tongue
374	v	1	a	a	Ø	Ø	Ø	Ø	Ø	Ø	Ø	Ø	u	Ø	u	Ø	Ø	Ø	Ø	Ø	Ø	Ø	5109:1	when?
381	v	1	a	a	Ø	Ø	Ø	Ø	Ø	Ø	Ø	Ø	aː	Ø	a	Ø	Ø	Ø	Ø	Ø	Ø	Ø	5231:4	wide
27	v	44	-	a	i	ɯ	ɨ	iː	ɨ	o	Ø	i	-	Ø	a	Ø	ɯ	ɯ	ɯ	Ø	e	a	405:3, 534:3, 787:2, 819:1, 819:3, 1165:3, 1486:0, 1526:5, 1787:3, 1813:0, 1899:0, 2164:1, 2420:1, 2684:1, 2709:0, 2843:1, 3026:0, 3026:2, 3085:3, 3259:3, 3259:5, 3510:1, 3884:1, 3956:3, 4394:1, 4501:2, 4503:0, 4639:5, 4668:1, 4745:1, 4830:1, 5120:1, 5339:1, 5370:1, 5418:3, 424:1, 629:1, 2299:1, 3501:1, 3681:4, 4002:5, 4593:5, 4818:1, 2161:4	black / blood / cloud / dog / earth (soil) / egg / fog / head / heart / left (hand) / leg / louse / neck / not / other / rotten (especially log) / salt / see / sleep / smoke (of fire) / stone / thin / to breathe / to eat / to fear / to fly / to sew / to squeeze / to swim / to think / to throw / to vomit / tongue / when? / with (accompanying) / woman / worm
34	v	29	-	-	a	i	Ø	a	i	aː	eː	Ø	-	a	-	Ø	aɯ	aɯ	aɯ	-	o	a	230:4, 2483:2, 2656:2, 2709:3, 3510:2, 3627:0, 834:1, 834:6, 1542:5, 1828:5, 1889:5, 1889:7, 2161:6, 2255:1, 2408:3, 3013:1, 3075:2, 3075:4, 3075:6, 5110:5, 5475:2, 5475:8, 954:1, 1466:2, 1984:0, 2758:0, 5020:1, 5202:1, 2020:4	bark / eye / feather (larger feathers rather than down) / head / heavy / liver / louse / mother / mountain / neck / nose / other / red / rope / salt / say / sleep / smoke (of fire) / thin / to bite / we / when? / who? / year
53	v	14	-	i	-	Ø	i	i	Ø	-	Ø	Ø	i	-	i	Ø	a	ai	a	-	Ø	a	2407:1, 3073:4, 1218:2, 328:0, 687:1, 2621:1, 2897:1, 3139:1, 5245:0, 5322:1, 2751:1, 3044:5, 5134:3, 5110:3	big / dull (knife) / four / other / root / say / sharp (as knife) / small / smoke (of fire) / snake / when? / where? / wide / wing
121	v	13	-	-	a	-	-	a	i	Ø	Ø	-	i	a	-	Ø	-	-	-	u	-	a	467:5, 727:5, 2906:7, 4925:3, 1355:3, 1355:6, 1218:5, 2598:4, 1128:6, 2973:7, 3501:3, 4888:5, 5020:6	bone / ear / flower / four / hair / road (or trail) / short / sky / thin / tree / two / we
127	v	8	-	a	i	-	Ø	iː	-	aː	-	Ø	-	-	a	Ø	-	-	-	-	Ø	i	2222:1, 2821:3, 3709:2, 4068:3, 4256:2, 3368:0, 3401:2, 2303:0	night / not / see / that / there / to come / to hear / to live
25	v	7	-	-	Ø	Ø	Ø	Ø	Ø	Ø	Ø	Ø	ɨ	Ø	-	Ø	Ø	Ø	Ø	Ø	Ø	Ø	1347:5, 1958:6, 2700:2, 2959:5, 149:6, 1390:4, 1827:4	back (person's) / guts / hand / liver / meat (flesh) / salt / skin (person's)
115	v	7	-	ʊ	Ø	Ø	Ø	Ø	Ø	ɯɯ	Ø	Ø	u	Ø	u	Ø	e	e	e	Ø	Ø	Ø	467:0, 3340:0, 3396:2, 3831:0, 3272:3, 3923:5, 4887:2	bone / straight / tail / there / to drink / to fall (drop rather than topple) / tree
58	v	6	-	-	-	Ø	Ø	-	Ø	Ø	Ø	Ø	-	Ø	a	Ø	Ø	Ø	Ø	Ø	-	-	1508:5, 4621:5, 1917:0, 3975:5, 2973:3, 3428:3	heart / man (male human) / sky / they / to float / to think
126	v	6	-	-	u	Ø	Ø	i	Ø	Ø	Ø	Ø	-	Ø	-	Ø	Ø	Ø	Ø	Ø	e	u	468:3, 1889:1, 3013:5, 4167:4, 3832:6, 4166:5	bone / louse / sleep / to drink / to kill
116	v	5	-	a	Ø	Ø	Ø	Ø	Ø	Ø	Ø	Ø	a	Ø	a	Ø	a	u	aɯ	Ø	Ø	Ø	1508:0, 2787:1, 3469:1, 2296:0, 3923:1	heart / not / sea (ocean) / thick / to fall (drop rather than topple)
87	v	4	-	-	Ø	Ø	Ø	Ø	Ø	Ø	-	Ø	-	Ø	i	Ø	Ø	Ø	Ø	Ø	Ø	-	1984:6, 3621:3, 4452:3, 4845:3	mother / to bite / to spit / tooth (front rather than molar)
52	v	3	-	ɨ	Ø	Ø	Ø	Ø	Ø	Ø	Ø	Ø	-	Ø	e	Ø	Ø	Ø	Ø	Ø	Ø	Ø	216:4, 3301:0, 1852:0	bark / long / sun
119	v	3	-	-	o	ɛ	Ø	-	-	Ø	Ø	Ø	-	i	-	Ø	Ø	Ø	Ø	Ø	-	-	2758:1, 3368:3, 3524:3	say / that / this
101	v	2	-	ɨ	Ø	Ø	Ø	Ø	Ø	Ø	Ø	Ø	-	Ø	-	Ø	Ø	Ø	Ø	Ø	Ø	Ø	381:5, 2608:6	black / root
110	v	2	-	ʊ	Ø	Ø	Ø	Ø	Ø	Ø	Ø	Ø	u	Ø	-	Ø	Ø	Ø	Ø	Ø	Ø	Ø	3073:10, 4526:5	smoke (of fire) / to stand
135	v	2	-	Ø	a	Ø	Ø	a	-	Ø	i	Ø	-	Ø	-	Ø	Ø	Ø	Ø	Ø	Ø	ɨ	3522:1, 5202:5	this / who?
163	v	1	-	-	Ø	Ø	Ø	Ø	Ø	Ø	Ø	Ø	i	Ø	i	Ø	Ø	Ø	Ø	Ø	Ø	Ø	99:6	ashes
165	v	1	-	-	Ø	Ø	Ø	Ø	Ø	Ø	Ø	Ø	ɨ	Ø	e	Ø	Ø	Ø	Ø	Ø	Ø	Ø	216:2	bark
185	v	1	-	oʊ	Ø	Ø	Ø	Ø	Ø	Ø	Ø	Ø	-	Ø	-	Ø	Ø	Ø	Ø	Ø	Ø	Ø	1316:6	green
190	v	1	-	-	Ø	Ø	Ø	Ø	Ø	Ø	Ø	Ø	a	Ø	e	Ø	Ø	Ø	Ø	Ø	Ø	Ø	1465:3	head
241	v	1	-	a	Ø	Ø	Ø	Ø	Ø	Ø	Ø	Ø	i	Ø	i	Ø	Ø	Ø	Ø	Ø	Ø	Ø	2366:1	one
250	v	1	-	-	Ø	Ø	Ø	Ø	Ø	Ø	Ø	Ø	Ø	Ø	u	Ø	Ø	Ø	Ø	Ø	Ø	Ø	2671:2	rotten (especially log)
273	v	1	-	i	Ø	Ø	Ø	Ø	Ø	Ø	Ø	Ø	i	Ø	-	Ø	Ø	Ø	Ø	Ø	Ø	Ø	3073:8	smoke (of fire)
280	v	1	-	a	Ø	Ø	Ø	Ø	Ø	Ø	Ø	Ø	-	Ø	-	Ø	Ø	Ø	Ø	Ø	Ø	Ø	3171:3	star
284	v	1	-	-	Ø	Ø	Ø	Ø	Ø	Ø	Ø	Ø	ei	Ø	-	Ø	Ø	Ø	Ø	Ø	Ø	Ø	3301:4	sun
354	v	1	-	a	Ø	Ø	Ø	Ø	Ø	Ø	Ø	Ø	ɨ	Ø	a	Ø	Ø	Ø	Ø	Ø	Ø	Ø	4621:0	to think
362	v	1	-	Ø	Ø	Ø	Ø	Ø	Ø	Ø	o	Ø	-	Ø	-	Ø	Ø	Ø	Ø	Ø	Ø	Ø	4845:0	tooth (front rather than molar)
388	v	1	-	ɨ	Ø	Ø	Ø	Ø	Ø	Ø	Ø	Ø	ɨ	Ø	-	Ø	Ø	Ø	Ø	Ø	Ø	Ø	5309:5	wing
150	c	9	ʃ	ʃ	s	Ø	-	-	Ø	s	Ø	ˀk	ʃ	-	ʃ	Ø	ɲ	ɲ	ɲ	Ø	ts	-	35:2, 727:4, 2221:2, 1355:5, 1917:2, 2758:6, 3044:0, 4323:0, 4818:4	all (of a number) / ear / hair / man (male human) / night / say / small / to push / tongue
26	c	10	ŋ	ŋ	Ø	Ø	n	Ø	Ø	Ø	Ø	n	ŋ	Ø	n	Ø	Ø	Ø	Ø	Ø	Ø	Ø	771:2, 1255:2, 2608:2, 4685:2, 5231:2, 1158:4, 1917:5, 1958:4, 523:4, 1128:2	cloud / earth (soil) / flower / fog / good / man (male human) / meat (flesh) / root / to tie / wide
7	c	15	Ø	Ø	Ø	Ø	Ø	Ø	Ø	b	Ø	Ø	Ø	Ø	Ø	Ø	b	b	b	Ø	Ø	Ø	274:2, 1745:2, 1838:0, 1899:1, 2541:2, 2687:2, 3378:0, 3408:0, 3723:0, 4484:0, 4668:0, 1572:0, 3529:0, 5208:0, 5503:0	belly / here / leaf / liver / louse / right (hand) / rotten (especially log) / that / there / this / to come / to split / to throw / who? / yellow
11	c	13	Ø	Ø	Ø	Ø	Ø	Ø	Ø	ɸ	Ø	Ø	Ø	Ø	Ø	Ø	ɸ	ɸ	p	Ø	Ø	Ø	666:2, 750:2, 1130:2, 1486:1, 1695:2, 2684:2, 3259:2, 4019:0, 4394:2, 4830:2, 2063:0, 2266:2, 4640:0	dry (substance) / ear / flower / head / in / mouth / nose / rotten (especially log) / stone / to fly / to sew / to think / tongue
20	c	8	Ø	Ø	Ø	Ø	Ø	Ø	Ø	Ø	Ø	Ø	Ø	Ø	Ø	Ø	θ	θ	t	Ø	Ø	Ø	666:0, 1130:0, 2687:0, 2709:2, 4138:2, 4310:0, 4862:1, 5183:1	dry (substance) / flower / rotten (especially log) / salt / to hold (in hand) / to pull / tooth (front rather than molar) / white
32	c	8	Ø	Ø	Ø	Ø	-	Ø	Ø	-	Ø	Ø	Ø	Ø	Ø	Ø	dʒ	dʒ	dʒ	Ø	Ø	Ø	328:2, 534:2, 1165:2, 3085:2, 3510:0, 4442:2, 5245:2, 2792:5	big / cloud / fog / sea (ocean) / smoke (of fire) / thin / to smell (perceive odor) / wide
125	c	6	Ø	Ø	ɾ	Ø	Ø	r	Ø	Ø	Ø	Ø	Ø	Ø	Ø	Ø	-	Ø	-	r	ɻ	r	2161:1, 4453:1, 5110:6, 5475:3, 1603:4, 3681:3	how / neck / to breathe / to spit / when? / year
38	c	4	Ø	Ø	m	Ø	Ø	m	Ø	Ø	Ø	Ø	Ø	Ø	Ø	Ø	Ø	Ø	Ø	Ø	Ø	m	834:2, 3013:0, 4167:1, 5475:1	eye / sleep / to kill / year
55	c	4	Ø	Ø	Ø	Ø	Ø	Ø	Ø	-	Ø	Ø	Ø	Ø	Ø	Ø	-	h	-	Ø	Ø	Ø	603:0, 3114:2, 4273:2, 2373:2	dirty / one / smooth / to live
59	c	4	Ø	Ø	Ø	Ø	Ø	Ø	Ø	-	Ø	Ø	-	Ø	Ø	Ø	-	r	-	Ø	Ø	Ø	562:1, 4762:4, 787:3, 4363:3	day (opposite of night rather than time measure) / earth (soil) / to rub / to walk
139	c	4	Ø	Ø	h	Ø	Ø	h	Ø	Ø	Ø	Ø	Ø	Ø	Ø	Ø	h	ɸ	h	s	Ø	h	1828:4, 2255:2, 954:2, 3663:0	feather (larger feathers rather than down) / liver / nose / to blow (of wind)
50	c	3	Ø	Ø	Ø	-	Ø	Ø	-	-	Ø	Ø	Ø	Ø	Ø	Ø	k	k	k	Ø	Ø	Ø	3441:5, 5032:2, 2090:4	name / they / we
129	c	3	Ø	Ø	Ø	Ø	ʔ	Ø	Ø	ʔ	Ø	ʔ	Ø	Ø	Ø	Ø	-	-	-	Ø	Ø	Ø	629:2, 4640:2, 5085:5	dog / to think / what?
145	c	3	Ø	Ø	s	h	Ø	s	s	Ø	Ø	Ø	Ø	Ø	Ø	Ø	Ø	Ø	Ø	Ø	Ø	s	1284:4, 1889:0, 3501:2	grass / louse / thin
85	c	2	Ø	Ø	-	Ø	Ø	-	Ø	Ø	Ø	Ø	Ø	-	Ø	Ø	Ø	Ø	Ø	-	Ø	k	4888:2, 5082:4	tree / what?
91	c	2	Ø	Ø	Ø	Ø	Ø	Ø	Ø	Ø	Ø	Ø	Ø	Ø	Ø	Ø	-	d	-	Ø	Ø	Ø	1669:0, 5248:0	if / wide
93	c	2	Ø	Ø	Ø	Ø	Ø	Ø	Ø	Ø	Ø	Ø	Ø	Ø	Ø	Ø	-	-	ɾ	Ø	Ø	Ø	1745:0, 2164:6	leaf / neck
94	c	2	Ø	Ø	Ø	Ø	Ø	Ø	Ø	Ø	Ø	Ø	Ø	Ø	Ø	Ø	n	h	n	Ø	Ø	Ø	1787:8, 2541:6	left (hand) / right (hand)
106	c	2	Ø	Ø	Ø	Ø	Ø	Ø	Ø	ʔ	Ø	Ø	Ø	Ø	Ø	Ø	ɸ	-	p	Ø	Ø	Ø	1439:1, 2032:3	he / mountain
111	c	2	Ø	Ø	Ø	Ø	Ø	Ø	Ø	-	Ø	Ø	Ø	Ø	Ø	Ø	-	-	d	Ø	Ø	Ø	3378:2, 3529:2	that / this
113	c	2	Ø	Ø	Ø	Ø	Ø	Ø	Ø	-	Ø	Ø	Ø	Ø	Ø	Ø	d	t	d	Ø	Ø	Ø	4215:3, 4762:6	to know (facts) / to walk
133	c	2	Ø	Ø	n	ɲ	Ø	n	n	Ø	Ø	Ø	Ø	Ø	Ø	Ø	Ø	Ø	Ø	Ø	Ø	h	3075:1, 3524:1	smoke (of fire) / this
152	c	2	Ø	Ø	Ø	Ø	Ø	s	Ø	dʲ	Ø	Ø	Ø	Ø	Ø	Ø	ɸ	ɸ	p	Ø	Ø	tʃ	221:1, 5289:4	bark / wind
154	c	2	Ø	Ø	k	tsʰ	Ø	n	n	Ø	Ø	Ø	Ø	Ø	Ø	Ø	Ø	Ø	Ø	Ø	Ø	k	1542:3, 3501:4	heavy / thin
158	c	1	Ø	Ø	-	Ø	-	-	Ø	-	Ø	-	Ø	n	Ø	Ø	-	-	-	Ø	Ø	hʲ	2:2	I
167	c	1	Ø	Ø	Ø	Ø	Ø	Ø	Ø	Ø	Ø	Ø	Ø	Ø	Ø	Ø	-	-	Ø	d	Ø	Ø	512:0	child (young person rather than as relationship term)
172	c	1	Ø	Ø	h	Ø	Ø	h	Ø	Ø	Ø	Ø	Ø	Ø	Ø	Ø	Ø	Ø	Ø	Ø	Ø	hʲ	834:4	eye
173	c	1	Ø	Ø	s	Ø	Ø	s	Ø	Ø	Ø	Ø	Ø	Ø	Ø	Ø	Ø	Ø	Ø	s	Ø	kʷ	954:4	feather (larger feathers rather than down)
176	c	1	Ø	Ø	Ø	Ø	Ø	Ø	Ø	Ø	Ø	Ø	Ø	Ø	Ø	Ø	-	-	k	Ø	Ø	Ø	1040:4	fire
181	c	1	Ø	Ø	h	Ø	Ø	-	Ø	Ø	Ø	Ø	Ø	Ø	Ø	Ø	Ø	Ø	Ø	Ø	Ø	-	1284:0	grass
186	c	1	Ø	Ø	Ø	Ø	Ø	Ø	Ø	-	Ø	Ø	Ø	Ø	Ø	Ø	-	dʒ	-	Ø	Ø	Ø	1396:3	hand
192	c	1	Ø	Ø	Ø	Ø	Ø	Ø	Ø	Ø	Ø	Ø	Ø	Ø	Ø	Ø	k	g	-	Ø	Ø	Ø	1486:3	head
194	c	1	Ø	Ø	Ø	Ø	Ø	Ø	Ø	-	Ø	Ø	Ø	Ø	Ø	Ø	n	n	n	Ø	Ø	Ø	1572:2	here
195	c	1	Ø	Ø	Ø	Ø	Ø	Ø	Ø	-	Ø	Ø	Ø	Ø	Ø	Ø	-	m	-	Ø	Ø	Ø	1572:4	here
199	c	1	Ø	Ø	Ø	Ø	Ø	Ø	Ø	Ø	Ø	Ø	Ø	Ø	Ø	Ø	d	n	-	Ø	Ø	Ø	1669:3	if
202	c	1	Ø	Ø	Ø	Ø	Ø	Ø	Ø	Ø	Ø	Ø	Ø	Ø	Ø	Ø	ɸ	ɸ	-	Ø	Ø	Ø	1787:4	left (hand)
203	c	1	Ø	Ø	Ø	Ø	Ø	Ø	Ø	Ø	Ø	Ø	Ø	Ø	Ø	Ø	-	b	p	Ø	Ø	Ø	1787:6	left (hand)
206	c	1	Ø	Ø	w	Ø	Ø	w	Ø	Ø	Ø	Ø	Ø	Ø	Ø	Ø	Ø	Ø	Ø	Ø	Ø	w	1828:2	liver
207	c	1	Ø	Ø	Ø	Ø	Ø	Ø	Ø	Ø	Ø	Ø	Ø	Ø	Ø	Ø	-	-	h	Ø	Ø	Ø	1838:4	liver
209	c	1	Ø	Ø	k	Ø	Ø	kʷ	Ø	Ø	Ø	Ø	Ø	Ø	Ø	Ø	Ø	Ø	Ø	Ø	Ø	k	1889:2	louse
210	c	1	Ø	Ø	h	Ø	Ø	h	Ø	Ø	Ø	Ø	Ø	Ø	Ø	Ø	Ø	Ø	Ø	Ø	Ø	w	1889:6	louse
211	c	1	Ø	Ø	Ø	Ø	Ø	Ø	Ø	Ø	Ø	Ø	Ø	Ø	Ø	Ø	dʒ	dʒ	-	Ø	Ø	Ø	1966:0	meat (flesh)
214	c	1	Ø	Ø	Ø	Ø	Ø	Ø	Ø	Ø	Ø	Ø	Ø	Ø	Ø	Ø	-	θ	t	Ø	Ø	Ø	1966:4	meat (flesh)
218	c	1	Ø	Ø	Ø	Ø	Ø	Ø	Ø	Ø	Ø	Ø	Ø	Ø	Ø	Ø	-	-	ɲ	Ø	Ø	Ø	1997:2	mother
219	c	1	Ø	Ø	Ø	Ø	Ø	Ø	Ø	Ø	Ø	Ø	Ø	Ø	Ø	Ø	k	-	k	Ø	Ø	Ø	2032:0	mountain
223	c	1	Ø	Ø	k	Ø	Ø	k	Ø	Ø	Ø	Ø	Ø	Ø	Ø	Ø	Ø	Ø	Ø	Ø	Ø	tʃ	2161:3	neck
224	c	1	Ø	Ø	-	Ø	Ø	h	Ø	Ø	Ø	Ø	Ø	Ø	Ø	Ø	Ø	Ø	Ø	Ø	Ø	kʷ	2161:5	neck
225	c	1	Ø	Ø	Ø	Ø	Ø	Ø	Ø	Ø	Ø	Ø	Ø	Ø	Ø	Ø	h	g	k	Ø	Ø	Ø	2164:4	neck
231	c	1	Ø	Ø	Ø	p	Ø	Ø	b	Ø	b	Ø	Ø	Ø	Ø	Ø	Ø	Ø	Ø	Ø	Ø	Ø	2195:0	new
232	c	1	Ø	Ø	-	Ø	Ø	n	Ø	Ø	Ø	Ø	Ø	Ø	Ø	Ø	Ø	Ø	Ø	Ø	Ø	ɲ	2222:2	night
236	c	1	Ø	Ø	Ø	Ø	Ø	Ø	Ø	tʲ	Ø	Ø	Ø	Ø	Ø	Ø	-	-	-	Ø	Ø	Ø	2229:3	night
239	c	1	Ø	Ø	Ø	Ø	Ø	Ø	Ø	Ø	Ø	Ø	Ø	Ø	Ø	Ø	-	-	ɗ	Ø	Ø	Ø	2311:4	not
242	c	1	Ø	Ø	m	Ø	Ø	n	Ø	Ø	Ø	Ø	Ø	Ø	Ø	Ø	Ø	Ø	Ø	Ø	Ø	k	2408:2	other
247	c	1	Ø	Ø	Ø	Ø	Ø	Ø	Ø	Ø	Ø	Ø	Ø	Ø	Ø	Ø	ɸ	-	-	Ø	Ø	Ø	2541:4	right (hand)
259	c	1	Ø	Ø	Ø	Ø	-	Ø	Ø	-	Ø	Ø	Ø	Ø	Ø	Ø	h	-	-	Ø	Ø	Ø	2792:7	sea (ocean)
263	c	1	Ø	Ø	Ø	Ø	Ø	Ø	Ø	Ø	Ø	Ø	Ø	Ø	Ø	Ø	-	d	d	Ø	Ø	Ø	2924:6	short
266	c	1	Ø	Ø	Ø	Ø	Ø	Ø	Ø	b	Ø	Ø	Ø	Ø	Ø	Ø	-	-	-	Ø	Ø	Ø	2986:0	sky
269	c	1	Ø	Ø	Ø	Ø	Ø	Ø	Ø	Ø	Ø	Ø	Ø	Ø	Ø	Ø	-	n	-	Ø	Ø	Ø	3059:2	small
275	c	1	Ø	Ø	h	Ø	Ø	h	Ø	Ø	Ø	Ø	Ø	Ø	Ø	Ø	Ø	Ø	Ø	Ø	Ø	n	3075:3	smoke (of fire)
285	c	1	Ø	Ø	Ø	-	Ø	Ø	h	Ø	h	Ø	Ø	Ø	Ø	Ø	Ø	Ø	Ø	Ø	Ø	Ø	3370:0	that
286	c	1	Ø	Ø	Ø	Ø	Ø	Ø	Ø	Ø	Ø	Ø	Ø	Ø	Ø	Ø	n	n	-	Ø	Ø	Ø	3408:4	there
290	c	1	Ø	Ø	Ø	Ø	Ø	Ø	Ø	-	Ø	Ø	Ø	Ø	Ø	Ø	ɸ	-	p	Ø	Ø	Ø	3441:1	they
305	c	1	Ø	Ø	Ø	Ø	Ø	Ø	Ø	Ø	Ø	Ø	Ø	Ø	Ø	Ø	d	-	-	Ø	Ø	Ø	3604:0	three
309	c	1	Ø	Ø	Ø	Ø	Ø	Ø	Ø	Ø	Ø	Ø	Ø	Ø	Ø	Ø	ɲ	r	ɲ	-	Ø	Ø	3663:2	to blow (of wind)
314	c	1	Ø	Ø	-	Ø	Ø	-	Ø	Ø	Ø	Ø	Ø	Ø	Ø	Ø	Ø	Ø	Ø	Ø	ɻ	Ø	3681:1	to breathe
319	c	1	Ø	Ø	ɾ	Ø	Ø	r	Ø	Ø	Ø	Ø	Ø	Ø	Ø	Ø	Ø	Ø	Ø	Ø	ɹ	r	3832:1	to drink
320	c	1	Ø	Ø	Ø	Ø	Ø	Ø	Ø	x	Ø	Ø	Ø	Ø	Ø	Ø	g	g	k	Ø	Ø	Ø	3890:1	to eat
322	c	1	Ø	Ø	Ø	Ø	Ø	Ø	Ø	-	Ø	Ø	Ø	Ø	Ø	Ø	t	t	d	Ø	Ø	Ø	3890:4	to eat
323	c	1	Ø	Ø	Ø	Ø	Ø	-	Ø	Ø	Ø	Ø	Ø	Ø	Ø	Ø	Ø	Ø	Ø	Ø	-	kʷ	3917:3	to fall (drop rather than topple)
325	c	1	Ø	Ø	Ø	Ø	Ø	Ø	Ø	Ø	Ø	Ø	Ø	Ø	Ø	Ø	ɾ	n	ɾ	Ø	Ø	Ø	3956:4	to fear
330	c	1	Ø	Ø	h	Ø	Ø	h	Ø	Ø	Ø	Ø	Ø	Ø	Ø	Ø	Ø	Ø	Ø	Ø	Ø	hʷ	4068:2	to hear
332	c	1	Ø	Ø	Ø	Ø	Ø	Ø	Ø	Ø	Ø	Ø	Ø	Ø	Ø	Ø	ɲ	-	-	Ø	Ø	Ø	4138:4	to hold (in hand)
334	c	1	Ø	Ø	Ø	Ø	Ø	Ø	Ø	Ø	Ø	Ø	Ø	Ø	Ø	Ø	t	d	d	Ø	Ø	Ø	4138:6	to hold (in hand)
335	c	1	Ø	Ø	Ø	β	Ø	Ø	β	Ø	Ø	Ø	Ø	Ø	Ø	Ø	Ø	Ø	Ø	p	Ø	Ø	4147:5	to hunt (game)
341	c	1	Ø	Ø	Ø	Ø	Ø	Ø	Ø	Ø	Ø	Ø	Ø	Ø	Ø	Ø	n	ɲ	n	Ø	Ø	Ø	4215:1	to know (facts)
342	c	1	Ø	Ø	Ø	Ø	Ø	-	Ø	Ø	Ø	Ø	Ø	Ø	Ø	Ø	Ø	Ø	Ø	Ø	ʔ	-	4233:2	to laugh
344	c	1	Ø	Ø	k	Ø	Ø	w	Ø	Ø	Ø	Ø	Ø	Ø	Ø	Ø	Ø	Ø	Ø	Ø	Ø	k	4256:1	to live
346	c	1	Ø	Ø	Ø	Ø	Ø	Ø	Ø	Ø	Ø	Ø	Ø	Ø	Ø	Ø	t	t	t	Ø	Ø	Ø	4394:0	to sew
349	c	1	Ø	Ø	Ø	Ø	Ø	Ø	Ø	Ø	Ø	Ø	Ø	Ø	Ø	Ø	tʃ	dʒ	dʒ	Ø	Ø	Ø	4556:0	to suck
350	c	1	Ø	Ø	Ø	Ø	Ø	Ø	Ø	Ø	Ø	Ø	Ø	Ø	Ø	Ø	tʃ	b	dʒ	Ø	Ø	Ø	4556:2	to suck
368	c	1	Ø	Ø	Ø	Ø	Ø	n	Ø	Ø	Ø	Ø	Ø	Ø	Ø	Ø	-	-	-	Ø	Ø	n	5020:3	we
369	c	1	Ø	Ø	Ø	Ø	Ø	-	Ø	Ø	Ø	Ø	Ø	Ø	Ø	Ø	-	-	-	Ø	Ø	h	5020:5	we
371	c	1	Ø	Ø	k	Ø	Ø	s	Ø	Ø	Ø	Ø	Ø	Ø	Ø	Ø	Ø	Ø	Ø	Ø	Ø	k	5082:0	what?
372	c	1	Ø	Ø	s	Ø	Ø	k	Ø	Ø	Ø	Ø	Ø	Ø	Ø	Ø	Ø	Ø	Ø	Ø	Ø	ts	5082:2	what?
377	c	1	Ø	Ø	-	Ø	Ø	h	Ø	Ø	Ø	Ø	Ø	Ø	Ø	Ø	Ø	Ø	Ø	Ø	Ø	t	5110:0	when?
380	c	1	Ø	Ø	-	Ø	Ø	k	Ø	Ø	-	Ø	Ø	Ø	Ø	Ø	Ø	Ø	Ø	Ø	Ø	t	5202:4	who?
383	c	1	Ø	Ø	Ø	Ø	Ø	Ø	Ø	Ø	Ø	Ø	Ø	Ø	Ø	Ø	ɾ	-	ɾ	Ø	Ø	Ø	5248:5	wide
385	c	1	Ø	Ø	Ø	Ø	Ø	Ø	Ø	Ø	Ø	Ø	Ø	Ø	Ø	Ø	d	θ	d	Ø	Ø	Ø	5248:7	wide
390	c	1	Ø	Ø	Ø	Ø	Ø	Ø	Ø	Ø	Ø	Ø	Ø	Ø	Ø	Ø	ŋ	ɲ	ŋ	Ø	Ø	Ø	5370:3	woman
394	c	1	Ø	Ø	h	Ø	Ø	j	Ø	Ø	Ø	Ø	Ø	Ø	Ø	Ø	Ø	Ø	Ø	Ø	Ø	hʲ	5475:5	year
396	c	1	Ø	Ø	-	Ø	Ø	n	Ø	Ø	Ø	Ø	Ø	Ø	Ø	Ø	Ø	Ø	Ø	Ø	Ø	-	5475:7	year
397	c	1	Ø	Ø	Ø	Ø	Ø	Ø	Ø	r	Ø	Ø	Ø	Ø	Ø	Ø	ɾ	r	ɾ	Ø	Ø	Ø	5503:2	yellow
398	c	1	Ø	Ø	Ø	Ø	Ø	Ø	Ø	-	Ø	Ø	Ø	Ø	Ø	Ø	ɾ	r	ɾ	Ø	Ø	Ø	5503:4	yellow
18	c	12	w	w	Ø	Ø	w	Ø	Ø	Ø	Ø	Ø	w	Ø	w	Ø	Ø	Ø	Ø	Ø	Ø	Ø	553:2, 616:2, 1176:2, 1390:1, 5081:0, 5231:0, 2048:0, 4526:0, 2700:0, 4755:0, 1091:1, 4100:1	day (opposite of night rather than time measure) / dog / five / foot / hand / mouth / salt / to hit / to stand / to walk / what? / wide
82	c	6	w	w	-	Ø	Ø	t	Ø	Ø	Ø	Ø	-	-	-	Ø	Ø	Ø	Ø	-	Ø	j	727:2, 3864:2, 5109:0, 2959:2, 5134:2, 5110:2	ear / skin (person's) / to eat / when? / where?
389	c	1	w	w	Ø	Ø	Ø	Ø	Ø	Ø	Ø	Ø	-	Ø	w	Ø	Ø	Ø	Ø	Ø	Ø	Ø	5353:2	woman
157	c	1	v	w	Ø	Ø	Ø	Ø	Ø	Ø	Ø	Ø	w	Ø	w	Ø	Ø	Ø	Ø	Ø	Ø	Ø	1:0	I
315	c	1	v	m	Ø	Ø	w	Ø	Ø	Ø	Ø	Ø	w	Ø	w	Ø	Ø	Ø	Ø	Ø	w	Ø	3708:0	to come
78	c	5	tʃ	tʃ	-	Ø	Ø	Ø	Ø	-	Ø	Ø	tʃ	Ø	tʃ	Ø	Ø	Ø	Ø	Ø	Ø	Ø	467:4, 2366:4, 2407:4, 502:1, 3044:6	bone / child (young person rather than as relationship term) / one / other / small
180	c	1	tʃ	Ø	Ø	Ø	Ø	Ø	Ø	Ø	Ø	Ø	-	Ø	-	Ø	Ø	Ø	Ø	Ø	Ø	Ø	1218:0	four
261	c	1	tʃ	-	Ø	Ø	Ø	Ø	Ø	Ø	Ø	Ø	tʃ	Ø	-	Ø	Ø	Ø	Ø	Ø	Ø	Ø	2906:6	short
33	c	5	ts	ts	Ø	Ø	Ø	Ø	Ø	Ø	Ø	Ø	ts	Ø	ts	Ø	Ø	Ø	Ø	Ø	Ø	Ø	553:0, 2787:5, 3301:1, 2296:1, 2554:2	day (opposite of night rather than time measure) / not / river / sea (ocean) / sun
23	c	29	t	m	Ø	pʰ	Ø	h	ɸ	ɲ̥	Ø	Ø	-	Ø	t	Ø	n	n	n	n	ts	h	50:0, 50:2, 687:3, 787:1, 1838:2, 2032:5, 2150:2, 2541:0, 2621:3, 2924:2, 3026:1, 3259:0, 3604:4, 4191:3, 4310:2, 4701:2, 4945:2, 4996:3, 5120:0, 562:5, 2986:6, 4887:3, 1603:0, 1685:0, 3226:3, 5133:0, 3864:4, 4037:4, 4002:6	all (of a number) / day (opposite of night rather than time measure) / dull (knife) / earth (soil) / how / in / liver / mountain / near / right (hand) / root / short / sky / sleep / stick (of wood) / stone / three / to eat / to fly / to give / to kill / to pull / to tie / tree / two / water / when? / where?
44	c	29	t	t	s	-	-	s	-	t	Ø	dʒ	t	Ø	t	Ø	d	d	d	Ø	tʃ	ts	149:0, 149:3, 1508:4, 2906:2, 3680:6, 4067:2, 4621:4, 5109:4, 347:5, 1218:4, 2159:3, 2598:3, 4246:0, 5435:1, 3272:0, 3583:5, 3649:4, 4255:5, 2459:5, 4100:3, 258:0, 258:3, 1355:2, 3429:2, 3923:4, 4233:0, 4323:5, 4785:4, 3622:0	back (person's) / belly / bird / four / hair / heart / neck / red / road (or trail) / short / straight / they / three / to bite / to blow (of wind) / to breathe / to fall (drop rather than topple) / to hear / to hit / to laugh / to lie / to live / to push / to think / to wash / when? / ye
51	c	20	t	t	t	Ø	ɾ	r	Ø	Ø	Ø	Ø	-	t	t	Ø	d	-	d	Ø	t	t	3967:5, 3975:6, 4208:4, 4286:7, 4300:5, 4755:6, 4781:5, 3831:4, 4067:5, 4452:7, 4593:6, 4621:10, 4685:5, 2504:2, 2751:4, 2758:2, 3621:4, 3832:3, 4542:6, 4731:5	right (correct) / say / to bite / to drink / to fight / to float / to hear / to know (facts) / to play / to pull / to spit / to suck / to swim / to think / to tie / to vomit / to walk / to wash
29	c	16	t	m	Ø	Ø	Ø	Ø	Ø	Ø	Ø	Ø	k	Ø	t	Ø	t	t	ɗ	Ø	Ø	Ø	405:2, 3322:2, 3408:2, 3723:2, 3761:2, 3823:3, 3884:4, 3956:6, 3994:0, 3994:2, 4191:5, 4416:2, 4484:2, 4668:3, 4323:2, 4526:4	black / sun / there / to come / to cut / to dig / to eat / to fear / to flow / to kill / to push / to sing / to split / to stand / to throw
80	c	11	t	t	t	t	t	t	d	tʲ	td	tʃ	t	dʒ	t	Ø	d	d	d	t	t	t	2408:0, 4068:0, 3917:1, 4233:3, 2266:0, 2373:0, 3477:2, 1441:0, 3401:1, 5134:0, 1888:0	he / louse / nose / one / other / there / thick / to fall (drop rather than topple) / to hear / to laugh / where?
118	c	7	t	t	-	Ø	-	-	Ø	Ø	Ø	Ø	-	Ø	t	Ø	Ø	Ø	Ø	Ø	ts	-	3917:7, 4233:7, 3012:5, 3681:8, 3708:5, 3832:7, 4100:6	sleep / to breathe / to come / to drink / to fall (drop rather than topple) / to hit / to laugh
120	c	2	t	Ø	Ø	Ø	t	Ø	Ø	dz	Ø	-	tʃ	Ø	tʃ	Ø	-	t	-	Ø	Ø	Ø	2751:2, 5085:3	say / what?
272	c	1	t	t	Ø	Ø	Ø	Ø	Ø	Ø	Ø	Ø	t	Ø	-	Ø	Ø	Ø	Ø	Ø	Ø	Ø	3073:7	smoke (of fire)
318	c	1	t	-	Ø	Ø	Ø	Ø	-	Ø	Ø	Ø	-	Ø	t	Ø	Ø	Ø	Ø	Ø	Ø	Ø	3775:4	to die
337	c	1	t	t	Ø	Ø	Ø	Ø	Ø	Ø	Ø	Ø	-	Ø	t	Ø	Ø	Ø	Ø	Ø	s	Ø	4166:2	to kill
343	c	1	t	Ø	Ø	Ø	Ø	Ø	Ø	Ø	Ø	Ø	m	Ø	t	Ø	Ø	Ø	Ø	Ø	Ø	Ø	4246:5	to lie
17	c	9	s	s	Ø	Ø	Ø	Ø	Ø	Ø	Ø	Ø	s	Ø	s	Ø	Ø	Ø	Ø	Ø	Ø	Ø	216:0, 1316:0, 2906:0, 4037:0, 4452:1, 5279:2, 381:4, 3621:1, 1852:1	bark / black / green / long / short / to bite / to give / to spit / wind
72	c	3	s	w	Ø	Ø	Ø	Ø	Ø	Ø	Ø	Ø	-	Ø	-	Ø	Ø	Ø	Ø	Ø	Ø	Ø	4286:6, 4755:4, 4037:2	to give / to play / to walk
143	c	2	s	-	Ø	Ø	Ø	Ø	Ø	Ø	Ø	Ø	s	Ø	-	Ø	Ø	Ø	Ø	Ø	Ø	Ø	4246:4, 4255:4	to lie / to live
245	c	1	s	ts	Ø	Ø	ʃ	Ø	Ø	Ø	Ø	Ø	ts	Ø	ts	Ø	Ø	Ø	Ø	Ø	Ø	Ø	2526:2	right (hand)
327	c	1	s	Ø	Ø	Ø	Ø	Ø	Ø	Ø	Ø	Ø	-	Ø	m	Ø	Ø	Ø	Ø	Ø	Ø	Ø	3975:4	to float
1	c	46	r	h	Ø	Ø	Ø	Ø	Ø	β	Ø	Ø	ɾ	Ø	r	Ø	ɾ	r	ɾ	r	Ø	Ø	230:3, 405:4, 603:4, 666:4, 890:1, 1040:1, 1334:4, 1551:2, 1692:1, 1726:2, 1787:2, 1814:2, 1873:1, 2150:4, 2353:2, 2483:3, 2659:0, 2684:0, 2897:3, 2924:4, 3059:4, 3114:0, 3114:4, 3212:0, 3823:0, 3850:2, 3884:0, 4416:0, 5120:2, 5183:3, 5248:3, 5370:0, 5418:4, 512:2, 4363:0, 5289:2, 3469:6, 5081:2, 5109:2, 5231:5, 953:1, 1852:3, 2671:3, 1158:2, 4286:4, 523:2	bark / black / child (young person rather than as relationship term) / cloud / dirty / dry (substance) / far / feather (larger feathers rather than down) / fire / fog / green / heavy / in / lake / left (hand) / leg / long / near / old / red / rope / rotten (especially log) / sharp (as knife) / short / small / smooth / stick (of wood) / thick / to dig / to drink / to eat / to play / to rub / to sing / what? / when? / white / wide / wind / woman / worm
49	c	10	r	-	Ø	Ø	ɾ	Ø	Ø	n̥	Ø	l	-	Ø	-	Ø	n	n	n	Ø	-	Ø	1396:1, 2567:3, 2792:2, 3680:4, 3831:3, 4621:8, 3012:4, 4100:4, 4781:4, 4818:5	hand / river / sea (ocean) / sleep / to breathe / to drink / to hit / to think / to wash / tongue
37	c	4	r	ŋ	Ø	Ø	-	Ø	Ø	Ø	Ø	Ø	ɾ	Ø	r	Ø	Ø	Ø	Ø	Ø	Ø	Ø	1255:5, 2906:4, 4925:5, 2526:4	good / right (hand) / short / two
178	c	1	r	ŋ	Ø	Ø	-	Ø	Ø	Ø	Ø	-	h	Ø	r	Ø	Ø	Ø	Ø	Ø	Ø	Ø	1128:5	flower
216	c	1	r	Ø	Ø	Ø	Ø	Ø	Ø	Ø	Ø	Ø	-	Ø	r	Ø	Ø	Ø	Ø	Ø	Ø	-	1984:5	mother
229	c	1	r	h	Ø	Ø	Ø	Ø	Ø	Ø	Ø	Ø	ɾ	Ø	-	Ø	Ø	Ø	Ø	Ø	Ø	Ø	2193:4	new
19	c	20	p	p	-	Ø	w	Ø	Ø	-	Ø	Ø	p	Ø	p	Ø	Ø	Ø	Ø	Ø	Ø	Ø	149:5, 216:3, 422:3, 1255:0, 1827:3, 2608:5, 5161:0, 5309:4, 1283:2, 3272:4, 3583:3, 3649:2, 4255:0, 1347:2, 2959:4, 3127:2, 4246:2, 4300:2, 2459:2, 3044:4	back (person's) / bark / blood / good / grass / guts / liver / red / root / skin (person's) / small / snake / straight / three / to blow (of wind) / to lie / to live / to pull / white / wing
296	c	1	p	p	Ø	Ø	Ø	Ø	Ø	Ø	Ø	Ø	p	Ø	k	Ø	Ø	Ø	Ø	Ø	Ø	Ø	3469:4	thick
13	c	53	n	n	Ø	Ø	n	t	Ø	Ø	n	n	n	n	n	Ø	d	-	t	tʲ	-	n	149:2, 306:2, 422:0, 467:3, 771:0, 800:0, 800:4, 1508:1, 1508:3, 1774:2, 2254:0, 2787:4, 3396:1, 4067:1, 4621:1, 4621:3, 4886:0, 5309:0, 5309:2, 5353:0, 130:0, 347:0, 347:2, 347:7, 1218:3, 1682:0, 1958:0, 2159:2, 2554:1, 2598:2, 2959:0, 3127:0, 3208:0, 3967:2, 3975:0, 3975:2, 4208:0, 4286:0, 4781:0, 2459:4, 2526:1, 258:2, 258:5, 2048:2, 2020:0, 2020:2, 706:5, 1355:1, 1541:4, 1603:2, 1984:1, 4002:0, 4845:1	at / back (person's) / belly / big / bird / blood / bone / dust / earth (soil) / egg / four / hair / heart / heavy / how / in / left (hand) / meat (flesh) / mother / mountain / mouth / neck / nose / red / right (hand) / river / road (or trail) / sea (ocean) / skin (person's) / snake / stick (of wood) / there / to fight / to float / to fly / to hear / to know (facts) / to play / to think / to wash / tooth (front rather than molar) / tree / wing / woman
16	c	30	n	-	Ø	Ø	n	Ø	-	Ø	Ø	Ø	-	Ø	-	Ø	-	-	-	-	-	Ø	3831:6, 3864:6, 4037:6, 4067:7, 4452:9, 4593:8, 4621:12, 4685:7, 3967:7, 3975:8, 4208:6, 4246:7, 4286:9, 4300:7, 4755:8, 4781:7, 2526:6, 2526:8, 4100:8, 3649:6, 4255:7, 1562:2, 2751:6, 3012:7, 3708:7, 3775:6, 4002:8, 4323:7, 4542:8, 4731:7	here / right (hand) / say / sleep / to blow (of wind) / to come / to die / to drink / to eat / to fight / to float / to fly / to give / to hear / to hit / to know (facts) / to lie / to live / to play / to pull / to push / to spit / to suck / to swim / to think / to tie / to vomit / to walk / to wash
86	c	24	n	n	n	n	n	n	n	ɲ	n	n	n	n	n	Ø	ɲ	ɲ	ɲ	n	ɲ	n	834:0, 1889:4, 2222:0, 2255:0, 2821:0, 3013:4, 3709:1, 4167:3, 4453:6, 4888:0, 4888:4, 3917:5, 4233:5, 1435:0, 1466:1, 2303:1, 2973:0, 3012:2, 3428:0, 3681:5, 3708:3, 3832:5, 4818:2, 5202:2	eye / he / head / louse / night / nose / not / see / sky / sleep / they / to breathe / to come / to drink / to fall (drop rather than topple) / to kill / to laugh / to spit / tongue / tree / who?
39	c	12	n	d	Ø	t	n	Ø	d	n	Ø	ɲ	n	Ø	n	Ø	n	n	n	Ø	n	Ø	1635:2, 2229:0, 3627:1, 1176:0, 1733:0, 4811:1, 5279:0, 1283:0, 3429:0, 4002:2, 4818:0, 5133:2	foot / grass / husband / leaf / night / they / to bite / to fly / tongue / where? / wind
76	c	2	n	n	Ø	Ø	s	Ø	Ø	Ø	Ø	s	-	Ø	n	Ø	Ø	Ø	-	Ø	Ø	Ø	1061:0, 4542:4	fish / to suck
83	c	2	n	n	n	n	Ø	n	n	Ø	Ø	Ø	n	n	-	Ø	Ø	Ø	Ø	Ø	Ø	-	468:0, 3368:1	bone / that
244	c	1	n	-	Ø	Ø	n	Ø	Ø	Ø	Ø	Ø	n	Ø	-	Ø	Ø	Ø	Ø	Ø	Ø	Ø	2459:7	red
271	c	1	n	-	Ø	Ø	Ø	Ø	Ø	Ø	Ø	Ø	n	Ø	n	Ø	Ø	Ø	Ø	Ø	Ø	Ø	3073:5	smoke (of fire)
282	c	1	n	t	Ø	Ø	Ø	Ø	Ø	Ø	Ø	Ø	Ø	Ø	n	Ø	Ø	Ø	Ø	Ø	Ø	Ø	3272:6	straight
294	c	1	n	m	Ø	Ø	Ø	Ø	Ø	Ø	Ø	Ø	m	Ø	n	Ø	Ø	Ø	Ø	Ø	Ø	Ø	3469:2	thick
313	c	1	n	t	Ø	Ø	Ø	Ø	Ø	Ø	Ø	Ø	-	Ø	-	Ø	Ø	Ø	Ø	Ø	Ø	Ø	3680:8	to breathe
338	c	1	n	-	Ø	Ø	Ø	Ø	Ø	Ø	Ø	Ø	-	Ø	-	Ø	Ø	Ø	Ø	Ø	ɲ	Ø	4166:4	to kill
364	c	1	mʲ	m	Ø	Ø	Ø	Ø	Ø	Ø	Ø	Ø	m	Ø	m	Ø	Ø	Ø	Ø	Ø	Ø	Ø	4925:2	two
6	c	29	m	m	Ø	Ø	m	Ø	Ø	-	Ø	m	m	Ø	m	Ø	Ø	Ø	Ø	Ø	Ø	Ø	130:2, 347:4, 1158:7, 1347:1, 1682:2, 1799:0, 1917:3, 1958:2, 3208:2, 3967:0, 5435:3, 422:2, 1316:2, 1774:0, 2193:2, 3469:8, 3680:0, 3831:1, 4621:7, 4886:2, 5231:7, 1888:2, 3554:3, 1852:5, 3583:2, 3583:7, 3649:1, 523:7, 5085:0	at / bird / blood / cloud / fog / green / guts / in / left (hand) / leg / long / louse / man (male human) / meat (flesh) / new / stick (of wood) / thick / thou / three / to blow (of wind) / to breathe / to drink / to fight / to think / tree / what? / wide / ye
42	c	29	m	m	Ø	m	m	-	m	m	Ø	m	m	Ø	m	Ø	m	m	m	Ø	m	-	135:0, 1334:0, 1526:2, 1551:0, 1689:0, 1899:3, 2164:2, 2207:2, 2311:2, 2353:4, 3322:4, 3604:2, 4138:0, 4191:0, 4501:1, 4639:2, 4945:0, 5453:1, 562:3, 930:0, 2567:1, 4762:0, 706:1, 1061:2, 2090:0, 2792:0, 2973:5, 4166:0, 4731:1	at / day (opposite of night rather than time measure) / dust / father / fish / green / heart / heavy / in / louse / name / neck / new / not / old / river / sea (ocean) / sky / sun / three / to hold (in hand) / to kill / to squeeze / to think / to vomit / to walk / two / ye
75	c	11	m	b	Ø	m	Ø	Ø	m	m̥	Ø	Ø	m	Ø	m	Ø	m	m	m	Ø	-	Ø	1465:0, 3073:0, 381:0, 2504:0, 1439:3, 2986:4, 3441:3, 4887:1, 2090:2, 3226:1, 4542:0	black / he / head / name / right (correct) / sky / smoke (of fire) / stick (of wood) / they / to suck / tree
134	c	10	m	-	n	ɲ	Ø	n	ɲ	Ø	Ø	Ø	-	n	m	Ø	Ø	Ø	Ø	Ø	ɲ	ɲ	1542:1, 2821:4, 3622:3, 3709:3, 4068:4, 4256:3, 1685:2, 2758:4, 4002:4, 4452:5	heavy / in / say / see / to bite / to come / to fly / to hear / to live / to spit
230	c	1	m	m	Ø	Ø	Ø	Ø	Ø	Ø	Ø	Ø	m	Ø	-	Ø	Ø	Ø	Ø	Ø	Ø	Ø	2193:6	new
355	c	1	kʲ	k	Ø	Ø	Ø	Ø	Ø	Ø	Ø	Ø	k	Ø	k	Ø	Ø	Ø	Ø	Ø	Ø	Ø	4685:3	to tie
21	c	37	k	k	k	Ø	-	k	Ø	g	Ø	ɾ	k	Ø	k	Ø	b	-	b	Ø	tʲ	-	99:3, 467:1, 727:0, 771:3, 1255:3, 1316:4, 1465:2, 1827:1, 2221:0, 2366:2, 2366:6, 2407:2, 2608:0, 2608:3, 3073:2, 3243:0, 3340:3, 4452:4, 4593:2, 5231:3, 1158:5, 1218:7, 1799:2, 2159:0, 4208:2, 4286:2, 4755:2, 381:2, 523:5, 2671:0, 3583:0, 1061:4, 1984:3, 2504:4, 3044:2, 3923:0, 2222:4	ashes / black / bone / cloud / ear / earth (soil) / fish / fog / four / good / green / head / leg / liver / mother / neck / night / one / other / right (correct) / root / rotten (especially log) / small / smoke (of fire) / stone / tail / three / to fall (drop rather than topple) / to know (facts) / to play / to spit / to swim / to walk / wide
46	c	30	k	k	k	-	k	k	-	x	Ø	kʷ	k	k	k	Ø	k	k	k	Ø	mʷ	kʷ	1334:2, 1526:0, 1526:4, 1814:0, 2164:0, 2207:0, 2843:0, 3182:1, 3259:4, 3956:2, 4273:0, 4639:0, 4639:4, 4701:0, 4745:0, 4745:2, 5322:3, 629:3, 3477:4, 4077:0, 4077:2, 4640:3, 4762:2, 4785:2, 5032:0, 2:0, 1541:0, 2459:0, 3012:0, 3501:0	I / dog / green / heart / heavy / leg / neck / new / red / see / sleep / star / stone / thick / thin / to fear / to hear / to live / to think / to tie / to vomit / to walk / to wash / we / wing
122	c	16	k	Ø	k	kʷ	Ø	k	g	k	k	k	k	k	k	Ø	k	k	k	-	Ø	k	468:2, 1284:6, 1828:0, 2255:4, 2821:2, 3013:2, 3075:5, 4453:4, 5110:4, 221:3, 954:0, 1466:4, 1684:0, 5020:0, 5202:0, 5411:4	bark / bone / feather (larger feathers rather than down) / grass / head / in / liver / nose / see / sleep / smoke (of fire) / to spit / we / when? / who? / worm
79	c	7	k	-	Ø	Ø	-	Ø	Ø	Ø	Ø	Ø	-	Ø	-	Ø	-	-	-	Ø	Ø	Ø	4067:4, 5109:7, 3967:4, 4300:4, 1091:4, 4323:4, 4731:4	five / to fight / to hear / to pull / to push / to vomit / when?
81	c	7	k	k	Ø	Ø	Ø	Ø	Ø	Ø	Ø	Ø	k	Ø	k	Ø	g	g	g	Ø	Ø	Ø	230:1, 819:2, 971:1, 2656:1, 5339:2, 5418:2, 4542:2	bark / egg / feather (larger feathers rather than down) / rope / to suck / with (accompanying) / worm
148	c	3	k	k	Ø	Ø	k	Ø	Ø	Ø	Ø	g	k	Ø	k	Ø	k	k	-	Ø	Ø	Ø	706:3, 1128:3, 1966:2	dust / flower / meat (flesh)
200	c	1	k	k	Ø	Ø	Ø	Ø	Ø	Ø	Ø	Ø	k	Ø	p	Ø	Ø	Ø	Ø	Ø	Ø	Ø	1733:2	leaf
316	c	1	k	k	Ø	Ø	Ø	Ø	-	Ø	Ø	Ø	-	Ø	k	Ø	Ø	Ø	Ø	Ø	Ø	Ø	3775:2	to die
352	c	1	k	m	Ø	Ø	Ø	Ø	Ø	Ø	Ø	Ø	-	Ø	m	Ø	Ø	Ø	Ø	Ø	Ø	Ø	4593:4	to swim
24	c	14	j	j	h	Ø	j	j	Ø	Ø	Ø	ð	j	Ø	j	Ø	Ø	Ø	Ø	Ø	Ø	j	99:0, 616:0, 2193:0, 3171:0, 3243:2, 3680:2, 3864:0, 4593:0, 5201:0, 523:0, 1128:0, 1158:0, 2973:2, 1284:2	ashes / cloud / dog / flower / fog / grass / new / sky / star / stone / to breathe / to eat / to swim / who?
12	c	44	h	h	Ø	Ø	k	Ø	h	h	ʔ	Ø	h	Ø	h	Ø	h	h	h	Ø	Ø	Ø	274:0, 405:0, 687:0, 750:0, 819:0, 1695:0, 1726:0, 1787:0, 2420:0, 2483:0, 2621:0, 2897:0, 3059:0, 3139:0, 3322:0, 3761:0, 3850:0, 3956:0, 4442:0, 4996:0, 629:0, 3477:0, 4785:0, 5289:0, 5332:0, 800:2, 833:0, 1019:0, 1390:3, 2254:2, 3340:1, 4685:0, 4925:0, 5161:2, 1347:4, 2159:5, 2598:0, 4300:0, 4781:2, 1091:3, 4255:2, 1541:2, 3522:2, 4526:2	belly / black / dog / dull (knife) / ear / egg / eye / fire / five / guts / hand / heavy / in / lake / left (hand) / neck / nose / other / red / road (or trail) / root / sharp (as knife) / small / snake / sun / tail / thick / this / to cut / to drink / to fear / to live / to pull / to smell (perceive odor) / to stand / to tie / to wash / two / water / white / wind / with (accompanying)
140	c	3	h	h	Ø	ʔ	Ø	Ø	ʔ	Ø	ʔ	Ø	h	Ø	h	Ø	Ø	Ø	Ø	Ø	Ø	Ø	2195:2, 3370:2, 3775:0	new / that / to die
141	c	2	h	j	Ø	-	Ø	Ø	-	Ø	Ø	Ø	h	Ø	h	Ø	Ø	Ø	Ø	j	Ø	Ø	1562:0, 4147:0	here / to hunt (game)
166	c	1	h	m	Ø	Ø	Ø	Ø	Ø	Ø	Ø	Ø	-	Ø	-	Ø	Ø	Ø	Ø	Ø	Ø	Ø	306:0	big
5	c	51	-	m	Ø	tʰ	Ø	Ø	t	-	Ø	Ø	tʃ	Ø	t	Ø	d	d	d	d	Ø	Ø	405:6, 603:6, 666:6, 687:5, 971:3, 1334:6, 1551:4, 1813:1, 2032:7, 2311:0, 2483:5, 2684:5, 2687:4, 2843:3, 2897:5, 3026:3, 3059:6, 3114:6, 3182:3, 3212:2, 3510:3, 3761:4, 3850:4, 4019:2, 4273:4, 4310:4, 4394:4, 4442:4, 4484:4, 4501:3, 4503:1, 4503:4, 4556:4, 4609:1, 4668:5, 4701:4, 4745:5, 4862:3, 5120:5, 5183:5, 5339:0, 3477:7, 3627:3, 4077:4, 4640:5, 5503:6, 424:0, 2299:0, 2366:0, 3663:4, 4147:2	black / blood / dirty / dry (substance) / dull (knife) / feather (larger feathers rather than down) / green / heavy / leg / mountain / not / one / red / rotten (especially log) / see / sharp (as knife) / sleep / small / smooth / star / stick (of wood) / thick / thin / to bite / to blow (of wind) / to cut / to drink / to fly / to hear / to hunt (game) / to live / to pull / to sew / to smell (perceive odor) / to split / to squeeze / to suck / to swim / to think / to throw / to tie / to vomit / tooth (front rather than molar) / when? / white / with (accompanying) / yellow
88	c	3	-	-	Ø	Ø	Ø	Ø	Ø	Ø	Ø	Ø	t	-	-	Ø	Ø	Ø	Ø	Ø	Ø	Ø	306:3, 800:5, 2020:3	big / egg / mountain
95	c	2	-	Ø	Ø	Ø	Ø	Ø	Ø	Ø	Ø	Ø	k	Ø	-	Ø	Ø	Ø	Ø	Ø	Ø	Ø	1917:6, 1958:5	man (male human) / meat (flesh)
109	c	2	-	t	Ø	Ø	Ø	Ø	Ø	Ø	Ø	Ø	tʃ	Ø	t	Ø	Ø	Ø	Ø	Ø	Ø	Ø	2407:0, 3272:2	other / straight
128	c	2	-	-	Ø	Ø	ʔ	Ø	Ø	-	Ø	-	-	Ø	-	Ø	Ø	Ø	Ø	Ø	-	Ø	3708:2, 5085:2	to come / what?
159	c	1	-	-	Ø	Ø	Ø	Ø	Ø	Ø	Ø	Ø	m	Ø	-	Ø	Ø	Ø	Ø	Ø	Ø	Ø	35:0	all (of a number)
160	c	1	-	-	Ø	Ø	Ø	Ø	Ø	Ø	Ø	Ø	ŋ	Ø	n	Ø	Ø	Ø	Ø	Ø	Ø	Ø	99:2	ashes
162	c	1	-	-	Ø	Ø	Ø	Ø	Ø	Ø	Ø	Ø	n	Ø	n	Ø	Ø	Ø	Ø	Ø	Ø	Ø	99:5	ashes
164	c	1	-	-	Ø	Ø	Ø	Ø	Ø	Ø	Ø	Ø	m	Ø	m	Ø	Ø	Ø	Ø	Ø	Ø	Ø	99:7	ashes
168	c	1	-	n	Ø	Ø	Ø	Ø	Ø	Ø	Ø	Ø	-	Ø	n	Ø	Ø	Ø	Ø	Ø	Ø	Ø	553:4	day (opposite of night rather than time measure)
184	c	1	-	b	Ø	Ø	Ø	Ø	Ø	Ø	Ø	Ø	-	Ø	-	Ø	Ø	Ø	Ø	Ø	Ø	Ø	1316:5	green
208	c	1	-	-	Ø	Ø	n	Ø	Ø	Ø	Ø	n	-	Ø	-	Ø	Ø	Ø	Ø	Ø	Ø	Ø	1888:4	louse
253	c	1	-	Ø	Ø	Ø	-	Ø	Ø	Ø	Ø	Ø	tʃ	Ø	tʃ	Ø	d	r	d	Ø	Ø	Ø	2751:0	say
254	c	1	-	n	Ø	Ø	Ø	Ø	Ø	Ø	Ø	Ø	n	Ø	n	Ø	Ø	Ø	Ø	Ø	Ø	Ø	2787:0	sea (ocean)
255	c	1	-	j	Ø	Ø	Ø	Ø	Ø	Ø	Ø	Ø	j	Ø	j	Ø	Ø	Ø	Ø	Ø	Ø	Ø	2787:2	sea (ocean)
265	c	1	-	-	Ø	Ø	Ø	-	Ø	Ø	Ø	Ø	p	Ø	-	Ø	Ø	Ø	Ø	Ø	Ø	-	2973:6	sky
274	c	1	-	m	Ø	Ø	Ø	Ø	Ø	Ø	Ø	Ø	-	Ø	-	Ø	Ø	Ø	Ø	Ø	Ø	Ø	3073:9	smoke (of fire)
279	c	1	-	j	Ø	Ø	Ø	Ø	Ø	Ø	Ø	Ø	-	Ø	-	Ø	Ø	Ø	Ø	Ø	Ø	Ø	3171:2	star
283	c	1	-	-	Ø	Ø	Ø	Ø	Ø	Ø	Ø	Ø	w	Ø	-	Ø	Ø	Ø	Ø	Ø	Ø	Ø	3301:3	sun
288	c	1	-	Ø	-	Ø	Ø	-	Ø	Ø	Ø	Ø	-	Ø	t	Ø	Ø	Ø	Ø	Ø	t	Ø	3428:2	they
293	c	1	-	k	Ø	Ø	Ø	Ø	Ø	Ø	Ø	Ø	k	Ø	w	Ø	Ø	Ø	Ø	Ø	Ø	Ø	3469:0	thick
299	c	1	-	Ø	Ø	Ø	Ø	Ø	-	Ø	g	Ø	-	Ø	-	Ø	Ø	Ø	Ø	Ø	Ø	Ø	3522:0	this
302	c	1	-	-	Ø	Ø	k	Ø	Ø	Ø	Ø	kˀ	-	Ø	-	Ø	Ø	Ø	Ø	Ø	Ø	Ø	3554:0	thou
303	c	1	-	-	Ø	Ø	-	Ø	Ø	Ø	Ø	n	-	Ø	-	Ø	Ø	Ø	Ø	Ø	Ø	Ø	3554:2	thou
339	c	1	-	-	Ø	Ø	Ø	Ø	Ø	Ø	Ø	Ø	-	Ø	-	Ø	Ø	Ø	Ø	Ø	ts	Ø	4166:6	to kill
375	c	1	-	-	Ø	Ø	Ø	Ø	Ø	Ø	Ø	Ø	-	Ø	m	Ø	Ø	Ø	Ø	Ø	Ø	Ø	5109:5	when?
8	+	11	Ø	Ø	Ø	Ø	Ø	Ø	Ø	Ø	Ø	Ø	Ø	Ø	Ø	Ø	-	-	-	Ø	Ø	Ø	274:3, 274:4, 2420:4, 3212:3, 3212:4, 3884:2, 3884:3, 4668:2, 5418:1, 5453:2, 5453:3	belly / other / stick (of wood) / to eat / to throw / worm / ye
10	+	9	Ø	Ø	Ø	Ø	Ø	Ø	Ø	-	Ø	Ø	Ø	Ø	Ø	Ø	-	-	-	Ø	Ø	Ø	562:6, 562:7, 930:2, 930:3, 2986:2, 2986:3, 3441:7, 3441:8, 3561:1	day (opposite of night rather than time measure) / father / sky / they / thou
41	+	2	Ø	Ø	Ø	-	Ø	Ø	-	Ø	Ø	Ø	Ø	Ø	Ø	Ø	-	-	-	Ø	Ø	Ø	424:2, 424:3	blood
367	+	1	Ø	Ø	Ø	Ø	Ø	-	Ø	Ø	Ø	Ø	Ø	Ø	Ø	Ø	-	-	-	Ø	Ø	-	5020:2	we
40	+	3	-	Ø	Ø	Ø	Ø	Ø	Ø	-	Ø	Ø	-	Ø	-	Ø	Ø	Ø	Ø	Ø	Ø	Ø	5411:0, 5411:1, 5411:2	worm
