ID	STRUCTURE	FREQUENCY	AchuarShiwiar	Aguaruna	Andoa	Arabela	Bora	Candoshi-Shapra	Chayahuita	Chibito	Coeruna	Iquito	Juri	MiranhaCarapana-Tapuya	Muinane	Muniche	Ocaina	Omurano	Pebas	Proto-Bora-Muinane	Resigaro	Shiwilu	Shuar	Taushiro	Tequiraca	Ticuna	Urarina	Wampis	Waorani	WitotoMinica	WitotoMurui	WitotoNipode	Yagua	Yameo	Yanesha	Zaparo	COGNATESETS	CONCEPTS
244	V	1	ɨː	ɨː	Ø	Ø	Ø	Ø	Ø	Ø	Ø	Ø	Ø	Ø	Ø	Ø	Ø	Ø	Ø	Ø	Ø	Ø	ɨː	Ø	Ø	Ø	Ø	ɨː	Ø	Ø	Ø	Ø	Ø	Ø	Ø	Ø	1306:1	salt
17	V	50	ɨ	ɨ	Ø	Ø	Ø	o	Ø	Ø	o	Ø	Ø	Ø	Ø	Ø	o	Ø	Ø	Ø	Ø	Ø	ɨ	Ø	Ø	Ø	Ø	ɨ	Ø	o	o	o	Ø	Ø	a	Ø	131:3, 192:1, 192:4, 241:3, 300:2, 602:1, 693:1, 1225:3, 1759:4, 1885:2, 2941:0, 3129:3, 3261:1, 3261:3, 1208:0, 2924:3, 834:1, 1168:1, 268:1, 535:1, 539:2, 542:1, 542:3, 640:3, 777:1, 807:0, 1259:0, 1283:0, 1504:1, 1618:0, 1752:3, 2874:1, 3022:1, 3041:1, 3165:1, 3258:0, 3454:3, 3463:1, 3642:1, 561:1, 716:1, 716:3, 1020:1, 1892:0, 3357:3, 511:2, 511:4, 992:4, 1728:1, 3625:3	at / back (person's) / bark / belly / cold (of weather) / dog / ear / feather (larger feathers rather than down) / foot / good / green / hand / in / lake / left (hand) / leg / louse / mouth / night / nose / right (correct) / river / root / rope / sky / snake / sun / tail / thou / tooth (front rather than molar) / warm (of weather) / water / we / when? / where? / wind / wing / woman / ye
184	V	1	ɨ	-	Ø	Ø	Ø	Ø	Ø	Ø	Ø	Ø	Ø	Ø	Ø	Ø	Ø	Ø	Ø	Ø	Ø	Ø	ɨ	Ø	Ø	Ø	Ø	ɨ	Ø	Ø	Ø	Ø	Ø	Ø	Ø	Ø	758:6	meat (flesh)
236	V	1	ɨ	ɨ	Ø	Ø	Ø	Ø	Ø	Ø	Ø	Ø	Ø	Ø	Ø	Ø	Ø	Ø	Ø	Ø	Ø	Ø	Ø	Ø	Ø	Ø	Ø	Ø	Ø	Ø	Ø	Ø	Ø	Ø	e	Ø	1168:3	right (correct)
11	V	21	Ø	Ø	Ø	Ø	a	Ø	Ø	Ø	Ø	Ø	Ø	Ø	a	Ø	Ø	Ø	-	a	Ø	Ø	Ø	Ø	Ø	Ø	Ø	Ø	Ø	Ø	Ø	Ø	u	u	Ø	Ø	487:1, 515:1, 649:2, 811:1, 1040:1, 1325:3, 1524:3, 1733:4, 2094:0, 2119:1, 2747:1, 2860:2, 3115:3, 3171:1, 3229:5, 3242:0, 3266:3, 3266:5, 3580:1, 2327:3, 2918:8	bone / fat (organic substance) / husband / if / liver / mountain / not / sand / sleep / sun / to drink / to eat / to hunt (game) / tooth (front rather than molar) / two / wife / with (accompanying) / worm / ye / year
31	V	17	Ø	Ø	Ø	Ø	ɛ	Ø	Ø	Ø	Ø	Ø	Ø	Ø	o	Ø	aː	Ø	Ø	o	Ø	Ø	Ø	Ø	Ø	Ø	Ø	Ø	Ø	oɯ	o	o	Ø	Ø	Ø	Ø	353:1, 530:3, 662:1, 970:1, 1082:3, 1089:1, 1142:1, 1582:1, 1607:1, 1711:1, 1794:1, 2884:1, 2978:1, 3395:1, 866:1, 1369:1, 3258:4	bad (deleterious or unsuitable) / big / dull (knife) / he / in / name / new / old / one / red / sea (ocean) / snake / straight / there / tree / wet / ye
7	V	15	Ø	Ø	Ø	Ø	Ø	Ø	Ø	Ø	Ø	Ø	Ø	Ø	Ø	Ø	o	Ø	Ø	Ø	Ø	Ø	Ø	Ø	Ø	Ø	Ø	Ø	Ø	ɯ	ɯ	ɯ	Ø	Ø	Ø	Ø	126:2, 308:0, 409:1, 867:1, 1280:2, 1316:0, 1703:1, 2605:0, 2641:1, 2852:1, 3177:1, 3235:1, 3235:3, 3503:1, 522:1	back (person's) / egg / fog / hand / heart / name / rope / salt / stone / there / to squeeze / tongue / with (accompanying) / worm
5	V	14	Ø	Ø	Ø	Ø	ɯ	Ø	Ø	Ø	Ø	Ø	Ø	Ø	ɨ	Ø	Ø	Ø	Ø	ɨ	Ø	Ø	Ø	Ø	Ø	Ø	Ø	Ø	Ø	Ø	Ø	Ø	Ø	Ø	Ø	Ø	12:3, 239:1, 364:0, 397:0, 464:3, 515:6, 797:3, 1041:1, 1267:0, 1388:2, 1524:1, 1733:1, 3229:1, 3519:0	ashes / at / eye / head / heart / how / if / mother / not / rope / see / sleep / sun / worm
26	V	8	Ø	Ø	Ø	Ø	Ø	Ø	Ø	Ø	Ø	Ø	Ø	Ø	Ø	Ø	a	Ø	Ø	Ø	Ø	Ø	Ø	Ø	Ø	Ø	Ø	Ø	Ø	i	i	i	Ø	Ø	Ø	Ø	922:1, 1055:0, 1219:3, 1304:3, 1752:1, 2852:0, 3145:3, 493:2	husband / near / not / river / rotten (especially log) / sun / tongue / wind
69	V	8	Ø	Ø	o	u	Ø	Ø	Ø	Ø	Ø	i	Ø	o.o	Ø	Ø	Ø	Ø	Ø	Ø	Ø	Ø	Ø	Ø	Ø	Ø	i	Ø	o	Ø	Ø	Ø	Ø	Ø	Ø	u	839:2, 1523:5, 2092:5, 2345:4, 141:2, 694:1, 2737:3, 3627:1	bone / feather (larger feathers rather than down) / foot / louse / mouth / sleep / to drink / to kill
13	V	7	Ø	Ø	Ø	Ø	a	Ø	Ø	Ø	Ø	Ø	Ø	Ø	a.i	Ø	Ø	Ø	Ø	a.i	Ø	Ø	Ø	Ø	Ø	Ø	Ø	Ø	Ø	Ø	Ø	Ø	Ø	Ø	Ø	Ø	23:1, 1229:2, 1368:2, 1645:1, 2930:1, 2955:3, 3242:4	fire / river / sea (ocean) / star / water / we / ye
34	V	7	Ø	Ø	a	-	Ø	Ø	Ø	Ø	Ø	a	Ø	Ø	Ø	Ø	Ø	Ø	Ø	Ø	Ø	Ø	Ø	Ø	Ø	Ø	Ø	Ø	Ø	Ø	Ø	Ø	Ø	Ø	Ø	a	839:6, 1568:0, 1997:0, 2570:0, 3265:0, 363:0, 3184:3	head / mouth / smoke (of fire) / to come / to spit / woman / year
57	V	7	Ø	Ø	a	a	Ø	Ø	Ø	Ø	Ø	aː	Ø	Ø	Ø	Ø	Ø	Ø	Ø	Ø	Ø	Ø	Ø	Ø	Ø	Ø	a	Ø	Ø	Ø	Ø	Ø	Ø	Ø	Ø	a	648:3, 1110:1, 2382:3, 2993:1, 3265:6, 1128:1, 2929:3	blood / liver / other / person / water / what? / year
22	V	6	Ø	Ø	Ø	Ø	ɨ	Ø	Ø	Ø	Ø	Ø	Ø	Ø	e	Ø	Ø	Ø	Ø	e	Ø	Ø	Ø	Ø	Ø	Ø	Ø	Ø	Ø	Ø	Ø	Ø	Ø	Ø	Ø	Ø	73:3, 218:1, 487:3, 1388:4, 1498:1, 3468:1	earth (soil) / five / grass / husband / see / sky
43	V	6	Ø	Ø	i	i	Ø	Ø	Ø	Ø	Ø	i	Ø	Ø	Ø	Ø	Ø	Ø	Ø	Ø	Ø	Ø	Ø	Ø	Ø	Ø	Ø	Ø	Ø	Ø	Ø	Ø	Ø	Ø	Ø	i	1269:3, 3012:3, 3265:4, 2834:3, 3184:5, 3517:3	eye / rope / tongue / when? / woman / year
48	V	6	Ø	Ø	i	i	Ø	Ø	Ø	Ø	Ø	iː	Ø	Ø	Ø	Ø	Ø	Ø	Ø	Ø	Ø	Ø	Ø	Ø	Ø	Ø	Ø	Ø	Ø	Ø	Ø	Ø	Ø	Ø	Ø	i	987:1, 1387:3, 1997:2, 2276:3, 2407:2, 1307:0	night / salt / see / to come / to hear / to live
112	V	5	Ø	Ø	Ø	Ø	a.a	Ø	Ø	Ø	Ø	Ø	Ø	Ø	a.a	Ø	Ø	Ø	o	a.a	Ø	Ø	Ø	Ø	Ø	Ø	Ø	Ø	Ø	Ø	Ø	Ø	a	a	Ø	Ø	569:1, 3115:1, 3613:1, 2327:1, 2918:1	father / leaf / to hunt (game) / two / wife
46	V	4	Ø	Ø	Ø	Ø	ɯ.ɯ	Ø	Ø	Ø	Ø	Ø	Ø	Ø	ɨ	Ø	Ø	Ø	Ø	ɨ	Ø	Ø	Ø	Ø	Ø	Ø	Ø	Ø	Ø	Ø	Ø	Ø	Ø	Ø	Ø	Ø	842:1, 2747:4, 2901:1, 3413:3	bone / dust / mouth / two
65	V	3	Ø	Ø	Ø	Ø	a	Ø	Ø	Ø	Ø	Ø	Ø	a.ʔ	a	Ø	Ø	Ø	Ø	a.i	Ø	Ø	Ø	Ø	Ø	Ø	Ø	Ø	Ø	Ø	Ø	Ø	Ø	Ø	Ø	Ø	530:1, 1388:0, 1247:1	in / root / see
67	V	3	Ø	Ø	Ø	Ø	Ø	Ø	Ø	Ø	Ø	Ø	Ø	Ø	Ø	Ø	a	Ø	Ø	Ø	Ø	Ø	Ø	Ø	Ø	Ø	Ø	Ø	Ø	a.ɯ	a.ɯ	a.ɯ	Ø	Ø	Ø	Ø	1316:3, 3122:0, 714:1	salt / we / wife
68	V	3	Ø	Ø	o	iu	Ø	Ø	Ø	Ø	Ø	i	Ø	Ø	Ø	Ø	Ø	Ø	Ø	Ø	Ø	Ø	Ø	Ø	Ø	Ø	Ø	Ø	Ø	Ø	Ø	Ø	Ø	Ø	Ø	u	1387:5, 2276:5, 3490:5	egg / see / to hear
77	V	3	Ø	Ø	a	a	Ø	Ø	Ø	Ø	Ø	-	Ø	Ø	Ø	Ø	Ø	Ø	Ø	Ø	Ø	Ø	Ø	Ø	-	Ø	Ø	Ø	Ø	Ø	Ø	Ø	Ø	Ø	Ø	a	77:3, 1093:7, 2859:4	I / one / tooth (front rather than molar)
105	V	3	Ø	Ø	o	o	Ø	Ø	Ø	Ø	Ø	iː	Ø	Ø	Ø	Ø	Ø	Ø	Ø	Ø	Ø	Ø	Ø	Ø	Ø	Ø	Ø	Ø	Ø	Ø	Ø	Ø	Ø	Ø	Ø	u	217:3, 2570:4, 1289:1	grass / rotten (especially log) / to spit
106	V	3	Ø	Ø	Ø	Ø	Ø	Ø	Ø	Ø	Ø	Ø	Ø	Ø	Ø	Ø	ɯ	Ø	Ø	Ø	Ø	Ø	Ø	Ø	Ø	Ø	Ø	Ø	Ø	a.i	a.i	a.i	Ø	Ø	Ø	Ø	1316:1, 3145:1, 1369:3	salt / sea (ocean) / wind
124	V	3	Ø	Ø	aː	Ø	Ø	Ø	Ø	Ø	Ø	iː	Ø	Ø	Ø	Ø	Ø	Ø	a	Ø	Ø	Ø	Ø	Ø	Ø	Ø	Ø	Ø	Ø	Ø	Ø	Ø	a	a	Ø	ɨ	2918:6, 3061:3, 567:1	leaf / two / white
126	V	3	Ø	Ø	Ø	Ø	Ø	Ø	Ø	Ø	a.e	Ø	Ø	a.i	Ø	Ø	aː	Ø	Ø	Ø	Ø	Ø	Ø	Ø	Ø	Ø	Ø	Ø	Ø	ai	ai	ai	Ø	Ø	Ø	Ø	561:3, 640:1, 672:0	lake / leg / long
55	V	2	Ø	Ø	Ø	Ø	Ø	Ø	Ø	Ø	o	Ø	Ø	u	Ø	Ø	o	Ø	Ø	Ø	Ø	Ø	Ø	Ø	Ø	Ø	Ø	Ø	Ø	u	u	u	Ø	Ø	Ø	Ø	796:1, 3081:1	I / who?
80	V	2	Ø	Ø	Ø	Ø	ɯ.ɯ	Ø	Ø	Ø	Ø	Ø	Ø	Ø	ɨ	Ø	Ø	Ø	Ø	ɨ.ɨ	Ø	Ø	Ø	Ø	Ø	Ø	Ø	Ø	Ø	Ø	Ø	Ø	Ø	Ø	Ø	Ø	350:1, 826:2	he / mountain
81	V	2	Ø	Ø	Ø	Ø	ɨ.ɨ	Ø	Ø	Ø	Ø	Ø	Ø	Ø	e	Ø	Ø	Ø	Ø	e	Ø	Ø	Ø	Ø	Ø	Ø	Ø	Ø	Ø	Ø	Ø	Ø	Ø	Ø	Ø	Ø	569:3, 3306:4	day (opposite of night rather than time measure) / leaf
86	V	2	Ø	Ø	Ø	Ø	o.o	Ø	Ø	Ø	Ø	Ø	Ø	Ø	u.u	Ø	Ø	Ø	Ø	u.u	Ø	Ø	Ø	Ø	Ø	Ø	Ø	Ø	Ø	Ø	Ø	Ø	Ø	Ø	Ø	Ø	1229:1, 1368:1	river / sea (ocean)
87	V	2	Ø	Ø	Ø	i	Ø	Ø	Ø	Ø	Ø	i	Ø	Ø	Ø	Ø	Ø	Ø	Ø	Ø	Ø	Ø	Ø	Ø	Ø	Ø	Ø	Ø	Ø	Ø	Ø	Ø	Ø	Ø	Ø	u	1387:1, 1932:3	see / to bite
89	V	2	Ø	Ø	Ø	i.u	Ø	Ø	Ø	Ø	Ø	i	Ø	Ø	Ø	Ø	Ø	Ø	Ø	Ø	Ø	Ø	Ø	Ø	Ø	Ø	Ø	Ø	Ø	Ø	Ø	Ø	Ø	Ø	Ø	u	1997:4, 2407:4	to come / to live
90	V	2	Ø	Ø	Ø	-	Ø	Ø	Ø	Ø	Ø	aː	Ø	Ø	Ø	Ø	Ø	Ø	Ø	Ø	Ø	Ø	Ø	Ø	Ø	Ø	Ø	Ø	Ø	Ø	Ø	Ø	Ø	Ø	Ø	a	2302:0, 2345:0	to hit / to kill
91	V	2	Ø	Ø	Ø	Ø	ɯ.ɯ	Ø	Ø	Ø	Ø	Ø	Ø	Ø	ɨ.ɨ	Ø	Ø	Ø	Ø	ɨ.ɨ	Ø	Ø	Ø	Ø	Ø	Ø	Ø	Ø	Ø	Ø	Ø	Ø	Ø	Ø	Ø	Ø	2955:1, 3242:2	we / ye
92	V	2	Ø	Ø	Ø	Ø	Ø	Ø	Ø	Ø	Ø	Ø	Ø	Ø	Ø	Ø	Ø	Ø	-	Ø	Ø	Ø	Ø	Ø	Ø	Ø	Ø	Ø	Ø	Ø	Ø	Ø	-	a	Ø	Ø	3061:7, 3360:2	dog / white
93	V	2	Ø	Ø	i	-	Ø	Ø	Ø	Ø	Ø	i	Ø	Ø	Ø	Ø	Ø	Ø	Ø	Ø	Ø	Ø	Ø	Ø	Ø	Ø	Ø	Ø	Ø	Ø	Ø	Ø	Ø	Ø	Ø	i	77:1, 2407:0	I / to live
98	V	2	Ø	Ø	Ø	Ø	Ø	Ø	Ø	Ø	Ø	Ø	Ø	Ø	Ø	Ø	oː	Ø	Ø	Ø	Ø	Ø	Ø	Ø	Ø	Ø	Ø	Ø	Ø	o	o	o	Ø	Ø	Ø	Ø	1673:1, 3312:1	day (opposite of night rather than time measure) / stick (of wood)
99	V	2	Ø	Ø	Ø	u	Ø	Ø	Ø	Ø	Ø	iː	Ø	a	Ø	Ø	Ø	Ø	Ø	Ø	Ø	Ø	Ø	Ø	Ø	Ø	Ø	Ø	Ø	Ø	Ø	Ø	Ø	Ø	Ø	u	2092:3, 2737:1	bone / to drink
100	V	2	Ø	Ø	Ø	Ø	Ø	Ø	Ø	Ø	Ø	Ø	Ø	Ø	Ø	Ø	o	Ø	Ø	Ø	Ø	Ø	Ø	Ø	Ø	Ø	Ø	Ø	Ø	u.i	u.i	u.i	Ø	Ø	Ø	Ø	2605:2, 3538:0	eye / to squeeze
110	V	2	Ø	Ø	i	-	Ø	Ø	Ø	Ø	Ø	iː	Ø	Ø	Ø	Ø	Ø	Ø	Ø	Ø	Ø	Ø	Ø	Ø	a	Ø	Ø	Ø	Ø	Ø	Ø	Ø	Ø	Ø	Ø	i	423:0, 2859:0	heavy / tooth (front rather than molar)
113	V	2	Ø	Ø	Ø	Ø	Ø	Ø	Ø	Ø	Ø	Ø	Ø	Ø	Ø	Ø	ɯɯ	Ø	Ø	Ø	Ø	Ø	Ø	Ø	Ø	Ø	Ø	Ø	Ø	e	e	u.e	Ø	Ø	Ø	Ø	119:3, 1685:2	ashes / stick (of wood)
116	V	2	Ø	Ø	o	iː	Ø	Ø	Ø	Ø	Ø	a	Ø	Ø	Ø	Ø	Ø	Ø	Ø	Ø	Ø	Ø	Ø	Ø	Ø	Ø	Ø	Ø	Ø	Ø	Ø	Ø	Ø	Ø	Ø	a	423:2, 1307:2	heavy / salt
117	V	2	Ø	Ø	ia	ia	Ø	Ø	Ø	Ø	Ø	a	Ø	Ø	Ø	Ø	Ø	Ø	Ø	Ø	Ø	Ø	Ø	Ø	Ø	Ø	Ø	Ø	Ø	Ø	Ø	Ø	Ø	Ø	Ø	a	423:4, 1689:5	heavy / stone
118	V	2	Ø	Ø	Ø	Ø	Ø	Ø	Ø	Ø	Ø	Ø	a	Ø	Ø	Ø	Ø	Ø	a	Ø	Ø	Ø	Ø	Ø	Ø	Ø	Ø	Ø	Ø	Ø	Ø	Ø	u	-	Ø	Ø	1248:1, 3061:1	root / white
119	V	2	Ø	Ø	o	o	Ø	Ø	Ø	Ø	Ø	-	Ø	Ø	Ø	Ø	Ø	Ø	Ø	Ø	Ø	Ø	Ø	Ø	Ø	Ø	Ø	Ø	Ø	Ø	Ø	Ø	Ø	Ø	Ø	-	1269:1, 2929:1	rope / water
122	V	2	Ø	Ø	a	aː	Ø	Ø	Ø	Ø	Ø	ɨː	Ø	Ø	Ø	Ø	Ø	Ø	Ø	Ø	Ø	Ø	Ø	Ø	Ø	Ø	Ø	Ø	Ø	Ø	Ø	Ø	Ø	Ø	Ø	ai	1932:1, 3184:1	to bite / woman
123	V	2	Ø	Ø	Ø	Ø	i	Ø	Ø	Ø	Ø	Ø	Ø	Ø	i.i	Ø	Ø	Ø	Ø	i	i.ʔ	Ø	Ø	Ø	Ø	Ø	Ø	Ø	Ø	Ø	Ø	Ø	Ø	Ø	Ø	Ø	2720:1, 3282:1	to throw / yellow
131	V	2	Ø	Ø	Ø	Ø	ɛ.ɛ	Ø	Ø	Ø	e.i	Ø	Ø	i	o	Ø	i	Ø	Ø	o	Ø	Ø	Ø	Ø	Ø	Ø	Ø	Ø	Ø	Ø	Ø	Ø	Ø	Ø	Ø	Ø	672:2, 1247:3	long / root
138	V	1	Ø	Ø	Ø	Ø	i.i	Ø	Ø	Ø	Ø	Ø	Ø	Ø	i.i	Ø	Ø	Ø	Ø	i.i	Ø	Ø	Ø	Ø	Ø	Ø	Ø	Ø	Ø	Ø	Ø	Ø	Ø	Ø	Ø	Ø	12:1	ashes
143	V	1	Ø	Ø	Ø	Ø	Ø	Ø	Ø	Ø	Ø	Ø	Ø	Ø	Ø	Ø	Ø	Ø	Ø	Ø	Ø	Ø	Ø	Ø	Ø	Ø	Ø	Ø	Ø	i	u	i	Ø	Ø	Ø	Ø	119:1	ashes
145	V	1	Ø	Ø	Ø	Ø	Ø	Ø	Ø	Ø	Ø	Ø	Ø	Ø	Ø	Ø	Ø	Ø	Ø	Ø	Ø	Ø	Ø	Ø	Ø	Ø	Ø	Ø	Ø	o	o	ɯ	Ø	Ø	Ø	Ø	119:5	ashes
146	V	1	Ø	Ø	Ø	Ø	Ø	Ø	Ø	Ø	Ø	Ø	Ø	Ø	Ø	Ø	Ø	Ø	Ø	Ø	Ø	Ø	Ø	Ø	Ø	Ø	Ø	Ø	Ø	ui	ui	uɯ	Ø	Ø	Ø	Ø	126:0	fog
147	V	1	Ø	Ø	Ø	Ø	aː	Ø	Ø	Ø	Ø	Ø	Ø	Ø	a.i	Ø	Ø	Ø	Ø	aː.i	Ø	Ø	Ø	Ø	Ø	Ø	Ø	Ø	Ø	Ø	Ø	Ø	Ø	Ø	Ø	Ø	133:1	foot
148	V	1	Ø	Ø	Ø	Ø	Ø	Ø	Ø	Ø	Ø	-	Ø	Ø	Ø	Ø	Ø	Ø	Ø	Ø	Ø	Ø	Ø	Ø	Ø	Ø	-	Ø	o	Ø	Ø	Ø	Ø	Ø	Ø	Ø	141:0	foot
149	V	1	Ø	Ø	Ø	Ø	Ø	Ø	Ø	Ø	Ø	ia	Ø	Ø	Ø	Ø	Ø	Ø	Ø	Ø	Ø	Ø	Ø	Ø	Ø	Ø	ia	Ø	a	Ø	Ø	Ø	Ø	Ø	Ø	Ø	141:4	foot
150	V	1	Ø	Ø	u	a	Ø	Ø	Ø	Ø	Ø	i	Ø	Ø	Ø	Ø	Ø	Ø	Ø	Ø	Ø	Ø	Ø	Ø	Ø	Ø	Ø	Ø	Ø	Ø	Ø	Ø	Ø	Ø	Ø	u	155:3	nose
151	V	1	Ø	Ø	Ø	a	Ø	Ø	Ø	Ø	Ø	a	Ø	Ø	Ø	Ø	Ø	Ø	Ø	Ø	Ø	Ø	Ø	Ø	Ø	Ø	Ø	Ø	Ø	Ø	Ø	Ø	Ø	Ø	Ø	au	217:1	grass
154	V	1	Ø	Ø	Ø	Ø	ɨː	Ø	Ø	Ø	Ø	Ø	Ø	Ø	e	Ø	Ø	Ø	Ø	e	Ø	Ø	Ø	Ø	Ø	Ø	Ø	Ø	Ø	Ø	Ø	Ø	Ø	Ø	Ø	Ø	302:3	hand
166	V	1	Ø	Ø	Ø	Ø	ɯ.ʔ	Ø	Ø	Ø	Ø	Ø	Ø	Ø	ɨ	Ø	Ø	Ø	Ø	ɨ.ʔ	Ø	Ø	Ø	Ø	Ø	Ø	Ø	Ø	Ø	Ø	Ø	Ø	Ø	Ø	Ø	Ø	464:1	how
168	V	1	Ø	Ø	Ø	Ø	Ø	Ø	Ø	Ø	Ø	Ø	Ø	Ø	Ø	Ø	oː	Ø	Ø	Ø	Ø	Ø	Ø	Ø	Ø	Ø	Ø	Ø	Ø	ɯ.i	ɯ	ɯ.i	Ø	Ø	Ø	Ø	493:0	husband
171	V	1	Ø	Ø	Ø	Ø	i.i	Ø	Ø	Ø	Ø	Ø	Ø	Ø	i	Ø	Ø	Ø	Ø	i.i	Ø	Ø	Ø	Ø	Ø	Ø	Ø	Ø	Ø	Ø	Ø	Ø	Ø	Ø	Ø	Ø	515:4	if
175	V	1	Ø	Ø	Ø	o	Ø	Ø	Ø	Ø	Ø	u	Ø	Ø	Ø	Ø	Ø	Ø	Ø	Ø	Ø	Ø	Ø	Ø	Ø	Ø	Ø	Ø	Ø	Ø	Ø	Ø	Ø	Ø	Ø	a	648:1	liver
177	V	1	Ø	Ø	Ø	Ø	i.ʔ	Ø	Ø	Ø	Ø	Ø	Ø	Ø	i	Ø	Ø	Ø	Ø	i.ʔ	Ø	Ø	Ø	Ø	Ø	Ø	Ø	Ø	Ø	Ø	Ø	Ø	Ø	Ø	Ø	Ø	649:0	liver
178	V	1	Ø	Ø	Ø	Ø	ɛ.ɛ	Ø	Ø	Ø	Ø	Ø	Ø	Ø	o	Ø	Ø	Ø	Ø	o.o	Ø	Ø	Ø	Ø	Ø	Ø	Ø	Ø	Ø	Ø	Ø	Ø	Ø	Ø	Ø	Ø	649:4	liver
186	V	1	Ø	Ø	Ø	Ø	Ø	Ø	Ø	Ø	a.e	Ø	Ø	i	Ø	Ø	-	Ø	Ø	Ø	Ø	Ø	Ø	Ø	Ø	Ø	Ø	Ø	Ø	e	e	e	Ø	Ø	Ø	Ø	796:2	I
188	V	1	Ø	Ø	Ø	Ø	ɨ.ɨ	Ø	Ø	Ø	Ø	Ø	Ø	Ø	e.e	Ø	Ø	Ø	Ø	e.e	Ø	Ø	Ø	Ø	Ø	Ø	Ø	Ø	Ø	Ø	Ø	Ø	Ø	Ø	Ø	Ø	797:1	mother
189	V	1	Ø	Ø	Ø	Ø	Ø	Ø	Ø	Ø	Ø	Ø	Ø	Ø	Ø	Ø	Ø	Ø	Ø	Ø	Ø	Ø	Ø	Ø	Ø	Ø	Ø	Ø	Ø	o.ɯ	o.ɯ	a.ɯ	Ø	Ø	Ø	Ø	807:2	ye
190	V	1	Ø	Ø	Ø	Ø	ɯ	Ø	Ø	Ø	Ø	Ø	Ø	Ø	ɨ	Ø	Ø	Ø	Ø	ɨ.ɨ	Ø	Ø	Ø	Ø	Ø	Ø	Ø	Ø	Ø	Ø	Ø	Ø	Ø	Ø	Ø	Ø	811:3	mountain
191	V	1	Ø	Ø	Ø	Ø	a	Ø	Ø	Ø	Ø	Ø	Ø	Ø	a.a	Ø	Ø	Ø	Ø	a.a	Ø	Ø	Ø	Ø	Ø	Ø	Ø	Ø	Ø	Ø	Ø	Ø	Ø	Ø	Ø	Ø	826:1	mountain
192	V	1	Ø	ʊ	Ø	Ø	Ø	Ø	Ø	Ø	Ø	Ø	Ø	Ø	Ø	Ø	Ø	Ø	Ø	Ø	Ø	Ø	ɨ	Ø	Ø	Ø	Ø	a	Ø	Ø	Ø	Ø	Ø	Ø	Ø	Ø	834:3	mouth
193	V	1	Ø	Ø	Ø	-	Ø	Ø	Ø	Ø	Ø	i	Ø	Ø	Ø	Ø	Ø	Ø	Ø	Ø	Ø	Ø	Ø	Ø	Ø	Ø	Ø	Ø	Ø	Ø	Ø	Ø	Ø	Ø	Ø	a	839:0	mouth
196	V	1	Ø	Ø	Ø	aː	Ø	Ø	Ø	Ø	Ø	u	Ø	Ø	Ø	Ø	Ø	Ø	Ø	Ø	Ø	Ø	Ø	Ø	Ø	Ø	Ø	Ø	Ø	Ø	Ø	Ø	Ø	Ø	Ø	a	839:4	mouth
198	V	1	Ø	Ø	Ø	Ø	Ø	Ø	Ø	Ø	Ø	Ø	Ø	Ø	Ø	Ø	oː	Ø	Ø	Ø	Ø	Ø	Ø	Ø	Ø	Ø	Ø	Ø	Ø	u	u	u	Ø	Ø	Ø	Ø	844:1	mouth
199	V	1	Ø	Ø	Ø	aː	Ø	Ø	Ø	Ø	Ø	aː	Ø	Ø	Ø	Ø	Ø	Ø	Ø	Ø	Ø	Ø	Ø	Ø	Ø	Ø	ɨː	Ø	Ø	Ø	Ø	Ø	Ø	Ø	Ø	a	851:1	tree
201	V	1	Ø	Ø	Ø	-	Ø	Ø	Ø	Ø	Ø	-	Ø	Ø	Ø	Ø	Ø	Ø	Ø	Ø	Ø	Ø	Ø	Ø	Ø	Ø	-	Ø	Ø	Ø	Ø	Ø	Ø	Ø	Ø	u	851:3	tree
206	V	1	Ø	Ø	Ø	u	Ø	Ø	Ø	Ø	Ø	a	Ø	Ø	Ø	Ø	Ø	Ø	Ø	Ø	Ø	Ø	Ø	Ø	Ø	Ø	Ø	Ø	Ø	Ø	Ø	Ø	Ø	Ø	Ø	a	987:3	night
208	V	1	Ø	Ø	Ø	a	Ø	Ø	Ø	Ø	Ø	i	Ø	Ø	Ø	Ø	Ø	Ø	Ø	Ø	Ø	Ø	Ø	Ø	Ø	Ø	Ø	Ø	Ø	Ø	Ø	Ø	Ø	Ø	Ø	-	987:5	night
209	V	1	Ø	Ø	Ø	Ø	ɛ	Ø	Ø	Ø	Ø	Ø	Ø	Ø	u	Ø	Ø	Ø	Ø	o	Ø	Ø	Ø	Ø	Ø	Ø	Ø	Ø	Ø	Ø	Ø	Ø	Ø	Ø	Ø	Ø	988:1	night
211	V	1	Ø	Ø	Ø	Ø	Ø	Ø	Ø	Ø	-	Ø	Ø	Ø	Ø	Ø	ɯː	Ø	Ø	Ø	Ø	Ø	Ø	Ø	Ø	Ø	Ø	Ø	Ø	ɯː	ɯ	ɯː	Ø	Ø	Ø	Ø	992:3	night
212	V	1	Ø	Ø	Ø	Ø	Ø	Ø	Ø	Ø	Ø	Ø	Ø	Ø	Ø	Ø	Ø	Ø	i	Ø	Ø	Ø	Ø	Ø	Ø	Ø	Ø	Ø	Ø	Ø	Ø	Ø	-	i	Ø	Ø	1022:0	nose
213	V	1	Ø	Ø	Ø	Ø	Ø	Ø	Ø	Ø	Ø	Ø	Ø	Ø	Ø	Ø	Ø	Ø	e	Ø	Ø	Ø	Ø	Ø	Ø	Ø	Ø	Ø	Ø	Ø	Ø	Ø	u	i	Ø	Ø	1022:2	nose
215	V	1	Ø	Ø	Ø	Ø	Ø	Ø	Ø	Ø	Ø	Ø	Ø	Ø	Ø	Ø	Ø	Ø	o	Ø	Ø	Ø	Ø	Ø	Ø	Ø	Ø	Ø	Ø	Ø	Ø	Ø	u.u	-	Ø	Ø	1022:4	nose
219	V	1	Ø	Ø	Ø	Ø	a.a	Ø	Ø	Ø	Ø	Ø	Ø	Ø	a	Ø	Ø	Ø	Ø	a	Ø	Ø	Ø	Ø	Ø	Ø	Ø	Ø	Ø	Ø	Ø	Ø	Ø	Ø	Ø	Ø	1040:3	not
222	V	1	Ø	Ø	Ø	Ø	ɛ.ɛ	Ø	Ø	Ø	Ø	Ø	Ø	Ø	o.o	Ø	Ø	Ø	Ø	o.o	Ø	Ø	Ø	Ø	Ø	Ø	Ø	Ø	Ø	Ø	Ø	Ø	Ø	Ø	Ø	Ø	1082:1	old
225	V	1	Ø	Ø	Ø	i	Ø	Ø	Ø	Ø	Ø	uː	Ø	Ø	Ø	Ø	Ø	Ø	Ø	Ø	Ø	Ø	Ø	Ø	Ø	Ø	Ø	Ø	Ø	Ø	Ø	Ø	Ø	Ø	Ø	u	1093:1	one
226	V	1	Ø	Ø	Ø	iː	Ø	Ø	Ø	Ø	Ø	iː	Ø	Ø	Ø	Ø	Ø	Ø	Ø	Ø	Ø	Ø	Ø	Ø	Ø	Ø	Ø	Ø	Ø	Ø	Ø	Ø	Ø	Ø	Ø	a	1093:3	one
228	V	1	Ø	Ø	Ø	i	Ø	Ø	Ø	Ø	Ø	a	Ø	Ø	Ø	Ø	Ø	Ø	Ø	Ø	Ø	Ø	Ø	Ø	Ø	Ø	Ø	Ø	Ø	Ø	Ø	Ø	Ø	Ø	Ø	ɨ	1093:5	one
242	V	1	Ø	Ø	Ø	o	Ø	Ø	Ø	Ø	Ø	au	Ø	Ø	Ø	Ø	Ø	Ø	Ø	Ø	Ø	Ø	Ø	Ø	Ø	Ø	Ø	Ø	Ø	Ø	Ø	Ø	Ø	Ø	Ø	au	1269:5	rope
243	V	1	Ø	Ø	a	ɨː	Ø	Ø	Ø	Ø	Ø	Ø	Ø	Ø	Ø	Ø	Ø	Ø	Ø	Ø	Ø	Ø	Ø	Ø	Ø	Ø	Ø	Ø	Ø	Ø	Ø	Ø	Ø	Ø	Ø	a	1289:3	rotten (especially log)
247	V	1	Ø	Ø	Ø	Ø	ɯː	Ø	Ø	Ø	Ø	Ø	Ø	Ø	ɨ	Ø	Ø	Ø	Ø	ɨ	Ø	Ø	Ø	Ø	Ø	Ø	Ø	Ø	Ø	Ø	Ø	Ø	Ø	Ø	Ø	Ø	1325:1	sand
248	V	1	Ø	Ø	Ø	Ø	-	Ø	Ø	Ø	Ø	Ø	Ø	Ø	i	Ø	Ø	Ø	Ø	i	Ø	Ø	Ø	Ø	Ø	Ø	Ø	Ø	Ø	Ø	Ø	Ø	Ø	Ø	Ø	Ø	1325:4	sand
250	V	1	Ø	Ø	Ø	Ø	Ø	Ø	Ø	Ø	Ø	Ø	Ø	Ø	Ø	Ø	-	Ø	Ø	Ø	Ø	Ø	Ø	Ø	Ø	Ø	Ø	Ø	Ø	Ø	a.i	a.i	Ø	Ø	Ø	Ø	1369:5	sea (ocean)
255	V	1	Ø	Ø	Ø	uɨ	Ø	Ø	Ø	Ø	Ø	ɨː	Ø	Ø	Ø	Ø	Ø	Ø	Ø	Ø	Ø	Ø	Ø	Ø	Ø	Ø	Ø	Ø	Ø	Ø	Ø	Ø	Ø	Ø	Ø	ɨ	1523:3	sleep
259	V	1	Ø	Ø	Ø	Ø	Ø	Ø	Ø	Ø	Ø	Ø	Ø	Ø	Ø	Ø	o	Ø	Ø	Ø	Ø	Ø	Ø	Ø	Ø	Ø	Ø	Ø	Ø	u	u	o	Ø	Ø	Ø	Ø	1653:1	star
260	V	1	Ø	Ø	Ø	Ø	ɛ.i	Ø	Ø	Ø	Ø	Ø	Ø	Ø	i	Ø	Ø	Ø	Ø	i	Ø	Ø	Ø	Ø	Ø	Ø	Ø	Ø	Ø	Ø	Ø	Ø	Ø	Ø	Ø	Ø	1669:1	stick (of wood)
261	V	1	Ø	Ø	Ø	Ø	Ø	Ø	Ø	Ø	Ø	Ø	Ø	Ø	Ø	Ø	o	Ø	Ø	Ø	Ø	Ø	Ø	Ø	Ø	Ø	Ø	Ø	Ø	i	i	i	Ø	Ø	Ø	Ø	1673:3	stick (of wood)
263	V	1	Ø	Ø	a	-	Ø	Ø	Ø	Ø	Ø	-	Ø	Ø	Ø	Ø	Ø	Ø	Ø	Ø	Ø	Ø	Ø	Ø	Ø	Ø	Ø	Ø	Ø	Ø	Ø	Ø	Ø	Ø	Ø	Ø	1689:1	stone
264	V	1	Ø	Ø	ai	aː	Ø	Ø	Ø	Ø	Ø	a.w.i	Ø	Ø	Ø	Ø	Ø	Ø	Ø	Ø	Ø	Ø	Ø	Ø	Ø	Ø	Ø	Ø	Ø	Ø	Ø	Ø	Ø	Ø	Ø	Ø	1689:3	stone
275	V	1	Ø	Ø	Ø	a	Ø	Ø	Ø	Ø	Ø	aː	Ø	Ø	Ø	Ø	Ø	Ø	Ø	Ø	Ø	Ø	Ø	Ø	Ø	Ø	Ø	Ø	Ø	Ø	Ø	Ø	Ø	Ø	Ø	a.h.a	1886:1	thou
277	V	1	Ø	Ø	Ø	u	Ø	Ø	Ø	Ø	Ø	-	Ø	Ø	Ø	Ø	Ø	Ø	Ø	Ø	Ø	Ø	Ø	Ø	Ø	Ø	Ø	Ø	Ø	Ø	Ø	Ø	Ø	Ø	Ø	-	1932:4	to bite
278	V	1	Ø	Ø	Ø	Ø	ɨ.ʔ	Ø	Ø	Ø	Ø	Ø	Ø	Ø	e.e	Ø	Ø	Ø	Ø	e.e.ʔ	Ø	Ø	Ø	Ø	Ø	Ø	Ø	Ø	Ø	Ø	Ø	Ø	Ø	Ø	Ø	Ø	1933:0	to bite
279	V	1	Ø	ɨ.a	Ø	Ø	Ø	Ø	Ø	Ø	Ø	Ø	Ø	Ø	Ø	Ø	Ø	Ø	Ø	Ø	Ø	Ø	a	Ø	Ø	Ø	Ø	a	Ø	Ø	Ø	Ø	Ø	Ø	Ø	Ø	2070:5	black
283	V	1	Ø	Ø	Ø	Ø	o.o	Ø	Ø	Ø	Ø	Ø	Ø	Ø	u	Ø	Ø	Ø	Ø	u	Ø	Ø	Ø	Ø	Ø	Ø	Ø	Ø	Ø	Ø	Ø	Ø	Ø	Ø	Ø	Ø	2119:3	to eat
284	V	1	Ø	Ø	Ø	o	Ø	Ø	Ø	Ø	Ø	uː	Ø	Ø	Ø	Ø	Ø	Ø	Ø	Ø	Ø	Ø	Ø	Ø	Ø	Ø	Ø	Ø	Ø	Ø	Ø	Ø	Ø	Ø	Ø	a	2276:1	to hear
285	V	1	Ø	Ø	Ø	Ø	ɛ.ɛ	Ø	Ø	Ø	Ø	Ø	Ø	Ø	u.u	Ø	Ø	Ø	Ø	o.o	Ø	Ø	Ø	Ø	Ø	Ø	Ø	Ø	Ø	Ø	Ø	Ø	Ø	Ø	Ø	Ø	2277:1	to hear
286	V	1	Ø	Ø	Ø	Ø	Ø	Ø	i	Ø	Ø	Ø	Ø	Ø	Ø	Ø	Ø	Ø	Ø	Ø	Ø	Ø	-	-	Ø	Ø	Ø	Ø	Ø	Ø	Ø	Ø	Ø	Ø	Ø	Ø	2295:4	to hit
288	V	1	Ø	Ø	Ø	i	Ø	Ø	Ø	Ø	Ø	uː	Ø	Ø	Ø	Ø	Ø	Ø	Ø	Ø	Ø	Ø	Ø	Ø	Ø	Ø	Ø	Ø	Ø	Ø	Ø	Ø	Ø	Ø	Ø	i	2302:2	to hit
289	V	1	Ø	Ø	Ø	-	Ø	Ø	Ø	Ø	Ø	i	Ø	Ø	Ø	Ø	Ø	Ø	Ø	Ø	Ø	Ø	Ø	Ø	Ø	Ø	Ø	Ø	Ø	Ø	Ø	Ø	Ø	Ø	Ø	u	2302:4	to hit
290	V	1	Ø	Ø	Ø	o	Ø	Ø	Ø	Ø	Ø	uː	Ø	Ø	Ø	Ø	Ø	Ø	Ø	Ø	Ø	Ø	Ø	Ø	Ø	Ø	Ø	Ø	Ø	Ø	Ø	Ø	Ø	Ø	Ø	u	2345:2	to kill
294	V	1	Ø	Ø	Ø	io	Ø	Ø	Ø	Ø	Ø	uː	Ø	Ø	Ø	Ø	Ø	Ø	Ø	Ø	Ø	Ø	Ø	Ø	Ø	Ø	Ø	Ø	Ø	Ø	Ø	Ø	Ø	Ø	Ø	u	2570:2	to spit
295	V	1	Ø	Ø	Ø	u	Ø	Ø	Ø	Ø	Ø	i	Ø	Ø	Ø	Ø	Ø	Ø	Ø	Ø	Ø	Ø	Ø	Ø	Ø	Ø	Ø	Ø	Ø	Ø	Ø	Ø	Ø	Ø	Ø	o	2570:6	to spit
299	V	1	Ø	Ø	i	i	Ø	Ø	Ø	Ø	Ø	ɨː	Ø	Ø	Ø	Ø	Ø	Ø	Ø	Ø	Ø	Ø	Ø	Ø	Ø	Ø	Ø	Ø	Ø	Ø	Ø	Ø	Ø	Ø	Ø	Ø	2834:1	tongue
301	V	1	Ø	Ø	Ø	Ø	i.ʔ	Ø	Ø	Ø	Ø	Ø	Ø	Ø	iː	Ø	Ø	Ø	Ø	i.ʔ	Ø	Ø	Ø	Ø	Ø	Ø	Ø	Ø	Ø	Ø	Ø	Ø	Ø	Ø	Ø	Ø	2860:0	tooth (front rather than molar)
303	V	1	Ø	Ø	Ø	Ø	ɨː	Ø	Ø	Ø	Ø	Ø	Ø	Ø	i	Ø	Ø	Ø	Ø	i	Ø	Ø	Ø	Ø	Ø	Ø	Ø	Ø	Ø	Ø	Ø	Ø	Ø	Ø	Ø	Ø	2860:4	tooth (front rather than molar)
307	V	1	Ø	Ø	Ø	Ø	Ø	Ø	Ø	Ø	Ø	Ø	Ø	Ø	Ø	Ø	Ø	Ø	o	Ø	Ø	Ø	Ø	Ø	Ø	Ø	Ø	Ø	Ø	Ø	Ø	Ø	-	-	Ø	Ø	2918:3	two
308	V	1	Ø	Ø	Ø	Ø	Ø	Ø	Ø	Ø	Ø	Ø	Ø	Ø	Ø	Ø	Ø	Ø	i	Ø	Ø	Ø	Ø	Ø	Ø	Ø	Ø	Ø	Ø	Ø	Ø	Ø	-	-	Ø	Ø	2918:4	two
314	V	1	Ø	Ø	Ø	Ø	Ø	Ø	Ø	Ø	Ø	Ø	Ø	Ø	Ø	Ø	Ø	Ø	Ø	Ø	Ø	Ø	Ø	Ø	Ø	Ø	Ø	Ø	Ø	a.ɯ	ɯ	a.ɯ	Ø	Ø	Ø	Ø	2947:1	water
315	V	1	Ø	Ø	Ø	Ø	Ø	Ø	Ø	Ø	Ø	Ø	Ø	Ø	Ø	Ø	Ø	Ø	Ø	Ø	Ø	Ø	Ø	Ø	Ø	Ø	Ø	Ø	Ø	o.i	u.i	o.i	Ø	Ø	Ø	Ø	2947:3	water
317	V	1	Ø	Ø	Ø	aː	Ø	Ø	Ø	Ø	Ø	aː	Ø	Ø	Ø	Ø	Ø	Ø	Ø	Ø	Ø	Ø	Ø	Ø	Ø	Ø	Ø	Ø	Ø	Ø	Ø	Ø	Ø	Ø	Ø	a.k.a	2993:3	what?
324	V	1	Ø	Ø	Ø	Ø	Ø	Ø	Ø	Ø	Ø	Ø	Ø	Ø	Ø	Ø	Ø	Ø	e	Ø	Ø	Ø	Ø	Ø	Ø	Ø	Ø	Ø	Ø	Ø	Ø	Ø	i	e	Ø	Ø	3061:5	white
327	V	1	Ø	Ø	Ø	a	Ø	Ø	Ø	Ø	Ø	a	Ø	Ø	Ø	Ø	Ø	Ø	Ø	Ø	-	Ø	Ø	Ø	Ø	Ø	Ø	Ø	Ø	Ø	Ø	Ø	Ø	Ø	Ø	a	3073:5	who?
329	V	1	Ø	Ø	Ø	-	Ø	Ø	Ø	Ø	Ø	-	Ø	Ø	Ø	Ø	Ø	Ø	Ø	Ø	-	Ø	Ø	Ø	Ø	Ø	Ø	Ø	Ø	Ø	Ø	Ø	Ø	Ø	Ø	ɨ	3073:7	who?
331	V	1	Ø	-	Ø	Ø	Ø	Ø	Ø	Ø	Ø	Ø	Ø	Ø	Ø	Ø	Ø	a	Ø	Ø	Ø	Ø	-	Ø	Ø	Ø	Ø	-	Ø	Ø	Ø	Ø	Ø	Ø	Ø	Ø	3113:5	wife
332	V	1	Ø	Ø	Ø	Ø	Ø	Ø	Ø	Ø	Ø	Ø	Ø	Ø	Ø	Ø	Ø	Ø	Ø	Ø	Ø	Ø	Ø	Ø	Ø	Ø	Ø	Ø	Ø	o	o	o.ɯ	Ø	Ø	Ø	Ø	3145:5	wind
339	V	1	Ø	Ø	Ø	Ø	ɯ	Ø	Ø	Ø	Ø	Ø	Ø	Ø	ɨ	Ø	Ø	Ø	Ø	-	Ø	Ø	Ø	Ø	Ø	Ø	Ø	Ø	Ø	Ø	Ø	Ø	Ø	Ø	Ø	Ø	3229:3	worm
341	V	1	Ø	Ø	Ø	Ø	Ø	Ø	Ø	Ø	Ø	Ø	Ø	Ø	Ø	Ø	Ø	Ø	Ø	Ø	Ø	Ø	Ø	Ø	Ø	Ø	Ø	Ø	Ø	ɯ	ɯ	aɯ	Ø	Ø	Ø	Ø	3258:2	ye
345	V	1	Ø	Ø	Ø	Ø	Ø	Ø	Ø	Ø	Ø	Ø	Ø	Ø	Ø	Ø	o.ʔ	Ø	Ø	Ø	Ø	Ø	Ø	Ø	Ø	Ø	Ø	Ø	Ø	ɯ	ɯ	ɯ	Ø	Ø	Ø	Ø	3357:1	dog
348	V	1	Ø	Ø	Ø	Ø	Ø	Ø	-	Ø	Ø	Ø	Ø	Ø	Ø	Ø	Ø	Ø	Ø	Ø	Ø	-	Ø	Ø	Ø	Ø	ɨ	Ø	Ø	Ø	Ø	Ø	Ø	Ø	Ø	Ø	3372:3	I
349	V	1	Ø	Ø	Ø	Ø	i	Ø	Ø	Ø	Ø	Ø	Ø	Ø	i	Ø	Ø	Ø	Ø	i.i	Ø	Ø	Ø	Ø	Ø	Ø	Ø	Ø	Ø	Ø	Ø	Ø	Ø	Ø	Ø	Ø	3413:1	dust
350	V	1	Ø	Ø	Ø	Ø	Ø	Ø	Ø	Ø	Ø	Ø	Ø	Ø	Ø	Ø	Ø	Ø	Ø	Ø	Ø	Ø	Ø	Ø	Ø	Ø	Ø	Ø	Ø	aɯ	aɯ	aɯ	Ø	Ø	Ø	Ø	3463:3	bark
352	V	1	Ø	Ø	o	iu	Ø	Ø	Ø	Ø	Ø	-	Ø	Ø	Ø	Ø	Ø	Ø	Ø	Ø	Ø	Ø	Ø	Ø	Ø	Ø	Ø	Ø	Ø	Ø	Ø	Ø	Ø	Ø	Ø	-	3490:1	egg
354	V	1	Ø	Ø	i	iu	Ø	Ø	Ø	Ø	Ø	aː	Ø	Ø	Ø	Ø	Ø	Ø	Ø	Ø	Ø	Ø	Ø	Ø	Ø	Ø	Ø	Ø	Ø	Ø	Ø	Ø	Ø	Ø	Ø	i	3490:3	egg
359	V	1	Ø	Ø	Ø	Ø	Ø	Ø	Ø	Ø	Ø	Ø	Ø	Ø	Ø	Ø	ɯː	Ø	Ø	Ø	Ø	Ø	Ø	Ø	Ø	Ø	Ø	Ø	Ø	ɯ	ɯ	ɯ	Ø	Ø	Ø	Ø	3538:2	eye
361	V	1	Ø	-	Ø	Ø	Ø	Ø	Ø	Ø	Ø	Ø	Ø	Ø	Ø	Ø	Ø	Ø	Ø	Ø	Ø	Ø	-	Ø	Ø	Ø	Ø	a	Ø	Ø	Ø	Ø	Ø	Ø	Ø	Ø	3576:2	sea (ocean)
362	V	1	Ø	Ø	Ø	Ø	Ø	Ø	Ø	Ø	Ø	Ø	Ø	Ø	Ø	Ø	oː	Ø	Ø	Ø	Ø	Ø	Ø	Ø	Ø	Ø	Ø	Ø	Ø	oː	oː	oː	Ø	Ø	Ø	Ø	3601:1	father
365	V	1	Ø	Ø	Ø	Ø	ɛ	Ø	Ø	Ø	Ø	Ø	Ø	Ø	e	Ø	Ø	Ø	Ø	o	Ø	Ø	Ø	Ø	Ø	Ø	Ø	Ø	Ø	Ø	Ø	Ø	Ø	Ø	Ø	Ø	3636:1	feather (larger feathers rather than down)
60	V	2	uː	ʊː	Ø	Ø	Ø	Ø	Ø	Ø	Ø	Ø	Ø	Ø	Ø	Ø	Ø	Ø	Ø	Ø	Ø	Ø	uː	Ø	Ø	Ø	Ø	uː	Ø	Ø	Ø	Ø	Ø	Ø	Ø	Ø	362:1, 1560:1	big / head
366	V	1	uː	ʊ	Ø	Ø	Ø	Ø	Ø	Ø	Ø	Ø	Ø	Ø	Ø	Ø	Ø	Ø	Ø	Ø	Ø	Ø	Ø	Ø	Ø	Ø	Ø	u	Ø	Ø	Ø	Ø	Ø	Ø	Ø	Ø	3649:3	ashes
14	V	43	u	ʊ	Ø	Ø	Ø	oː	o	Ø	Ø	Ø	Ø	i	Ø	Ø	e	Ø	-	Ø	iː	u	u	Ø	Ø	u	Ø	u	Ø	e	e	e	e	e	Ø	Ø	385:1, 385:4, 438:1, 566:1, 1010:1, 1447:1, 1709:3, 1759:0, 1759:2, 2374:1, 2735:0, 2735:2, 2880:1, 2928:1, 3011:3, 3183:1, 3240:2, 3294:4, 3431:1, 3466:1, 3489:1, 3505:1, 3550:1, 1183:0, 1183:3, 2070:1, 2070:3, 3092:1, 120:1, 1487:1, 1566:1, 2924:1, 216:1, 732:1, 1286:0, 3649:1, 3044:1, 3044:3, 97:4, 365:1, 3028:1, 1046:1, 2918:9	animal / ashes / back (person's) / black / blood / bone / cloud / ear / earth (soil) / egg / flower / fog / grass / head / here / leaf / many / nose / not / right (hand) / rotten (especially log) / short / skin (person's) / smoke (of fire) / straight / tail / tree / two / warm (of weather) / water / when? / where? / white / woman / ye / yellow
41	V	11	u	u	Ø	Ø	Ø	Ø	Ø	Ø	o	Ø	Ø	e	Ø	Ø	-	i	Ø	Ø	Ø	Ø	u	Ø	Ø	Ø	Ø	u	Ø	Ø	Ø	Ø	Ø	Ø	Ø	Ø	264:3, 461:2, 625:3, 820:1, 934:1, 1668:1, 2959:0, 1842:5, 3113:1, 3546:4, 672:4	animal / child (young person rather than as relationship term) / guts / how / leg / long / mountain / neck / stick (of wood) / thin / wife
109	V	9	u	ʊː	Ø	-	i	Ø	Ø	Ø	Ø	ɨː	Ø	Ø	i	Ø	Ø	Ø	Ø	i	i	Ø	u	Ø	Ø	Ø	Ø	u	Ø	Ø	Ø	Ø	Ø	Ø	Ø	-	1107:1, 1111:1, 1211:1, 2678:0, 2678:2, 3266:1, 3613:3, 1866:1, 3073:3	father / here / other / river / this / to swim / who? / year
95	V	2	u	u	Ø	Ø	Ø	Ø	Ø	Ø	Ø	Ø	Ø	Ø	Ø	Ø	Ø	Ø	Ø	Ø	Ø	Ø	a	Ø	Ø	Ø	Ø	u	Ø	Ø	Ø	Ø	Ø	Ø	Ø	Ø	235:1, 528:1	at / in
129	V	2	u	ʊ	Ø	Ø	Ø	o	o	Ø	Ø	Ø	Ø	Ø	Ø	Ø	Ø	Ø	Ø	Ø	Ø	u	Ø	Ø	Ø	Ø	Ø	u	Ø	Ø	Ø	Ø	Ø	Ø	Ø	Ø	365:3, 3625:1	feather (larger feathers rather than down) / head
153	V	1	u	ʊ	Ø	Ø	Ø	Ø	Ø	Ø	Ø	Ø	Ø	Ø	Ø	Ø	Ø	Ø	Ø	Ø	Ø	Ø	ɨ	Ø	Ø	Ø	Ø	ɨ	Ø	Ø	Ø	Ø	Ø	Ø	Ø	Ø	300:0	hand
203	V	1	u	u	Ø	Ø	Ø	Ø	Ø	Ø	Ø	Ø	Ø	Ø	Ø	Ø	Ø	Ø	Ø	Ø	Ø	Ø	u	Ø	Ø	Ø	Ø	ɨ	Ø	Ø	Ø	Ø	Ø	Ø	Ø	Ø	934:4	neck
257	V	1	u	Ø	Ø	Ø	Ø	Ø	Ø	Ø	Ø	Ø	Ø	Ø	Ø	Ø	Ø	Ø	Ø	Ø	Ø	Ø	u.i	Ø	Ø	Ø	Ø	u.i	Ø	Ø	Ø	Ø	Ø	Ø	Ø	Ø	1566:3	smoke (of fire)
269	V	1	u	ʊ	Ø	Ø	Ø	i	Ø	Ø	Ø	Ø	Ø	Ø	Ø	Ø	Ø	Ø	Ø	Ø	Ø	Ø	u	i	Ø	Ø	iː	u	Ø	Ø	Ø	Ø	Ø	Ø	Ø	Ø	1777:2	that
316	V	1	iː	iː	Ø	Ø	Ø	Ø	Ø	Ø	Ø	Ø	Ø	Ø	Ø	Ø	Ø	Ø	Ø	Ø	Ø	Ø	iː	Ø	Ø	Ø	Ø	iː	Ø	Ø	Ø	Ø	Ø	Ø	Ø	Ø	2954:0	we
356	V	1	iː	iː	Ø	Ø	Ø	Ø	Ø	Ø	Ø	Ø	Ø	Ø	Ø	Ø	Ø	Ø	Ø	Ø	Ø	Ø	i	Ø	Ø	Ø	Ø	iː	Ø	Ø	Ø	Ø	Ø	Ø	Ø	Ø	3516:1	eye
4	V	35	i	i	Ø	Ø	Ø	Ø	ɨ	Ø	Ø	Ø	Ø	Ø	Ø	Ø	Ø	Ø	Ø	Ø	Ø	ə	i	Ø	Ø	Ø	Ø	i	Ø	Ø	Ø	Ø	-	Ø	e	Ø	1:1, 438:3, 1010:3, 1087:3, 1087:5, 1109:1, 1109:3, 1235:1, 1668:3, 1792:3, 2833:0, 2880:3, 2899:1, 2928:3, 2959:2, 2991:3, 3170:2, 3213:0, 3431:3, 3489:3, 3505:4, 120:6, 1322:2, 1322:4, 1606:3, 1826:6, 422:1, 422:3, 3092:6, 3514:1, 3514:4, 270:0, 1264:3, 2840:3, 3028:3	I / animal / bird / child (young person rather than as relationship term) / cloud / ear / egg / fog / hair / heavy / here / nose / one / other / road (or trail) / rope / sand / snake / stick (of wood) / there / tongue / tree / two / water / what? / where? / with (accompanying) / woods
133	V	4	i	i.i	e	Ø	Ø	Ø	Ø	Ø	Ø	ɨ	Ø	Ø	Ø	Ø	Ø	Ø	e	Ø	Ø	Ø	i.i	Ø	Ø	Ø	Ø	i	Ø	Ø	Ø	Ø	i	i	a	ɨ	3360:1, 3360:4, 343:1, 567:3	dog / he / leaf
63	V	2	i	i	Ø	Ø	Ø	Ø	Ø	Ø	Ø	Ø	Ø	Ø	Ø	Ø	Ø	Ø	Ø	Ø	Ø	Ø	-	Ø	Ø	Ø	Ø	i	Ø	Ø	Ø	Ø	Ø	Ø	Ø	Ø	1709:5, 1851:3	all (of a number) / straight
128	V	2	i	Ø	Ø	Ø	Ø	Ø	Ø	Ø	Ø	Ø	i	Ø	Ø	Ø	Ø	Ø	a	Ø	Ø	Ø	i	Ø	Ø	Ø	Ø	iː	Ø	Ø	Ø	Ø	i	Ø	Ø	Ø	18:1, 1248:3	fire / root
159	V	1	i	ɛi	Ø	Ø	Ø	Ø	Ø	Ø	Ø	Ø	Ø	Ø	Ø	Ø	Ø	Ø	Ø	Ø	Ø	Ø	e.i	Ø	Ø	Ø	Ø	a.i	Ø	Ø	Ø	Ø	Ø	Ø	Ø	Ø	395:1	heart
162	V	1	i	u	Ø	Ø	Ø	Ø	Ø	Ø	Ø	Ø	Ø	Ø	Ø	Ø	Ø	Ø	Ø	Ø	Ø	Ø	i	Ø	Ø	Ø	Ø	i	Ø	Ø	Ø	Ø	Ø	Ø	Ø	Ø	461:0	how
205	V	1	i	i	Ø	Ø	Ø	Ø	i.ʔ	Ø	Ø	Ø	Ø	Ø	Ø	Ø	Ø	Ø	Ø	Ø	Ø	Ø	i	Ø	Ø	Ø	Ø	i	Ø	Ø	Ø	Ø	Ø	Ø	Ø	Ø	986:3	night
224	V	1	i	a	Ø	Ø	Ø	Ø	Ø	Ø	Ø	Ø	Ø	Ø	Ø	Ø	Ø	Ø	Ø	Ø	Ø	Ø	i	Ø	Ø	Ø	Ø	i	Ø	Ø	Ø	Ø	Ø	Ø	Ø	Ø	1087:1	one
234	V	1	i	ʊ	Ø	Ø	Ø	Ø	Ø	Ø	Ø	Ø	Ø	Ø	Ø	Ø	Ø	Ø	Ø	Ø	Ø	Ø	i	Ø	Ø	Ø	Ø	u	Ø	Ø	Ø	Ø	Ø	Ø	Ø	Ø	1138:6	red
271	V	1	i	Ø	Ø	Ø	Ø	i.j.a	Ø	Ø	Ø	Ø	Ø	Ø	Ø	Ø	Ø	Ø	Ø	Ø	Ø	Ø	iː	Ø	Ø	Ø	Ø	Ø	Ø	Ø	Ø	Ø	Ø	Ø	Ø	Ø	1808:1	they
319	V	1	i	i	Ø	Ø	Ø	Ø	Ø	Ø	Ø	Ø	Ø	Ø	Ø	Ø	Ø	Ø	Ø	Ø	Ø	Ø	ei	Ø	Ø	Ø	Ø	-	Ø	Ø	Ø	Ø	Ø	Ø	Ø	Ø	3011:5	when?
136	V	4	aː	a	Ø	Ø	Ø	Ø	ɨ	Ø	e	Ø	Ø	Ø	Ø	Ø	Ø	Ø	Ø	Ø	Ø	i	a	ɨ	Ø	Ø	Ø	a	Ø	Ø	Ø	Ø	Ø	Ø	e	Ø	216:3, 1728:3, 2295:2, 2840:1	grass / sun / to hit / tongue
97	V	2	aː	a.j.a	Ø	Ø	Ø	Ø	Ø	Ø	Ø	Ø	Ø	Ø	Ø	Ø	Ø	Ø	Ø	Ø	Ø	Ø	aː	Ø	Ø	Ø	Ø	aː	Ø	Ø	Ø	Ø	Ø	Ø	Ø	Ø	863:1, 1642:1	name / star
204	V	1	aː	ə.ɨ	Ø	Ø	Ø	Ø	Ø	Ø	Ø	Ø	Ø	Ø	Ø	Ø	Ø	Ø	Ø	Ø	Ø	Ø	a.ɨ	Ø	Ø	Ø	Ø	a.ɨ	Ø	Ø	Ø	Ø	Ø	Ø	Ø	Ø	936:1	bark
344	V	1	aː	a	Ø	Ø	Ø	Ø	Ø	Ø	Ø	Ø	Ø	Ø	Ø	Ø	Ø	Ø	Ø	Ø	Ø	Ø	Ø	Ø	Ø	Ø	Ø	aː	Ø	Ø	Ø	Ø	Ø	Ø	Ø	Ø	3345:3	dog
107	V	5	a.i	ɛ.i	Ø	Ø	Ø	Ø	Ø	u.i	Ø	Ø	i	Ø	Ø	Ø	Ø	Ø	Ø	Ø	e	Ø	e.i	Ø	Ø	Ø	Ø	a.i	Ø	Ø	Ø	Ø	Ø	Ø	Ø	Ø	1495:3, 2833:2, 721:0, 2856:2, 2857:1	man (male human) / sky / tongue / tooth (front rather than molar)
232	V	1	a.i	ə.ɨ	Ø	Ø	Ø	Ø	Ø	Ø	Ø	Ø	Ø	Ø	Ø	Ø	Ø	Ø	Ø	Ø	Ø	Ø	a.ɨ	Ø	Ø	Ø	Ø	Ø	Ø	Ø	Ø	Ø	Ø	Ø	Ø	Ø	1124:0	person
10	V	98	a	a	a	a	ɛ	Ø	a	Ø	oa	a	Ø	ɨ	o	i	ɯ	a	Ø	o	eː	ə	a	Ø	a	a	a	a	Ø	e	e	e	Ø	Ø	-	a	126:3, 259:1, 431:1, 539:0, 593:1, 595:1, 663:1, 685:2, 981:0, 1055:2, 1120:0, 1134:1, 1161:1, 1301:1, 1342:1, 1342:3, 1407:1, 1444:1, 1536:1, 1579:0, 1600:1, 1717:0, 1832:1, 1861:1, 1939:1, 2012:1, 2084:1, 2213:1, 2233:1, 2263:1, 2284:1, 2360:1, 2371:1, 2391:0, 2423:1, 2453:1, 2521:1, 2540:1, 2562:1, 2592:1, 2603:1, 2690:1, 2712:1, 2732:1, 2755:1, 2783:1, 2815:1, 2852:3, 2917:1, 3042:1, 3069:1, 3108:0, 3179:0, 3292:1, 3388:1, 3403:1, 3454:1, 3568:2, 511:0, 844:2, 866:3, 1809:1, 3113:3, 3546:1, 3559:1, 217:5, 648:5, 1110:3, 1266:1, 1266:3, 1266:5, 1269:7, 1523:1, 1568:2, 1568:4, 1568:6, 2092:1, 2382:1, 2382:5, 3012:1, 3265:2, 155:1, 155:5, 363:2, 363:4, 694:3, 694:5, 694:7, 3517:1, 3517:5, 851:5, 1128:3, 1307:4, 2859:2, 2929:5, 3073:1, 3372:1, 270:3	I / animal / back (person's) / belly / big / black / blood / cloud / dry (substance) / dull (knife) / ear / eye / far / fog / grass / green / hair / head / heavy / in / liver / long / louse / mouth / name / new / nose / not / other / person / red / rope / rotten (especially log) / salt / say / see / sharp (as knife) / sleep / smoke (of fire) / smooth / they / thick / thin / to bite / to come / to cut / to dig / to drink / to eat / to flow / to fly / to hear / to kill / to know (facts) / to live / to pull / to push / to sew / to sing / to smell (perceive odor) / to split / to squeeze / to swim / to think / to throw / to tie / to vomit / to wash / tongue / tooth (front rather than molar) / tree / two / water / when? / where? / white / who? / wide / wife / year / yellow
3	V	76	a	a	Ø	Ø	Ø	Ø	a	Ø	Ø	Ø	Ø	Ø	Ø	a	Ø	Ø	Ø	Ø	Ø	a	a	a	Ø	a	Ø	a	Ø	Ø	Ø	Ø	Ø	Ø	-	Ø	49:1, 49:3, 131:1, 241:1, 264:0, 566:3, 602:3, 625:1, 647:0, 647:2, 664:1, 693:3, 758:1, 758:3, 820:3, 1138:1, 1138:3, 1225:1, 1234:1, 1234:4, 1235:4, 1447:3, 1495:1, 1688:1, 1688:3, 1851:1, 1885:0, 2374:4, 2899:3, 2941:3, 2991:1, 3071:1, 3091:1, 3129:1, 3152:1, 3152:3, 3170:1, 3183:3, 3213:2, 3227:0, 3227:2, 3240:0, 3294:1, 3466:4, 3512:1, 120:3, 721:3, 1208:3, 1244:1, 1244:4, 1322:1, 1487:3, 1606:1, 1826:1, 1826:3, 732:2, 732:4, 1901:1, 1901:4, 3345:1, 967:1, 1264:1, 1842:1, 1842:3, 1822:1, 3092:3, 3302:1, 3302:3, 3605:1, 3605:3, 97:1, 512:1, 986:1, 2295:0, 2840:6, 3559:4	all (of a number) / because / belly / bird / blood / cloud / day (opposite of night rather than time measure) / dog / earth (soil) / far / father / fish / flower / fog / foot / green / guts / if / leaf / left (hand) / leg / liver / long / louse / man (male human) / many / meat (flesh) / mountain / new / night / red / river / road (or trail) / root / rope / sand / short / skin (person's) / sky / snake / stone / thick / thin / thou / three / to hit / tongue / two / water / what? / who? / wide / wind / wing / with (accompanying) / woman / woods / worm / ye / yellow
217	V	1	a	a	Ø	Ø	Ø	Ø	Ø	Ø	Ø	Ø	Ø	Ø	Ø	Ø	Ø	Ø	Ø	Ø	Ø	Ø	-	Ø	Ø	Ø	Ø	a	Ø	Ø	Ø	Ø	Ø	Ø	Ø	Ø	1038:1	not
252	V	1	a	-	Ø	Ø	Ø	Ø	Ø	Ø	Ø	Ø	Ø	Ø	Ø	Ø	Ø	Ø	Ø	Ø	Ø	Ø	a	Ø	Ø	Ø	Ø	-	Ø	Ø	Ø	Ø	Ø	Ø	Ø	Ø	1447:5	short
270	V	1	a	a	Ø	Ø	Ø	Ø	Ø	Ø	Ø	Ø	Ø	Ø	Ø	Ø	Ø	Ø	Ø	Ø	Ø	Ø	-	Ø	Ø	Ø	Ø	-	Ø	Ø	Ø	Ø	Ø	Ø	Ø	Ø	1792:0	there
276	V	1	a	ʊ	Ø	Ø	Ø	Ø	Ø	Ø	Ø	Ø	Ø	Ø	Ø	Ø	Ø	Ø	Ø	Ø	Ø	Ø	Ø	Ø	Ø	Ø	Ø	u	Ø	Ø	Ø	Ø	Ø	Ø	Ø	Ø	1901:6	three
318	V	1	a	a	Ø	Ø	Ø	Ø	Ø	Ø	Ø	Ø	Ø	Ø	Ø	Ø	Ø	Ø	Ø	Ø	Ø	Ø	u	Ø	Ø	Ø	Ø	u	Ø	Ø	Ø	Ø	Ø	Ø	Ø	Ø	3011:1	when?
27	V	23	-	-	Ø	Ø	Ø	Ø	Ø	Ø	a	Ø	Ø	Ø	Ø	Ø	a	Ø	Ø	Ø	Ø	Ø	-	Ø	Ø	Ø	Ø	-	Ø	a	a	a	Ø	Ø	Ø	Ø	100:0, 685:0, 704:1, 1078:1, 1219:1, 1280:1, 1304:1, 1504:3, 1672:1, 1752:5, 2917:3, 2952:1, 2952:3, 3177:3, 3235:0, 3568:0, 525:1, 3312:3, 1685:0, 1685:4, 992:1, 1728:0, 2882:1	all (of a number) / day (opposite of night rather than time measure) / far / flower / long / louse / night / old / one / river / rope / rotten (especially log) / sky / stick (of wood) / sun / tree / two / with (accompanying) / worm
37	V	14	-	Ø	Ø	Ø	o	Ø	Ø	Ø	Ø	Ø	Ø	Ø	u	Ø	Ø	Ø	Ø	u	o	Ø	-	Ø	Ø	Ø	Ø	-	Ø	Ø	Ø	Ø	Ø	Ø	Ø	Ø	73:1, 121:1, 302:1, 695:1, 988:4, 1011:1, 1933:2, 2094:2, 2277:3, 2930:3, 3306:1, 3306:2, 2720:3, 2856:0	day (opposite of night rather than time measure) / five / fog / hand / louse / night / nose / to bite / to drink / to hear / to throw / tooth (front rather than molar) / water
40	V	4	-	-	Ø	Ø	Ø	Ø	Ø	Ø	Ø	Ø	Ø	Ø	Ø	Ø	Ø	Ø	Ø	Ø	Ø	Ø	ɨ	Ø	Ø	Ø	Ø	-	Ø	Ø	Ø	Ø	Ø	Ø	Ø	Ø	264:5, 300:4, 647:4, 1487:5	guts / hand / liver / skin (person's)
61	V	2	-	ɨ	Ø	Ø	Ø	Ø	Ø	Ø	Ø	Ø	Ø	Ø	Ø	Ø	Ø	Ø	Ø	Ø	Ø	Ø	-	Ø	Ø	Ø	Ø	ɨ	Ø	Ø	Ø	Ø	Ø	Ø	Ø	Ø	936:3, 3240:4	bark / ye
62	V	2	-	ʊ	Ø	Ø	Ø	Ø	Ø	Ø	Ø	Ø	Ø	Ø	Ø	Ø	Ø	Ø	Ø	Ø	Ø	Ø	u	Ø	Ø	Ø	Ø	u	Ø	Ø	Ø	Ø	Ø	Ø	Ø	Ø	1709:1, 1792:2	straight / there
96	V	2	-	-	Ø	Ø	Ø	Ø	Ø	Ø	Ø	Ø	Ø	Ø	Ø	Ø	Ø	Ø	Ø	Ø	Ø	Ø	a	Ø	Ø	Ø	Ø	a	Ø	Ø	Ø	Ø	Ø	Ø	Ø	Ø	362:3, 732:6	head / many
165	V	1	-	a	Ø	Ø	Ø	Ø	Ø	Ø	Ø	Ø	Ø	Ø	Ø	Ø	Ø	Ø	Ø	Ø	Ø	Ø	-	Ø	Ø	Ø	Ø	a	Ø	Ø	Ø	Ø	Ø	Ø	Ø	Ø	461:5	how
220	V	1	-	u	Ø	Ø	Ø	Ø	Ø	Ø	Ø	Ø	Ø	Ø	Ø	Ø	Ø	Ø	Ø	Ø	Ø	Ø	-	Ø	Ø	Ø	Ø	-	Ø	Ø	Ø	Ø	Ø	Ø	Ø	Ø	1077:0	old
221	V	1	-	i	Ø	Ø	Ø	Ø	Ø	Ø	Ø	Ø	Ø	Ø	Ø	Ø	Ø	Ø	Ø	Ø	Ø	Ø	-	Ø	Ø	Ø	Ø	i	Ø	Ø	Ø	Ø	Ø	Ø	Ø	Ø	1077:2	old
233	V	1	-	-	Ø	Ø	Ø	Ø	Ø	Ø	Ø	Ø	Ø	Ø	Ø	Ø	Ø	Ø	Ø	Ø	Ø	Ø	u	Ø	Ø	Ø	Ø	Ø	Ø	Ø	Ø	Ø	Ø	Ø	Ø	Ø	1124:3	person
268	V	1	-	a	Ø	Ø	Ø	i	Ø	Ø	Ø	Ø	Ø	Ø	Ø	Ø	Ø	Ø	Ø	Ø	Ø	Ø	-	-	Ø	Ø	-	-	Ø	Ø	Ø	Ø	Ø	Ø	Ø	Ø	1777:0	that
333	V	1	-	ɨ	Ø	Ø	Ø	Ø	Ø	Ø	Ø	Ø	Ø	Ø	Ø	Ø	Ø	Ø	Ø	Ø	Ø	Ø	ɨ	Ø	Ø	Ø	Ø	-	Ø	Ø	Ø	Ø	Ø	Ø	Ø	Ø	3152:5	wing
103	C	4	ʃ	ʃ	Ø	Ø	Ø	Ø	-	Ø	Ø	Ø	Ø	Ø	Ø	Ø	Ø	Ø	Ø	Ø	Ø	ˀk	ʃˀ	Ø	Ø	Ø	Ø	ʃ	Ø	Ø	Ø	Ø	Ø	Ø	ts	Ø	1851:2, 3431:4, 270:4, 2840:4	all (of a number) / ear / hair / tongue
76	C	2	ʃ	ʃ	Ø	Ø	Ø	Ø	ʃ	Ø	Ø	Ø	Ø	Ø	Ø	Ø	Ø	Ø	Ø	Ø	Ø	Ø	ʃ	Ø	Ø	Ø	Ø	ʃ	Ø	Ø	Ø	Ø	Ø	Ø	Ø	Ø	721:1, 986:2	man (male human) / night
32	C	11	ŋ	ŋ	Ø	Ø	Ø	Ø	n	Ø	Ø	Ø	Ø	-	Ø	Ø	Ø	Ø	Ø	Ø	Ø	n	ŋ	Ø	Ø	Ø	Ø	n	Ø	Ø	Ø	Ø	Ø	Ø	Ø	Ø	192:2, 758:4, 3294:2, 3466:2, 120:4, 721:4, 1244:2, 3092:4, 3514:2, 97:2, 3546:2	animal / bird / cloud / earth (soil) / flower / fog / good / man (male human) / meat (flesh) / root / yellow
2	C	43	Ø	Ø	Ø	Ø	Ø	Ø	Ø	Ø	ʔ	Ø	Ø	Ø	Ø	Ø	tʲ	Ø	Ø	Ø	Ø	Ø	Ø	Ø	Ø	Ø	Ø	Ø	Ø	d	d	d	Ø	Ø	Ø	Ø	259:0, 431:0, 593:0, 663:0, 1161:0, 1301:0, 1407:0, 1444:0, 1536:0, 1600:0, 1672:0, 1832:0, 1861:0, 1939:0, 2233:0, 2263:0, 2284:0, 2423:0, 2453:0, 2521:0, 2562:0, 2592:0, 2603:0, 2605:1, 2641:0, 2690:0, 2712:0, 2732:0, 2755:0, 2783:0, 2815:0, 2874:0, 3022:0, 3069:0, 3177:0, 3292:0, 3388:0, 3403:0, 3642:0, 1653:0, 1673:0, 511:3, 525:0	back (person's) / black / dry (substance) / dull (knife) / feather (larger feathers rather than down) / green / heavy / one / red / rotten (especially log) / see / sharp (as knife) / sleep / smooth / star / stick (of wood) / there / thick / thin / to bite / to cut / to fly / to hear / to live / to pull / to push / to sew / to smell (perceive odor) / to split / to squeeze / to swim / to think / to throw / to tie / to vomit / to wash / tooth (front rather than molar) / when? / white / with (accompanying) / yellow
28	C	18	Ø	Ø	n	n	Ø	Ø	-	Ø	Ø	n	Ø	Ø	Ø	Ø	Ø	Ø	Ø	Ø	n	n	Ø	Ø	Ø	Ø	n	Ø	Ø	Ø	Ø	Ø	Ø	Ø	Ø	n	987:0, 1093:0, 1387:0, 1523:4, 1568:1, 1997:1, 2092:4, 2345:3, 2570:5, 155:0, 363:1, 694:4, 3517:0, 851:0, 851:4, 2834:0, 3073:2, 3372:2	I / eye / head / louse / night / nose / one / see / sleep / smoke (of fire) / to come / to drink / to kill / to spit / tongue / tree / who?
50	C	14	Ø	Ø	Ø	Ø	m	Ø	Ø	Ø	Ø	Ø	Ø	Ø	m	Ø	m	Ø	Ø	m	Ø	Ø	Ø	Ø	Ø	Ø	Ø	Ø	Ø	m	m	m	Ø	Ø	Ø	Ø	464:0, 569:2, 1082:2, 1229:0, 1368:0, 1388:3, 2119:0, 2955:0, 3171:0, 3242:1, 866:0, 1369:0, 3312:0, 3601:0	day (opposite of night rather than time measure) / father / how / leaf / name / old / river / sea (ocean) / see / to eat / we / with (accompanying) / ye
38	C	12	Ø	Ø	Ø	Ø	Ø	Ø	Ø	Ø	m	Ø	Ø	m	Ø	Ø	-	Ø	Ø	Ø	Ø	Ø	Ø	Ø	Ø	Ø	Ø	Ø	Ø	m	m	m	Ø	Ø	Ø	Ø	268:0, 535:0, 704:0, 807:1, 1078:0, 1219:0, 1504:0, 1752:4, 2917:0, 3258:1, 511:1, 672:3	at / back (person's) / in / long / louse / old / river / sky / sun / two / ye
6	C	11	Ø	Ø	Ø	Ø	n	Ø	Ø	Ø	Ø	Ø	Ø	Ø	n	Ø	Ø	Ø	Ø	n	Ø	Ø	Ø	Ø	Ø	Ø	Ø	Ø	Ø	Ø	Ø	Ø	Ø	Ø	Ø	Ø	350:0, 649:3, 662:0, 970:0, 1089:0, 1582:0, 1733:0, 1794:0, 3395:0, 3613:2, 3636:0	bad (deleterious or unsuitable) / big / dull (knife) / father / feather (larger feathers rather than down) / he / liver / new / one / sun / there
20	C	10	Ø	Ø	Ø	Ø	Ø	Ø	Ø	Ø	n	Ø	Ø	Ø	Ø	Ø	n	Ø	Ø	Ø	Ø	Ø	Ø	Ø	Ø	Ø	Ø	Ø	Ø	n	n	n	Ø	Ø	Ø	Ø	1219:2, 1504:2, 2917:2, 2947:2, 2952:0, 2952:2, 3041:0, 3042:0, 493:1, 992:0	all (of a number) / husband / night / river / sky / two / water / where?
9	C	9	Ø	Ø	Ø	Ø	ʔ	Ø	Ø	Ø	Ø	Ø	Ø	Ø	ʔ	Ø	Ø	Ø	Ø	ʔ	Ø	Ø	Ø	Ø	Ø	Ø	Ø	Ø	Ø	Ø	Ø	Ø	Ø	Ø	Ø	Ø	73:0, 133:0, 1011:0, 1040:2, 1211:0, 1325:2, 1669:0, 2884:0, 2955:2	five / foot / nose / not / river / sand / stick (of wood) / tree / we
16	C	9	Ø	Ø	Ø	Ø	Ø	Ø	Ø	Ø	Ø	Ø	Ø	Ø	Ø	Ø	h	Ø	Ø	Ø	Ø	Ø	Ø	Ø	Ø	Ø	Ø	Ø	Ø	h	h	h	Ø	Ø	Ø	Ø	119:0, 542:0, 1342:0, 1752:0, 2947:0, 3145:0, 3454:0, 561:0, 3357:0	ashes / belly / dog / ear / in / lake / sun / water / wind
12	C	8	Ø	Ø	Ø	Ø	Ø	Ø	Ø	Ø	Ø	Ø	Ø	Ø	Ø	Ø	Ø	Ø	Ø	Ø	Ø	Ø	Ø	Ø	Ø	Ø	Ø	Ø	Ø	t	t	ɗ	Ø	Ø	Ø	Ø	595:0, 1055:1, 1752:2, 2012:0, 2084:0, 2213:0, 2360:0, 2540:0	not / sun / to come / to dig / to eat / to flow / to kill / to sing
25	C	8	Ø	Ø	Ø	Ø	Ø	Ø	Ø	Ø	Ø	Ø	Ø	Ø	Ø	Ø	ʔ	Ø	Ø	Ø	Ø	Ø	Ø	Ø	Ø	Ø	Ø	Ø	Ø	ɾ	r	ɾ	Ø	Ø	Ø	Ø	539:1, 640:2, 685:1, 922:0, 3145:2, 3463:2, 3568:1, 561:2	bark / far / in / lake / leg / long / near / wind
52	C	7	Ø	Ø	m	m	Ø	Ø	Ø	Ø	Ø	m	Ø	Ø	Ø	Ø	Ø	Ø	Ø	Ø	Ø	Ø	Ø	Ø	Ø	Ø	Ø	Ø	Ø	Ø	Ø	Ø	w	Ø	Ø	m	1523:0, 2345:1, 3265:1, 567:2, 1289:0, 3184:0, 3517:2	eye / leaf / rotten (especially log) / sleep / to kill / woman / year
21	C	6	Ø	Ø	Ø	Ø	kʷ	Ø	Ø	Ø	Ø	Ø	Ø	Ø	g	Ø	Ø	Ø	Ø	g	Ø	Ø	Ø	Ø	Ø	Ø	Ø	Ø	Ø	Ø	Ø	Ø	Ø	Ø	Ø	Ø	23:0, 649:1, 811:0, 1524:2, 1645:0, 2860:1	fire / liver / mountain / sleep / star / tooth (front rather than molar)
23	C	6	Ø	Ø	Ø	n	Ø	Ø	Ø	Ø	Ø	n	Ø	Ø	Ø	Ø	Ø	Ø	Ø	Ø	Ø	Ø	Ø	Ø	Ø	Ø	Ø	Ø	Ø	Ø	Ø	Ø	Ø	Ø	Ø	ɲ	423:1, 1387:4, 1932:2, 1997:3, 2276:4, 2407:3	heavy / see / to bite / to come / to hear / to live
24	C	6	Ø	Ø	Ø	Ø	kʰ	Ø	Ø	Ø	Ø	Ø	Ø	Ø	k	Ø	Ø	Ø	Ø	k	Ø	Ø	Ø	Ø	Ø	Ø	Ø	Ø	Ø	Ø	Ø	Ø	Ø	Ø	Ø	Ø	988:3, 1082:0, 1524:0, 2747:3, 3306:0, 3613:0	bone / day (opposite of night rather than time measure) / father / night / old / sleep
35	C	6	Ø	Ø	Ø	Ø	Ø	Ø	Ø	Ø	Ø	Ø	Ø	Ø	Ø	Ø	ɸ	Ø	Ø	Ø	Ø	Ø	Ø	Ø	Ø	Ø	Ø	Ø	Ø	ɸ	ɸ	p	Ø	Ø	Ø	Ø	542:2, 2852:2, 3145:4, 3454:2, 844:0, 1020:0	ear / in / mouth / nose / tongue / wind
101	C	6	Ø	Ø	h	h	Ø	Ø	Ø	Ø	Ø	h	Ø	Ø	Ø	Ø	Ø	Ø	Ø	Ø	Ø	Ø	Ø	Ø	Ø	Ø	h	Ø	w	Ø	Ø	Ø	Ø	Ø	Ø	h	648:4, 1568:3, 1689:4, 3184:4, 141:3, 155:2	foot / liver / nose / smoke (of fire) / stone / woman
44	C	4	Ø	Ø	Ø	Ø	tʃ	Ø	Ø	Ø	Ø	Ø	Ø	Ø	g	Ø	Ø	Ø	Ø	g	Ø	Ø	Ø	Ø	Ø	Ø	Ø	Ø	Ø	Ø	Ø	Ø	Ø	Ø	Ø	Ø	12:0, 2277:0, 3282:0, 3413:0	ashes / dust / to hear / yellow
45	C	4	Ø	Ø	Ø	Ø	hʲ	Ø	Ø	Ø	Ø	Ø	Ø	Ø	h	Ø	Ø	Ø	Ø	h	Ø	Ø	Ø	Ø	Ø	Ø	Ø	Ø	Ø	Ø	Ø	Ø	Ø	Ø	Ø	Ø	12:2, 515:5, 842:0, 3413:2	ashes / dust / if / mouth
47	C	4	Ø	Ø	Ø	Ø	Ø	Ø	Ø	Ø	Ø	Ø	Ø	Ø	Ø	Ø	Ø	Ø	Ø	Ø	Ø	Ø	Ø	Ø	Ø	Ø	Ø	Ø	Ø	g	g	g	Ø	Ø	Ø	Ø	1280:0, 3177:2, 3463:0, 3503:0	bark / egg / rope / with (accompanying)
56	C	4	Ø	Ø	Ø	Ø	Ø	Ø	Ø	Ø	Ø	Ø	Ø	Ø	Ø	Ø	ɸ	Ø	Ø	Ø	Ø	Ø	Ø	Ø	Ø	Ø	Ø	Ø	Ø	θ	θ	t	Ø	Ø	Ø	Ø	119:2, 1304:0, 1316:2, 1673:2	ashes / rotten (especially log) / salt / stick (of wood)
64	C	4	Ø	Ø	kʷ	kʷ	Ø	Ø	Ø	Ø	Ø	k	Ø	Ø	Ø	Ø	Ø	Ø	Ø	Ø	Ø	Ø	Ø	Ø	Ø	Ø	Ø	Ø	Ø	Ø	Ø	Ø	Ø	Ø	Ø	k	217:4, 1269:6, 155:4, 1289:2	grass / nose / rope / rotten (especially log)
70	C	4	Ø	Ø	Ø	Ø	tʰ	Ø	Ø	Ø	Ø	Ø	Ø	Ø	t	Ø	Ø	Ø	Ø	t	Ø	Ø	Ø	Ø	Ø	Ø	Ø	Ø	Ø	Ø	Ø	Ø	d	Ø	Ø	Ø	487:0, 1041:0, 3115:0, 2327:0	husband / not / to hunt (game) / wife
71	C	4	Ø	Ø	Ø	Ø	pʰ	Ø	Ø	Ø	Ø	Ø	Ø	Ø	ɸ	Ø	Ø	Ø	Ø	p	p	Ø	Ø	Ø	Ø	Ø	Ø	Ø	Ø	Ø	Ø	Ø	Ø	Ø	Ø	Ø	530:0, 988:0, 3266:0, 2720:0	in / night / to throw / year
75	C	4	Ø	Ø	s	s	Ø	Ø	Ø	Ø	Ø	s	Ø	Ø	Ø	Ø	Ø	Ø	Ø	Ø	Ø	Ø	Ø	Ø	Ø	Ø	Ø	Ø	Ø	Ø	Ø	Ø	Ø	Ø	Ø	ts	1689:2, 3627:0, 1932:0, 2993:2	feather (larger feathers rather than down) / stone / to bite / what?
125	C	4	Ø	Ø	t	t	Ø	Ø	Ø	Ø	Ø	t	Ø	Ø	Ø	Ø	Ø	Ø	Ø	Ø	Ø	Ø	Ø	Ø	Ø	Ø	t	Ø	d	Ø	Ø	Ø	Ø	Ø	Ø	t	1110:0, 2276:0, 141:1, 2834:2	foot / other / to hear / tongue
127	C	4	Ø	Ø	Ø	Ø	β	Ø	Ø	Ø	Ø	Ø	Ø	Ø	β	Ø	Ø	Ø	p	β	Ø	Ø	Ø	Ø	Ø	Ø	Ø	Ø	Ø	Ø	Ø	Ø	p	-	Ø	Ø	239:0, 1711:0, 2327:2, 3061:0	at / straight / to hunt (game) / white
58	C	3	Ø	Ø	Ø	Ø	ɲ	Ø	Ø	Ø	Ø	Ø	Ø	Ø	ɲ	Ø	Ø	Ø	Ø	n	Ø	Ø	Ø	Ø	Ø	Ø	Ø	Ø	Ø	Ø	Ø	Ø	Ø	Ø	Ø	Ø	530:2, 1142:0, 2978:0	in / red / wet
59	C	3	Ø	Ø	Ø	ɾ	Ø	Ø	Ø	Ø	Ø	r	Ø	Ø	Ø	Ø	Ø	Ø	Ø	Ø	Ø	Ø	Ø	Ø	Ø	Ø	Ø	Ø	Ø	Ø	Ø	Ø	Ø	Ø	Ø	r	2570:1, 3012:2, 3265:3	to spit / when? / year
66	C	3	Ø	Ø	Ø	Ø	Ø	Ø	Ø	Ø	Ø	Ø	Ø	Ø	Ø	Ø	b	Ø	Ø	Ø	Ø	Ø	Ø	Ø	Ø	Ø	Ø	Ø	Ø	b	b	b	Ø	Ø	Ø	Ø	1304:2, 1342:2, 3081:0	belly / rotten (especially log) / who?
72	C	3	Ø	Ø	Ø	Ø	Ø	Ø	Ø	Ø	Ø	Ø	Ø	Ø	Ø	Ø	ɲ̥	Ø	Ø	Ø	Ø	Ø	Ø	Ø	Ø	Ø	Ø	Ø	Ø	n	n	n	Ø	Ø	Ø	Ø	1685:3, 2882:0, 3312:2	day (opposite of night rather than time measure) / stick (of wood) / tree
104	C	3	Ø	Ø	Ø	h	Ø	Ø	Ø	Ø	Ø	j	Ø	Ø	Ø	Ø	Ø	Ø	Ø	Ø	Ø	Ø	Ø	Ø	Ø	Ø	dʒ	Ø	Ø	Ø	Ø	Ø	Ø	Ø	Ø	j	217:0, 1269:4, 1128:2	grass / person / rope
78	C	2	Ø	Ø	Ø	Ø	h.tsʰ	Ø	Ø	Ø	Ø	Ø	Ø	Ø	s	Ø	Ø	Ø	Ø	t.ts	Ø	Ø	Ø	Ø	Ø	Ø	Ø	Ø	Ø	Ø	Ø	Ø	Ø	Ø	Ø	Ø	121:0, 302:2	fog / hand
79	C	2	Ø	Ø	Ø	Ø	ʔ	Ø	Ø	Ø	Ø	Ø	Ø	Ø	-	Ø	Ø	Ø	Ø	ʔ	Ø	Ø	Ø	Ø	Ø	Ø	Ø	Ø	Ø	Ø	Ø	Ø	Ø	Ø	Ø	Ø	302:0, 515:0	hand / if
82	C	2	Ø	Ø	Ø	-	Ø	Ø	Ø	Ø	Ø	n	Ø	Ø	Ø	Ø	Ø	Ø	Ø	Ø	Ø	Ø	Ø	Ø	Ø	Ø	Ø	Ø	Ø	Ø	Ø	Ø	Ø	Ø	Ø	ɲ	987:2, 2302:3	night / to hit
83	C	2	Ø	Ø	Ø	Ø	h	Ø	Ø	Ø	Ø	Ø	Ø	Ø	k	Ø	Ø	Ø	Ø	k	Ø	Ø	Ø	Ø	Ø	Ø	Ø	Ø	Ø	Ø	Ø	Ø	Ø	Ø	Ø	Ø	988:2, 2747:2	bone / night
84	C	2	Ø	Ø	Ø	Ø	h.pʰ	Ø	Ø	Ø	Ø	Ø	Ø	Ø	ɸ	Ø	Ø	Ø	Ø	p.p	Ø	Ø	Ø	Ø	Ø	Ø	Ø	Ø	Ø	Ø	Ø	Ø	Ø	Ø	Ø	Ø	1111:0, 2930:0	other / water
85	C	2	Ø	Ø	Ø	Ø	Ø	Ø	Ø	Ø	Ø	Ø	Ø	Ø	Ø	Ø	Ø	Ø	Ø	Ø	Ø	Ø	Ø	Ø	Ø	Ø	Ø	Ø	Ø	d	t	d	Ø	Ø	Ø	Ø	1134:0, 2371:0	say / to know (facts)
88	C	2	Ø	Ø	Ø	Ø	t	Ø	Ø	Ø	Ø	Ø	Ø	Ø	d	Ø	Ø	Ø	Ø	d	Ø	Ø	Ø	Ø	Ø	Ø	Ø	Ø	Ø	Ø	Ø	Ø	Ø	Ø	Ø	Ø	1933:1, 2094:1	to bite / to drink
94	C	2	Ø	Ø	s	s	Ø	Ø	Ø	Ø	Ø	s	Ø	Ø	Ø	Ø	Ø	Ø	Ø	Ø	Ø	Ø	Ø	Ø	Ø	Ø	Ø	Ø	Ø	Ø	Ø	Ø	Ø	Ø	Ø	s	217:2, 694:0	grass / louse
111	C	2	Ø	Ø	h	h	Ø	Ø	Ø	Ø	Ø	-	Ø	Ø	Ø	Ø	Ø	Ø	Ø	Ø	Ø	Ø	Ø	Ø	-	Ø	Ø	Ø	Ø	Ø	Ø	Ø	Ø	Ø	Ø	h	1093:6, 2859:3	one / tooth (front rather than molar)
114	C	2	Ø	Ø	Ø	Ø	Ø	Ø	Ø	Ø	Ø	Ø	Ø	Ø	Ø	Ø	-	Ø	Ø	Ø	Ø	Ø	Ø	Ø	Ø	Ø	Ø	Ø	Ø	dʒ	dʒ	dʒ	Ø	Ø	Ø	Ø	126:1, 1369:4	fog / sea (ocean)
120	C	2	Ø	Ø	h	h	Ø	Ø	Ø	Ø	Ø	h	Ø	Ø	Ø	Ø	Ø	Ø	Ø	Ø	Ø	Ø	Ø	Ø	Ø	Ø	Ø	Ø	Ø	Ø	Ø	Ø	Ø	Ø	Ø	hʷ	1307:3, 2276:2	salt / to hear
130	C	2	Ø	Ø	Ø	n	Ø	Ø	Ø	Ø	n	n	Ø	n	Ø	Ø	ɲ	Ø	Ø	Ø	Ø	Ø	Ø	Ø	Ø	Ø	Ø	Ø	Ø	Ø	Ø	Ø	Ø	Ø	Ø	-	672:1, 2737:0	bone / long
132	C	2	Ø	Ø	Ø	Ø	m	Ø	Ø	Ø	Ø	Ø	Ø	Ø	m	Ø	m̥	Ø	Ø	m	Ø	Ø	Ø	Ø	Ø	Ø	Ø	Ø	Ø	m	m	Ø	Ø	Ø	Ø	Ø	866:2, 1685:1	name / stick (of wood)
134	C	2	Ø	Ø	Ø	Ø	Ø	Ø	ɾ	Ø	Ø	Ø	Ø	Ø	Ø	Ø	Ø	Ø	Ø	Ø	Ø	l	tˀ	n	Ø	Ø	Ø	Ø	Ø	Ø	Ø	Ø	Ø	Ø	-	Ø	2295:3, 2840:5	to hit / tongue
135	C	2	Ø	Ø	Ø	Ø	Ø	Ø	n	Ø	Ø	Ø	Ø	Ø	Ø	Ø	Ø	Ø	Ø	Ø	Ø	ɲ	-	-	Ø	Ø	Ø	Ø	Ø	Ø	Ø	Ø	Ø	Ø	n	Ø	2295:5, 2840:0	to hit / tongue
139	C	1	Ø	Ø	Ø	Ø	h.tsʰ	Ø	Ø	Ø	Ø	Ø	Ø	Ø	s	Ø	Ø	Ø	Ø	ts.ts	Ø	Ø	Ø	Ø	Ø	Ø	Ø	Ø	Ø	Ø	Ø	Ø	Ø	Ø	Ø	Ø	73:2	five
140	C	1	Ø	Ø	k	kʷ	Ø	Ø	Ø	Ø	Ø	k	Ø	Ø	Ø	Ø	Ø	Ø	Ø	Ø	Ø	Ø	Ø	Ø	Ø	Ø	Ø	Ø	Ø	Ø	Ø	Ø	Ø	Ø	Ø	kʷ	77:0	I
141	C	1	Ø	Ø	h	-	Ø	Ø	Ø	Ø	Ø	-	Ø	Ø	Ø	Ø	Ø	Ø	Ø	Ø	Ø	Ø	Ø	Ø	Ø	Ø	Ø	Ø	Ø	Ø	Ø	Ø	Ø	Ø	Ø	hʲ	77:2	I
144	C	1	Ø	Ø	Ø	Ø	Ø	Ø	Ø	Ø	Ø	Ø	Ø	Ø	Ø	Ø	Ø	Ø	Ø	Ø	Ø	Ø	Ø	Ø	Ø	Ø	Ø	Ø	Ø	ɸ	ɸ	g	Ø	Ø	Ø	Ø	119:4	ashes
155	C	1	Ø	Ø	Ø	Ø	pʲ	Ø	Ø	Ø	Ø	Ø	Ø	Ø	b	Ø	Ø	Ø	Ø	b	Ø	Ø	Ø	Ø	Ø	Ø	Ø	Ø	Ø	Ø	Ø	Ø	Ø	Ø	Ø	Ø	353:0	he
156	C	1	Ø	Ø	Ø	Ø	Ø	m	m	Ø	Ø	Ø	Ø	Ø	Ø	Ø	Ø	Ø	Ø	Ø	Ø	m	Ø	Ø	Ø	Ø	Ø	Ø	Ø	Ø	Ø	Ø	Ø	Ø	Ø	Ø	365:0	head
157	C	1	Ø	Ø	Ø	Ø	Ø	-	ʔ	Ø	Ø	Ø	Ø	Ø	Ø	Ø	Ø	Ø	Ø	Ø	Ø	ʔ	Ø	Ø	Ø	Ø	Ø	Ø	Ø	Ø	Ø	Ø	Ø	Ø	Ø	Ø	365:4	head
160	C	1	Ø	Ø	Ø	k	Ø	Ø	Ø	Ø	Ø	n	Ø	Ø	Ø	Ø	Ø	Ø	Ø	Ø	Ø	Ø	Ø	Ø	Ø	Ø	Ø	Ø	Ø	Ø	Ø	Ø	Ø	Ø	Ø	k	423:3	heavy
167	C	1	Ø	Ø	Ø	Ø	t	Ø	Ø	Ø	Ø	Ø	Ø	Ø	dʒ	Ø	Ø	Ø	Ø	-	Ø	Ø	Ø	Ø	Ø	Ø	Ø	Ø	Ø	Ø	Ø	Ø	Ø	Ø	Ø	Ø	464:2	how
169	C	1	Ø	Ø	Ø	Ø	h	Ø	Ø	Ø	Ø	Ø	Ø	Ø	tʃ	Ø	Ø	Ø	Ø	tʃ	Ø	Ø	Ø	Ø	Ø	Ø	Ø	Ø	Ø	Ø	Ø	Ø	Ø	Ø	Ø	Ø	515:2	if
170	C	1	Ø	Ø	Ø	Ø	tʃʰ	Ø	Ø	Ø	Ø	Ø	Ø	Ø	tʃ	Ø	Ø	Ø	Ø	tʃ	Ø	Ø	Ø	Ø	Ø	Ø	Ø	Ø	Ø	Ø	Ø	Ø	Ø	Ø	Ø	Ø	515:3	if
173	C	1	Ø	Ø	-	Ø	Ø	Ø	Ø	Ø	Ø	-	Ø	Ø	Ø	Ø	Ø	Ø	Ø	Ø	Ø	Ø	Ø	Ø	Ø	Ø	Ø	Ø	Ø	Ø	Ø	Ø	∼	Ø	Ø	-	567:4	leaf
174	C	1	Ø	Ø	Ø	Ø	ʔ	Ø	Ø	Ø	Ø	Ø	Ø	Ø	-	Ø	Ø	Ø	Ø	-	Ø	Ø	Ø	Ø	Ø	Ø	Ø	Ø	Ø	Ø	Ø	Ø	Ø	Ø	Ø	Ø	569:0	leaf
176	C	1	Ø	Ø	Ø	w	Ø	Ø	Ø	Ø	Ø	w	Ø	Ø	Ø	Ø	Ø	Ø	Ø	Ø	Ø	Ø	Ø	Ø	Ø	Ø	Ø	Ø	Ø	Ø	Ø	Ø	Ø	Ø	Ø	w	648:2	liver
179	C	1	Ø	Ø	Ø	Ø	Ø	Ø	Ø	Ø	ʔ	Ø	Ø	-	Ø	Ø	-	Ø	Ø	Ø	Ø	Ø	Ø	Ø	Ø	Ø	Ø	Ø	Ø	Ø	Ø	Ø	Ø	Ø	Ø	Ø	672:5	long
180	C	1	Ø	Ø	kʷ	kʷ	Ø	Ø	Ø	Ø	Ø	kʷ	Ø	Ø	Ø	Ø	Ø	Ø	Ø	Ø	Ø	Ø	Ø	Ø	Ø	Ø	Ø	Ø	Ø	Ø	Ø	Ø	Ø	Ø	Ø	k	694:2	louse
181	C	1	Ø	Ø	h	h	Ø	Ø	Ø	Ø	Ø	h	Ø	Ø	Ø	Ø	Ø	Ø	Ø	Ø	Ø	Ø	Ø	Ø	Ø	Ø	Ø	Ø	Ø	Ø	Ø	Ø	Ø	Ø	Ø	w	694:6	louse
182	C	1	Ø	Ø	Ø	Ø	ʔʲ	Ø	Ø	Ø	Ø	Ø	Ø	Ø	ʔ	Ø	Ø	Ø	Ø	ʔ	Ø	Ø	Ø	Ø	Ø	Ø	Ø	Ø	Ø	Ø	Ø	Ø	Ø	Ø	Ø	Ø	695:0	louse
185	C	1	Ø	Ø	Ø	Ø	Ø	Ø	Ø	Ø	Ø	Ø	Ø	Ø	Ø	Ø	Ø	Ø	Ø	Ø	Ø	Ø	Ø	Ø	Ø	Ø	Ø	Ø	Ø	ŋ	ɲ	ŋ	Ø	Ø	Ø	Ø	777:0	woman
187	C	1	Ø	Ø	Ø	Ø	tsʰ	Ø	Ø	Ø	Ø	Ø	Ø	Ø	s	Ø	Ø	Ø	Ø	ts	Ø	Ø	Ø	Ø	Ø	Ø	Ø	Ø	Ø	Ø	Ø	Ø	Ø	Ø	Ø	Ø	797:0	mother
194	C	1	Ø	Ø	Ø	ɾ	Ø	Ø	Ø	Ø	Ø	t	Ø	Ø	Ø	Ø	Ø	Ø	Ø	Ø	Ø	Ø	Ø	Ø	Ø	Ø	Ø	Ø	Ø	Ø	Ø	Ø	Ø	Ø	Ø	t	839:1	mouth
195	C	1	Ø	Ø	Ø	p	Ø	Ø	Ø	Ø	Ø	p	Ø	Ø	Ø	Ø	Ø	Ø	Ø	Ø	Ø	Ø	Ø	Ø	Ø	Ø	Ø	Ø	Ø	Ø	Ø	Ø	Ø	Ø	Ø	p	839:3	mouth
197	C	1	Ø	Ø	Ø	-	Ø	Ø	Ø	Ø	Ø	m	Ø	Ø	Ø	Ø	Ø	Ø	Ø	Ø	Ø	Ø	Ø	Ø	Ø	Ø	Ø	Ø	Ø	Ø	Ø	Ø	Ø	Ø	Ø	m	839:5	mouth
200	C	1	Ø	Ø	Ø	-	Ø	Ø	Ø	Ø	Ø	-	Ø	Ø	Ø	Ø	Ø	Ø	Ø	Ø	Ø	Ø	Ø	Ø	Ø	Ø	-	Ø	Ø	Ø	Ø	Ø	Ø	Ø	Ø	k	851:2	tree
207	C	1	Ø	Ø	Ø	kʷ	Ø	Ø	Ø	Ø	Ø	k	Ø	Ø	Ø	Ø	Ø	Ø	Ø	Ø	Ø	Ø	Ø	Ø	Ø	Ø	Ø	Ø	Ø	Ø	Ø	Ø	Ø	Ø	Ø	-	987:4	night
210	C	1	Ø	Ø	Ø	Ø	Ø	Ø	Ø	Ø	t	Ø	Ø	Ø	Ø	Ø	-	Ø	Ø	Ø	Ø	Ø	Ø	Ø	Ø	Ø	Ø	Ø	Ø	-	-	-	Ø	Ø	Ø	Ø	992:2	night
214	C	1	Ø	Ø	Ø	Ø	Ø	Ø	Ø	Ø	Ø	Ø	Ø	Ø	Ø	Ø	Ø	Ø	r	Ø	Ø	Ø	Ø	Ø	Ø	Ø	Ø	Ø	Ø	Ø	Ø	Ø	r	r	Ø	Ø	1022:3	nose
218	C	1	Ø	Ø	Ø	Ø	tsʰ	Ø	Ø	Ø	Ø	Ø	Ø	Ø	tʃ	Ø	Ø	Ø	Ø	ts	Ø	Ø	Ø	Ø	Ø	Ø	Ø	Ø	Ø	Ø	Ø	Ø	Ø	Ø	Ø	Ø	1040:0	not
227	C	1	Ø	Ø	Ø	ɾ	Ø	Ø	Ø	Ø	Ø	k	Ø	Ø	Ø	Ø	Ø	Ø	Ø	Ø	Ø	Ø	Ø	Ø	Ø	Ø	Ø	Ø	Ø	Ø	Ø	Ø	Ø	Ø	Ø	k	1093:4	one
229	C	1	Ø	Ø	Ø	Ø	ɾ	Ø	Ø	Ø	Ø	Ø	Ø	Ø	r	Ø	Ø	Ø	Ø	r	Ø	Ø	Ø	Ø	Ø	Ø	Ø	Ø	Ø	Ø	Ø	Ø	Ø	Ø	Ø	Ø	1107:0	here
231	C	1	Ø	Ø	Ø	m	Ø	Ø	Ø	Ø	Ø	n	Ø	Ø	Ø	Ø	Ø	Ø	Ø	Ø	Ø	Ø	Ø	Ø	Ø	Ø	Ø	Ø	Ø	Ø	Ø	Ø	Ø	Ø	Ø	k	1110:2	other
237	C	1	Ø	Ø	Ø	Ø	Ø	Ø	Ø	Ø	Ø	Ø	-	Ø	Ø	Ø	Ø	Ø	j	Ø	Ø	Ø	Ø	Ø	Ø	Ø	Ø	Ø	Ø	Ø	Ø	Ø	j	Ø	Ø	Ø	1248:4	root
238	C	1	Ø	Ø	Ø	s	Ø	Ø	Ø	Ø	Ø	t	Ø	Ø	Ø	Ø	Ø	Ø	Ø	Ø	Ø	Ø	Ø	Ø	Ø	Ø	Ø	Ø	Ø	Ø	Ø	Ø	Ø	Ø	Ø	t	1266:0	belly
239	C	1	Ø	Ø	Ø	ɾ	Ø	Ø	Ø	Ø	Ø	n	Ø	Ø	Ø	Ø	Ø	Ø	Ø	Ø	Ø	Ø	Ø	Ø	Ø	Ø	Ø	Ø	Ø	Ø	Ø	Ø	Ø	Ø	Ø	w	1266:2	belly
240	C	1	Ø	Ø	Ø	p	Ø	Ø	Ø	Ø	Ø	-	Ø	Ø	Ø	Ø	Ø	Ø	Ø	Ø	Ø	Ø	Ø	Ø	Ø	Ø	Ø	Ø	Ø	Ø	Ø	Ø	Ø	Ø	Ø	-	1269:0	rope
241	C	1	Ø	Ø	Ø	ʃ	Ø	Ø	Ø	Ø	Ø	-	Ø	Ø	Ø	Ø	Ø	Ø	Ø	Ø	Ø	Ø	Ø	Ø	Ø	Ø	Ø	Ø	Ø	Ø	Ø	Ø	Ø	Ø	Ø	-	1269:2	rope
245	C	1	Ø	Ø	tʃ	Ø	Ø	Ø	Ø	Ø	Ø	s	Ø	Ø	Ø	Ø	Ø	Ø	Ø	Ø	Ø	Ø	Ø	Ø	Ø	Ø	Ø	Ø	Ø	Ø	Ø	Ø	Ø	Ø	Ø	tʃ	1307:1	salt
246	C	1	Ø	Ø	Ø	Ø	j	Ø	Ø	Ø	Ø	Ø	Ø	Ø	j	Ø	Ø	Ø	Ø	j	Ø	Ø	Ø	Ø	Ø	Ø	Ø	Ø	Ø	Ø	Ø	Ø	Ø	Ø	Ø	Ø	1325:0	sand
249	C	1	Ø	Ø	Ø	Ø	Ø	Ø	Ø	Ø	Ø	Ø	Ø	Ø	Ø	Ø	n̥	Ø	Ø	Ø	Ø	Ø	Ø	Ø	Ø	Ø	Ø	Ø	Ø	Ø	n	n	Ø	Ø	Ø	Ø	1369:2	sea (ocean)
251	C	1	Ø	Ø	Ø	Ø	h.tʰʲ	Ø	Ø	Ø	Ø	Ø	Ø	Ø	t.tʲ	Ø	Ø	Ø	Ø	t.t	Ø	Ø	Ø	Ø	Ø	Ø	Ø	Ø	Ø	Ø	Ø	Ø	Ø	Ø	Ø	Ø	1388:1	see
258	C	1	Ø	Ø	Ø	Ø	mʲ	Ø	Ø	Ø	Ø	Ø	Ø	Ø	m	Ø	Ø	Ø	Ø	m	Ø	Ø	Ø	Ø	Ø	Ø	Ø	Ø	Ø	Ø	Ø	Ø	Ø	Ø	Ø	Ø	1607:0	snake
262	C	1	Ø	Ø	t	-	Ø	Ø	Ø	Ø	Ø	-	Ø	Ø	Ø	Ø	Ø	Ø	Ø	Ø	Ø	Ø	Ø	Ø	Ø	Ø	Ø	Ø	Ø	Ø	Ø	Ø	Ø	Ø	Ø	Ø	1689:0	stone
267	C	1	Ø	Ø	Ø	Ø	ʔ	Ø	Ø	Ø	Ø	Ø	Ø	Ø	ʔ.ɨ	Ø	Ø	Ø	Ø	ʔ	Ø	Ø	Ø	Ø	Ø	Ø	Ø	Ø	Ø	Ø	Ø	Ø	Ø	Ø	Ø	Ø	1733:2	sun
274	C	1	Ø	Ø	Ø	kʲ	Ø	Ø	Ø	Ø	Ø	kʲ	Ø	Ø	Ø	Ø	Ø	Ø	Ø	Ø	Ø	Ø	Ø	Ø	Ø	Ø	Ø	Ø	Ø	Ø	Ø	Ø	Ø	Ø	Ø	tʃ	1886:0	thou
280	C	1	Ø	Ø	Ø	r	Ø	Ø	Ø	Ø	Ø	r	Ø	Ø	Ø	Ø	Ø	Ø	Ø	Ø	Ø	Ø	Ø	Ø	Ø	Ø	Ø	Ø	Ø	Ø	Ø	Ø	Ø	Ø	Ø	r	2092:0	to drink
281	C	1	Ø	Ø	Ø	t	Ø	Ø	Ø	Ø	Ø	r	Ø	Ø	Ø	Ø	Ø	Ø	Ø	Ø	Ø	Ø	Ø	Ø	Ø	Ø	Ø	Ø	Ø	Ø	Ø	Ø	Ø	Ø	Ø	t	2092:2	to drink
282	C	1	Ø	Ø	Ø	Ø	h.tʃʰ	Ø	Ø	Ø	Ø	Ø	Ø	Ø	tʃ.tʃ	Ø	Ø	Ø	Ø	tʃ.tʃ	Ø	Ø	Ø	Ø	Ø	Ø	Ø	Ø	Ø	Ø	Ø	Ø	Ø	Ø	Ø	Ø	2119:2	to eat
287	C	1	Ø	Ø	Ø	p	Ø	Ø	Ø	Ø	Ø	m	Ø	Ø	Ø	Ø	Ø	Ø	Ø	Ø	Ø	Ø	Ø	Ø	Ø	Ø	Ø	Ø	Ø	Ø	Ø	Ø	Ø	Ø	Ø	p	2302:1	to hit
291	C	1	Ø	Ø	Ø	n	Ø	Ø	Ø	Ø	Ø	m	Ø	Ø	Ø	Ø	Ø	Ø	Ø	Ø	Ø	Ø	Ø	Ø	Ø	Ø	Ø	Ø	Ø	Ø	Ø	Ø	Ø	Ø	Ø	n	2382:0	blood
292	C	1	Ø	Ø	Ø	n	Ø	Ø	Ø	Ø	Ø	h	Ø	Ø	Ø	Ø	Ø	Ø	Ø	Ø	Ø	Ø	Ø	Ø	Ø	Ø	Ø	Ø	Ø	Ø	Ø	Ø	Ø	Ø	Ø	n	2382:2	blood
293	C	1	Ø	Ø	Ø	k	Ø	Ø	Ø	Ø	Ø	w	Ø	Ø	Ø	Ø	Ø	Ø	Ø	Ø	Ø	Ø	Ø	Ø	Ø	Ø	Ø	Ø	Ø	Ø	Ø	Ø	Ø	Ø	Ø	k	2407:1	to live
296	C	1	Ø	Ø	Ø	Ø	h.tʃʰ	Ø	Ø	Ø	Ø	Ø	Ø	Ø	s	Ø	Ø	Ø	Ø	t.ts	Ø	Ø	Ø	Ø	Ø	Ø	Ø	Ø	Ø	Ø	Ø	Ø	Ø	Ø	Ø	Ø	2678:1	to swim
300	C	1	Ø	Ø	kʲ	kʲ	Ø	Ø	Ø	Ø	Ø	k	Ø	Ø	Ø	Ø	Ø	Ø	Ø	Ø	Ø	Ø	Ø	Ø	k	Ø	Ø	Ø	Ø	Ø	Ø	Ø	Ø	Ø	Ø	Ø	2859:1	tooth (front rather than molar)
302	C	1	Ø	Ø	Ø	Ø	h	Ø	Ø	Ø	Ø	Ø	Ø	Ø	-	Ø	Ø	Ø	Ø	-	Ø	Ø	Ø	Ø	Ø	Ø	Ø	Ø	Ø	Ø	Ø	Ø	Ø	Ø	Ø	Ø	2860:3	tooth (front rather than molar)
305	C	1	Ø	Ø	Ø	Ø	kʰ	Ø	Ø	Ø	Ø	Ø	Ø	Ø	k.k	Ø	Ø	Ø	Ø	k	Ø	Ø	Ø	Ø	Ø	Ø	Ø	Ø	Ø	Ø	Ø	Ø	Ø	Ø	Ø	Ø	2901:0	two
306	C	1	Ø	Ø	Ø	Ø	Ø	Ø	Ø	Ø	Ø	Ø	Ø	Ø	Ø	Ø	Ø	Ø	m	Ø	Ø	Ø	Ø	Ø	Ø	Ø	Ø	Ø	Ø	Ø	Ø	Ø	-	-	Ø	Ø	2918:2	two
309	C	1	Ø	Ø	Ø	Ø	Ø	Ø	Ø	Ø	Ø	Ø	Ø	Ø	Ø	Ø	Ø	Ø	ɾ	Ø	Ø	Ø	Ø	Ø	Ø	Ø	Ø	Ø	Ø	Ø	Ø	Ø	r	r	Ø	Ø	2918:5	two
310	C	1	Ø	Ø	Ø	Ø	Ø	Ø	Ø	Ø	Ø	Ø	Ø	Ø	Ø	Ø	Ø	Ø	-	Ø	Ø	Ø	Ø	Ø	Ø	Ø	Ø	Ø	Ø	Ø	Ø	Ø	m	m	Ø	Ø	2918:7	two
311	C	1	Ø	Ø	m	m	Ø	Ø	Ø	Ø	Ø	-	Ø	Ø	Ø	Ø	Ø	Ø	Ø	Ø	Ø	Ø	Ø	Ø	Ø	Ø	Ø	Ø	Ø	Ø	Ø	Ø	Ø	Ø	Ø	Ø	2929:0	water
312	C	1	Ø	Ø	-	w	Ø	Ø	Ø	Ø	Ø	-	Ø	Ø	Ø	Ø	Ø	Ø	Ø	Ø	Ø	Ø	Ø	Ø	Ø	Ø	Ø	Ø	Ø	Ø	Ø	Ø	Ø	Ø	Ø	Ø	2929:2	water
313	C	1	Ø	Ø	Ø	Ø	kʰʲ	Ø	Ø	Ø	Ø	Ø	Ø	Ø	ʔ	Ø	Ø	Ø	Ø	-	Ø	Ø	Ø	Ø	Ø	Ø	Ø	Ø	Ø	Ø	Ø	Ø	Ø	Ø	Ø	Ø	2930:2	water
322	C	1	Ø	Ø	Ø	Ø	Ø	Ø	Ø	Ø	Ø	Ø	Ø	Ø	Ø	Ø	Ø	Ø	p	Ø	Ø	Ø	Ø	Ø	Ø	Ø	Ø	Ø	Ø	Ø	Ø	Ø	p	p	Ø	Ø	3061:2	white
323	C	1	Ø	Ø	Ø	Ø	Ø	Ø	Ø	Ø	Ø	Ø	Ø	Ø	Ø	Ø	Ø	Ø	s	Ø	Ø	Ø	Ø	Ø	Ø	Ø	Ø	Ø	Ø	Ø	Ø	Ø	s	ʃ	Ø	Ø	3061:4	white
325	C	1	Ø	Ø	Ø	Ø	Ø	Ø	Ø	Ø	Ø	Ø	Ø	Ø	Ø	Ø	Ø	Ø	j	Ø	Ø	Ø	Ø	Ø	Ø	Ø	Ø	Ø	Ø	Ø	Ø	Ø	-	l	Ø	Ø	3061:6	white
326	C	1	Ø	Ø	Ø	-	Ø	Ø	Ø	Ø	Ø	k	Ø	Ø	Ø	Ø	Ø	Ø	Ø	Ø	-	Ø	Ø	Ø	Ø	Ø	Ø	Ø	Ø	Ø	Ø	Ø	Ø	Ø	Ø	-	3073:4	who?
328	C	1	Ø	Ø	Ø	-	Ø	Ø	Ø	Ø	Ø	-	Ø	Ø	Ø	Ø	Ø	Ø	Ø	Ø	-	Ø	Ø	Ø	Ø	Ø	Ø	Ø	Ø	Ø	Ø	Ø	Ø	Ø	Ø	t	3073:6	who?
330	C	1	Ø	-	Ø	Ø	Ø	Ø	Ø	Ø	Ø	Ø	Ø	Ø	Ø	Ø	Ø	n	Ø	Ø	Ø	Ø	-	Ø	Ø	Ø	Ø	-	Ø	Ø	Ø	Ø	Ø	Ø	Ø	Ø	3113:4	wife
335	C	1	Ø	Ø	-	-	Ø	Ø	Ø	Ø	Ø	s	Ø	Ø	Ø	Ø	Ø	Ø	Ø	Ø	Ø	Ø	Ø	Ø	Ø	Ø	Ø	Ø	Ø	Ø	Ø	Ø	Ø	Ø	Ø	Ø	3184:2	woman
337	C	1	Ø	Ø	Ø	Ø	-	Ø	Ø	Ø	Ø	Ø	Ø	Ø	h	Ø	Ø	Ø	Ø	h	Ø	Ø	Ø	Ø	Ø	Ø	Ø	Ø	Ø	Ø	Ø	Ø	Ø	Ø	Ø	Ø	3229:0	worm
338	C	1	Ø	Ø	Ø	Ø	-	Ø	Ø	Ø	Ø	Ø	Ø	Ø	ʔ	Ø	Ø	Ø	Ø	ʔ	Ø	Ø	Ø	Ø	Ø	Ø	Ø	Ø	Ø	Ø	Ø	Ø	Ø	Ø	Ø	Ø	3229:2	worm
340	C	1	Ø	Ø	Ø	Ø	ʔ	Ø	Ø	Ø	Ø	Ø	Ø	Ø	ʔ	Ø	Ø	Ø	Ø	-	Ø	Ø	Ø	Ø	Ø	Ø	Ø	Ø	Ø	Ø	Ø	Ø	Ø	Ø	Ø	Ø	3242:3	ye
342	C	1	Ø	Ø	Ø	hʲ	Ø	Ø	Ø	Ø	Ø	j	Ø	Ø	Ø	Ø	Ø	Ø	Ø	Ø	Ø	Ø	Ø	Ø	Ø	Ø	Ø	Ø	Ø	Ø	Ø	Ø	Ø	Ø	Ø	hʲ	3265:5	year
343	C	1	Ø	Ø	Ø	Ø	h.kʰʲ	Ø	Ø	Ø	Ø	Ø	Ø	Ø	k	Ø	Ø	Ø	Ø	k	Ø	Ø	Ø	Ø	Ø	Ø	Ø	Ø	Ø	Ø	Ø	Ø	Ø	Ø	Ø	Ø	3266:2	year
346	C	1	Ø	Ø	Ø	Ø	Ø	Ø	Ø	Ø	Ø	Ø	Ø	Ø	Ø	Ø	Ø	Ø	m	Ø	Ø	Ø	Ø	Ø	Ø	Ø	Ø	Ø	Ø	Ø	Ø	Ø	b	m	Ø	Ø	3360:3	dog
347	C	1	Ø	Ø	Ø	Ø	Ø	Ø	Ø	Ø	Ø	Ø	Ø	Ø	Ø	Ø	Ø	Ø	j	Ø	Ø	Ø	Ø	Ø	Ø	Ø	Ø	Ø	Ø	Ø	Ø	Ø	-	∼	Ø	Ø	3360:5	dog
351	C	1	Ø	Ø	n	ɾ	Ø	Ø	Ø	Ø	Ø	n	Ø	Ø	Ø	Ø	Ø	Ø	Ø	Ø	Ø	Ø	Ø	Ø	Ø	Ø	Ø	Ø	Ø	Ø	Ø	Ø	Ø	Ø	Ø	-	3490:0	egg
353	C	1	Ø	Ø	d	ɾ	Ø	Ø	Ø	Ø	Ø	-	Ø	Ø	Ø	Ø	Ø	Ø	Ø	Ø	Ø	Ø	Ø	Ø	Ø	Ø	Ø	Ø	Ø	Ø	Ø	Ø	Ø	Ø	Ø	-	3490:2	egg
357	C	1	Ø	Ø	h.j	h.i	Ø	Ø	Ø	Ø	Ø	h	Ø	Ø	Ø	Ø	Ø	Ø	Ø	Ø	Ø	Ø	Ø	Ø	Ø	Ø	Ø	Ø	Ø	Ø	Ø	Ø	Ø	Ø	Ø	hʲ	3517:4	eye
358	C	1	Ø	Ø	Ø	Ø	Ø	Ø	Ø	Ø	Ø	Ø	Ø	Ø	Ø	Ø	h	Ø	Ø	Ø	Ø	Ø	Ø	Ø	Ø	Ø	Ø	Ø	Ø	h	θ	h	Ø	Ø	Ø	Ø	3538:1	eye
360	C	1	Ø	Ø	Ø	Ø	Ø	Ø	Ø	Ø	Ø	Ø	Ø	Ø	Ø	n	Ø	Ø	Ø	Ø	Ø	Ø	-	Ø	Ø	n	Ø	-	Ø	Ø	Ø	Ø	Ø	Ø	Ø	Ø	3559:3	far
363	C	1	Ø	Ø	Ø	Ø	Ø	Ø	Ø	Ø	Ø	Ø	Ø	Ø	Ø	Ø	Ø	Ø	Ø	Ø	Ø	Ø	-	Ø	Ø	p	Ø	-	Ø	Ø	Ø	Ø	Ø	Ø	Ø	Ø	3605:0	father
42	C	11	w	w	Ø	Ø	Ø	Ø	w	Ø	Ø	Ø	Ø	Ø	Ø	Ø	Ø	w	Ø	Ø	Ø	Ø	w	w	Ø	Ø	Ø	w	Ø	Ø	Ø	Ø	Ø	Ø	Ø	Ø	131:2, 300:1, 1225:0, 1306:0, 2991:0, 834:0, 3302:2, 1842:0, 2295:1, 3113:2, 3345:2	belly / day (opposite of night rather than time measure) / dog / foot / hand / mouth / salt / thin / to hit / what? / wife
49	C	4	w	w	Ø	Ø	Ø	Ø	Ø	Ø	Ø	Ø	Ø	Ø	Ø	Ø	Ø	Ø	Ø	Ø	Ø	Ø	-	Ø	Ø	Ø	Ø	-	Ø	Ø	Ø	Ø	Ø	Ø	Ø	Ø	3011:0, 3431:2, 1487:2, 2924:2	ear / skin (person's) / warm (of weather) / when?
334	C	1	w	w	Ø	Ø	Ø	Ø	Ø	Ø	Ø	Ø	Ø	Ø	Ø	Ø	Ø	Ø	Ø	Ø	Ø	Ø	-	Ø	Ø	Ø	Ø	w	Ø	Ø	Ø	Ø	Ø	Ø	Ø	Ø	3183:2	woman
137	C	1	v	w	Ø	Ø	Ø	Ø	Ø	Ø	Ø	Ø	Ø	Ø	Ø	Ø	Ø	Ø	Ø	Ø	Ø	Ø	w	Ø	Ø	Ø	Ø	w	Ø	Ø	Ø	Ø	Ø	Ø	Ø	Ø	1:0	I
272	C	1	tʲ	t	Ø	Ø	tʰʲ	Ø	Ø	Ø	Ø	Ø	Ø	Ø	t	Ø	Ø	Ø	Ø	t	Ø	Ø	Ø	Ø	Ø	Ø	Ø	t	Ø	Ø	Ø	Ø	Ø	Ø	t	Ø	1809:0	they
29	C	6	tʃ	tʃ	Ø	Ø	Ø	Ø	Ø	Ø	Ø	Ø	Ø	Ø	Ø	Ø	Ø	Ø	Ø	Ø	Ø	Ø	tʃ	Ø	Ø	Ø	Ø	tʃ	Ø	Ø	Ø	Ø	Ø	Ø	Ø	Ø	1077:1, 1087:4, 1109:4, 2959:1, 1264:0, 3514:0	bird / child (young person rather than as relationship term) / old / one / other / rope
183	C	1	tʃ	ʃ	Ø	Ø	Ø	Ø	Ø	Ø	Ø	Ø	Ø	Ø	Ø	Ø	Ø	Ø	Ø	Ø	Ø	Ø	Ø	Ø	Ø	Ø	Ø	ʃ	Ø	Ø	Ø	Ø	Ø	Ø	Ø	Ø	732:3	many
223	C	1	tʃ	m	Ø	Ø	Ø	Ø	Ø	Ø	Ø	Ø	Ø	Ø	Ø	Ø	Ø	Ø	Ø	Ø	Ø	Ø	tʃ	Ø	Ø	Ø	Ø	t	Ø	Ø	Ø	Ø	Ø	Ø	Ø	Ø	1087:0	one
230	C	1	tʃ	t	Ø	Ø	Ø	Ø	Ø	Ø	Ø	Ø	Ø	Ø	Ø	Ø	Ø	Ø	Ø	Ø	Ø	Ø	tʃ	Ø	Ø	Ø	Ø	t	Ø	Ø	Ø	Ø	Ø	Ø	Ø	Ø	1109:0	other
253	C	1	tʃ	-	Ø	Ø	Ø	Ø	Ø	Ø	Ø	Ø	Ø	Ø	Ø	Ø	Ø	Ø	Ø	Ø	Ø	Ø	tʃˀ	Ø	Ø	Ø	Ø	-	Ø	Ø	Ø	Ø	Ø	Ø	Ø	Ø	1447:6	short
297	C	1	tʃ	tʃ	Ø	Ø	Ø	Ø	Ø	Ø	Ø	Ø	Ø	Ø	Ø	Ø	Ø	Ø	Ø	Ø	Ø	Ø	tʃˀ	Ø	Ø	Ø	Ø	tʃ	Ø	Ø	Ø	Ø	Ø	Ø	Ø	Ø	2735:4	bone
74	C	26	ts	ts	Ø	Ø	h.kʰʲ	Ø	Ø	Ø	k	Ø	Ø	k	k	Ø	x	Ø	Ø	k.k	Ø	Ø	ts	Ø	Ø	Ø	Ø	ts	Ø	k	k	k	Ø	Ø	Ø	Ø	2941:2, 3261:0, 3261:2, 3550:0, 1183:2, 3302:0, 3576:1, 1124:2, 1842:2, 1208:2, 2924:0, 409:0, 640:0, 867:0, 1703:0, 3165:0, 3235:2, 3258:3, 714:0, 716:0, 716:2, 3357:2, 522:0, 796:0, 1247:2, 1728:2	I / back (person's) / cold (of weather) / day (opposite of night rather than time measure) / dog / heart / leg / name / not / person / right (hand) / river / root / sea (ocean) / stone / sun / thin / warm (of weather) / water / we / wing / worm / ye
216	C	1	ts	tʃ	Ø	Ø	Ø	Ø	Ø	Ø	Ø	Ø	Ø	Ø	Ø	Ø	Ø	Ø	Ø	Ø	Ø	Ø	tʃ	Ø	Ø	Ø	Ø	tʃ	Ø	Ø	Ø	Ø	Ø	Ø	Ø	Ø	1038:0	not
15	C	20	t	t	Ø	Ø	Ø	Ø	Ø	Ø	Ø	Ø	t	t	Ø	Ø	Ø	Ø	t	Ø	Ø	Ø	t	Ø	Ø	Ø	Ø	t	Ø	Ø	Ø	Ø	t	Ø	t	Ø	385:0, 385:3, 395:0, 693:0, 934:3, 1138:5, 1234:0, 1234:3, 1447:2, 1709:2, 3011:4, 3240:1, 3505:3, 732:5, 1901:5, 1168:2, 1826:5, 3028:0, 3546:0, 1248:2	animal / back (person's) / belly / bird / heart / louse / many / neck / red / right (correct) / root / short / straight / three / when? / where? / ye
51	C	3	t	t	Ø	Ø	Ø	Ø	Ø	Ø	Ø	Ø	Ø	Ø	Ø	Ø	Ø	Ø	Ø	Ø	Ø	dʒ	tʲ	Ø	Ø	Ø	Ø	t	Ø	Ø	Ø	Ø	Ø	Ø	Ø	Ø	461:1, 1235:3, 270:2	hair / how / road (or trail)
19	C	6	s	s	Ø	Ø	Ø	Ø	Ø	Ø	Ø	Ø	Ø	Ø	Ø	Ø	Ø	Ø	Ø	Ø	Ø	Ø	s	Ø	Ø	Ø	Ø	s	Ø	Ø	Ø	Ø	Ø	Ø	Ø	Ø	241:0, 936:0, 1447:0, 3129:2, 3512:0, 2070:4	bark / because / black / green / short / wind
18	C	10	r	h	Ø	Ø	Ø	ɾ	Ø	Ø	Ø	Ø	Ø	Ø	Ø	Ø	Ø	Ø	Ø	Ø	Ø	Ø	ɾ	Ø	Ø	Ø	Ø	r	Ø	Ø	Ø	Ø	Ø	Ø	Ø	Ø	664:0, 820:2, 2991:2, 3011:2, 3091:0, 1822:0, 3092:2, 120:2, 967:0, 3625:2	cloud / feather (larger feathers rather than down) / fog / long / mountain / new / thick / what? / when? / wide
39	C	4	r	ŋ	Ø	Ø	Ø	Ø	Ø	Ø	Ø	Ø	Ø	Ø	Ø	Ø	Ø	Ø	Ø	Ø	Ø	Ø	ɾ	Ø	Ø	Ø	Ø	r	Ø	Ø	Ø	Ø	Ø	Ø	Ø	Ø	192:5, 1447:4, 2899:4, 1183:4	good / right (hand) / short / two
121	C	2	r	h	Ø	Ø	Ø	Ø	Ø	Ø	Ø	Ø	Ø	Ø	Ø	Ø	Ø	Ø	Ø	Ø	Ø	Ø	r	Ø	Ø	Ø	Ø	r	Ø	Ø	Ø	Ø	Ø	Ø	Ø	Ø	1842:4, 2924:4	thin / warm (of weather)
142	C	1	r	ŋ	Ø	Ø	Ø	Ø	-	Ø	Ø	Ø	Ø	Ø	Ø	Ø	Ø	Ø	Ø	Ø	Ø	-	hˀ	Ø	Ø	Ø	Ø	r	Ø	Ø	Ø	Ø	Ø	Ø	Ø	Ø	97:5	flower
164	C	1	r	s	Ø	Ø	Ø	Ø	Ø	Ø	Ø	Ø	Ø	Ø	Ø	Ø	Ø	Ø	Ø	Ø	Ø	Ø	ɾ	Ø	Ø	Ø	Ø	r	Ø	Ø	Ø	Ø	Ø	Ø	Ø	Ø	461:4	how
202	C	1	r	Ø	Ø	Ø	Ø	Ø	Ø	Ø	Ø	Ø	Ø	Ø	Ø	Ø	Ø	Ø	Ø	Ø	Ø	Ø	-	Ø	Ø	Ø	Ø	-	Ø	Ø	Ø	Ø	Ø	Ø	Ø	Ø	863:2	name
8	C	16	p	p	Ø	Ø	Ø	Ø	Ø	Ø	Ø	Ø	Ø	Ø	Ø	Ø	Ø	Ø	Ø	Ø	Ø	Ø	p	Ø	Ø	p	Ø	p	Ø	Ø	Ø	Ø	Ø	Ø	Ø	Ø	192:0, 264:2, 647:3, 936:2, 1138:2, 1709:4, 2374:3, 3152:4, 1244:5, 1487:4, 1606:2, 216:2, 1901:3, 1264:2, 3044:0, 3605:2	bark / blood / father / good / grass / guts / liver / red / root / rope / skin (person's) / snake / straight / three / white / wing
158	C	1	p	p	Ø	Ø	Ø	Ø	Ø	Ø	Ø	Ø	Ø	Ø	Ø	Ø	Ø	Ø	Ø	Ø	Ø	Ø	p.ɨ	Ø	Ø	Ø	Ø	p	Ø	Ø	Ø	Ø	Ø	Ø	Ø	Ø	385:5	back (person's)
355	C	1	nʲ	n	Ø	Ø	Ø	Ø	Ø	Ø	Ø	Ø	Ø	Ø	Ø	Ø	Ø	Ø	Ø	Ø	Ø	Ø	n	Ø	Ø	Ø	Ø	n	Ø	Ø	Ø	Ø	Ø	Ø	Ø	Ø	3505:5	animal
53	C	59	n	n	n	Ø	p	n	n	Ø	Ø	-	n	n	b	Ø	n	ɲ	n	b	n	n	n	n	Ø	Ø	n	n	Ø	ɲ	ɲ	ɲ	n	n	ɲ	w	826:0, 1733:3, 2277:2, 2747:0, 3115:2, 3229:4, 3266:4, 3580:0, 49:0, 385:2, 528:0, 602:2, 758:0, 934:2, 1010:0, 1138:4, 1234:2, 1234:5, 1235:2, 1495:0, 1668:0, 1792:1, 2374:0, 2735:3, 2880:0, 2941:1, 3152:0, 3152:2, 3183:0, 3466:0, 3489:0, 3505:2, 235:0, 863:0, 1208:1, 1487:0, 1566:4, 1606:0, 1826:0, 1826:2, 1826:7, 834:2, 1183:1, 3576:0, 270:1, 343:0, 422:4, 567:0, 1046:0, 1124:1, 1247:0, 1248:0, 1777:1, 2840:2, 2856:1, 3113:0, 1022:1, 2918:0, 3360:0	animal / at / back (person's) / belly / bird / blood / bone / dog / earth (soil) / egg / fat (organic substance) / fish / hair / he / heavy / in / leaf / left (hand) / meat (flesh) / mountain / mouth / name / neck / nose / not / person / red / right (hand) / river / road (or trail) / root / sea (ocean) / skin (person's) / sky / smoke (of fire) / snake / stick (of wood) / sun / that / there / to hear / tongue / tooth (front rather than molar) / tree / two / water / wife / wing / woman / worm / year
102	C	6	n	d	Ø	Ø	Ø	tʃ	Ø	dz	Ø	Ø	t	Ø	Ø	Ø	Ø	Ø	Ø	Ø	Ø	Ø	n	Ø	Ø	Ø	Ø	n	Ø	Ø	Ø	Ø	Ø	Ø	Ø	Ø	131:0, 566:0, 3129:0, 216:0, 1808:0, 2857:0	foot / grass / leaf / they / tooth (front rather than molar) / wind
54	C	3	n	n	Ø	Ø	Ø	Ø	Ø	Ø	Ø	Ø	Ø	Ø	Ø	Ø	Ø	Ø	Ø	Ø	Ø	Ø	n.t	Ø	Ø	Ø	Ø	n	Ø	Ø	Ø	Ø	Ø	Ø	Ø	Ø	1560:2, 3489:4, 3302:4	big / day (opposite of night rather than time measure) / egg
161	C	1	n	∼	Ø	Ø	Ø	Ø	Ø	Ø	Ø	Ø	Ø	Ø	Ø	Ø	Ø	Ø	Ø	Ø	Ø	Ø	∼	Ø	Ø	Ø	Ø	∼	Ø	Ø	Ø	Ø	Ø	Ø	Ø	Ø	438:2	here
235	C	1	n	-	Ø	Ø	Ø	Ø	Ø	Ø	Ø	Ø	Ø	Ø	Ø	Ø	Ø	Ø	Ø	Ø	Ø	Ø	n	Ø	Ø	Ø	Ø	-	Ø	Ø	Ø	Ø	Ø	Ø	Ø	Ø	1138:7	red
266	C	1	n	t	Ø	Ø	Ø	Ø	Ø	Ø	Ø	Ø	Ø	Ø	Ø	Ø	Ø	Ø	Ø	Ø	Ø	Ø	n	Ø	Ø	Ø	Ø	n	Ø	Ø	Ø	Ø	Ø	Ø	Ø	Ø	1709:6	straight
298	C	1	n	d	Ø	Ø	Ø	Ø	Ø	Ø	Ø	Ø	Ø	Ø	Ø	Ø	Ø	Ø	Ø	Ø	Ø	Ø	ɲ	Ø	Ø	Ø	Ø	n	Ø	Ø	Ø	Ø	Ø	Ø	Ø	Ø	2833:1	tongue
321	C	1	n	w	Ø	Ø	Ø	Ø	Ø	Ø	Ø	Ø	Ø	Ø	Ø	Ø	Ø	Ø	Ø	Ø	Ø	Ø	-	Ø	Ø	Ø	Ø	-	Ø	Ø	Ø	Ø	-	Ø	Ø	Ø	3028:2	where?
304	C	1	mʲ	m	Ø	Ø	Ø	Ø	Ø	Ø	Ø	Ø	Ø	Ø	Ø	Ø	Ø	Ø	Ø	Ø	Ø	Ø	mʲ	Ø	Ø	Ø	Ø	m	Ø	Ø	Ø	Ø	Ø	Ø	Ø	Ø	2899:2	two
1	C	30	m	m	Ø	Ø	Ø	Ø	Ø	Ø	Ø	Ø	Ø	Ø	Ø	Ø	Ø	Ø	Ø	Ø	Ø	Ø	m	Ø	Ø	Ø	Ø	m	Ø	Ø	Ø	Ø	Ø	Ø	Ø	Ø	49:2, 241:2, 264:1, 528:2, 602:0, 625:0, 664:2, 693:2, 758:2, 820:0, 1495:4, 1668:2, 1885:1, 2374:2, 2880:2, 2928:2, 3091:2, 3213:3, 3240:3, 120:7, 235:2, 721:2, 1322:5, 1566:0, 1826:4, 1822:2, 3092:7, 1901:2, 1901:7, 967:2	at / bird / blood / cloud / fish / fog / green / guts / in / left (hand) / leg / long / louse / man (male human) / meat (flesh) / mountain / new / sand / sky / smoke (of fire) / stick (of wood) / thick / thou / three / tree / water / wide / woods / ye
108	C	3	m	b	Ø	Ø	Ø	Ø	Ø	Ø	Ø	Ø	Ø	Ø	Ø	Ø	Ø	Ø	Ø	Ø	Ø	Ø	m	Ø	Ø	Ø	Ø	m	Ø	Ø	Ø	Ø	Ø	Ø	-	Ø	362:0, 1168:0, 2070:0	black / head / right (correct)
336	C	1	kʲ	k	Ø	Ø	Ø	Ø	Ø	Ø	Ø	Ø	Ø	Ø	Ø	Ø	Ø	Ø	Ø	Ø	Ø	Ø	kʲ	Ø	Ø	Ø	Ø	k	Ø	Ø	Ø	Ø	Ø	Ø	Ø	Ø	3213:1	woods
30	C	56	k	k	k	k	kʰʲ	Ø	k	Ø	Ø	k	Ø	k	Ø	Ø	Ø	Ø	Ø	k	k	g	k	Ø	Ø	g	k	k	Ø	Ø	Ø	Ø	Ø	Ø	tʲ	k	49:4, 192:3, 241:4, 362:2, 625:2, 647:1, 758:5, 934:0, 1087:2, 1087:6, 1109:2, 1138:0, 1225:2, 1688:0, 1759:3, 2735:1, 3227:1, 3261:4, 3294:3, 3431:0, 3466:3, 3505:0, 120:5, 1244:0, 1244:3, 1322:3, 1566:2, 732:0, 1901:0, 3649:2, 2070:2, 3092:5, 3514:3, 97:3, 422:0, 512:0, 1168:4, 1264:4, 3546:3, 648:0, 1093:2, 1266:4, 1387:2, 1523:2, 1568:5, 2382:4, 2570:3, 2993:0, 3012:0, 363:3, 3490:4, 1128:0, 2737:2, 2929:4, 3073:0, 2720:2	animal / ashes / belly / bird / black / blood / bone / cloud / cold (of weather) / ear / earth (soil) / egg / fish / flower / fog / good / green / head / heavy / if / leg / liver / many / meat (flesh) / neck / one / other / person / red / right (correct) / root / rope / sand / see / sleep / smoke (of fire) / stone / tail / three / to spit / to throw / water / what? / when? / who? / worm / yellow
115	C	2	k	k	Ø	Ø	Ø	tʃ	t	Ø	Ø	Ø	Ø	Ø	Ø	Ø	Ø	Ø	Ø	Ø	Ø	t	k	Ø	Ø	Ø	Ø	k	Ø	Ø	Ø	Ø	Ø	Ø	Ø	Ø	365:2, 986:0	head / night
172	C	1	k	k	Ø	Ø	Ø	Ø	Ø	Ø	Ø	Ø	Ø	Ø	Ø	Ø	Ø	Ø	Ø	Ø	Ø	Ø	k	Ø	Ø	Ø	Ø	p	Ø	Ø	Ø	Ø	Ø	Ø	Ø	Ø	566:2	leaf
320	C	1	k	-	Ø	Ø	Ø	Ø	Ø	Ø	Ø	Ø	Ø	Ø	Ø	Ø	Ø	Ø	Ø	Ø	Ø	Ø	-	Ø	Ø	Ø	Ø	-	Ø	Ø	Ø	Ø	Ø	Ø	Ø	Ø	3011:6	when?
33	C	13	j	j	Ø	Ø	Ø	Ø	j	Ø	Ø	Ø	Ø	Ø	Ø	t	Ø	Ø	Ø	Ø	Ø	ð	j	Ø	Ø	dʑ	Ø	j	Ø	Ø	Ø	Ø	Ø	Ø	Ø	Ø	1495:2, 1642:0, 1688:2, 2928:0, 3071:0, 3294:0, 120:0, 1322:0, 3345:0, 3649:0, 97:0, 3092:0, 3559:0	ashes / cloud / dog / far / flower / fog / sand / sky / star / stone / water / who? / yellow
36	C	15	h	h	Ø	Ø	Ø	Ø	k	Ø	Ø	Ø	h	Ø	Ø	h	Ø	Ø	Ø	Ø	Ø	kˀ	h	Ø	Ø	ʔ	k	h	Ø	Ø	Ø	Ø	Ø	Ø	Ø	Ø	300:3, 438:0, 934:5, 1010:2, 1235:0, 1759:1, 2899:0, 3170:0, 3489:2, 3516:0, 18:0, 422:2, 3044:2, 3372:0, 3559:2	I / egg / eye / far / fire / hand / heavy / here / neck / nose / road (or trail) / tail / two / white / with (accompanying)
73	C	8	h	j	Ø	Ø	h	Ø	Ø	Ø	Ø	Ø	Ø	Ø	h	Ø	Ø	Ø	Ø	h	h	Ø	h	Ø	Ø	Ø	Ø	h	Ø	Ø	Ø	Ø	Ø	Ø	Ø	Ø	218:0, 487:2, 797:2, 811:2, 1498:0, 3306:3, 3468:0, 1866:0	day (opposite of night rather than time measure) / earth (soil) / grass / husband / mother / mountain / sky / this
152	C	1	h	-	Ø	Ø	Ø	Ø	Ø	Ø	Ø	Ø	Ø	Ø	Ø	Ø	Ø	Ø	Ø	Ø	Ø	Ø	h	Ø	Ø	Ø	Ø	h	Ø	Ø	Ø	Ø	Ø	Ø	Ø	Ø	264:4	guts
256	C	1	h	m	Ø	Ø	Ø	Ø	Ø	Ø	Ø	Ø	Ø	Ø	Ø	Ø	Ø	Ø	Ø	Ø	Ø	Ø	-	Ø	Ø	Ø	Ø	-	Ø	Ø	Ø	Ø	Ø	Ø	Ø	Ø	1560:0	big
163	C	1	-	h	Ø	Ø	Ø	Ø	Ø	Ø	Ø	Ø	Ø	Ø	Ø	Ø	Ø	Ø	Ø	Ø	Ø	Ø	-	Ø	Ø	Ø	Ø	-	Ø	Ø	Ø	Ø	Ø	Ø	Ø	Ø	461:3	how
254	C	1	-	-	Ø	Ø	Ø	Ø	Ø	Ø	Ø	Ø	Ø	Ø	Ø	Ø	Ø	Ø	Ø	Ø	Ø	Ø	pˀ	Ø	Ø	Ø	Ø	-	Ø	Ø	Ø	Ø	Ø	Ø	Ø	Ø	1495:5	sky
265	C	1	-	t	Ø	Ø	Ø	Ø	Ø	Ø	Ø	Ø	Ø	Ø	Ø	Ø	Ø	Ø	Ø	Ø	Ø	Ø	t	Ø	Ø	Ø	Ø	t	Ø	Ø	Ø	Ø	Ø	Ø	Ø	Ø	1709:0	straight
273	C	1	-	-	Ø	Ø	Ø	Ø	Ø	Ø	Ø	Ø	Ø	Ø	Ø	Ø	Ø	Ø	Ø	Ø	Ø	Ø	m	Ø	Ø	Ø	Ø	-	Ø	Ø	Ø	Ø	Ø	Ø	Ø	Ø	1851:0	all (of a number)
364	C	1	-	-	Ø	Ø	Ø	p	Ø	Ø	Ø	Ø	Ø	Ø	Ø	Ø	Ø	Ø	Ø	Ø	Ø	Ø	Ø	Ø	Ø	Ø	Ø	-	Ø	Ø	Ø	Ø	Ø	Ø	Ø	Ø	3625:0	feather (larger feathers rather than down)
