CogID	Node Type	Reconstructed State
1	Leaf	w i
2	Internal Node	k !í/i - -
2	Internal Node	k !í/i - -
2	Internal Node	k a n !̪ɨ̃́/ɨ
2	Internal Node	k !í/i - -
2	Internal Node	k !ú/u - e
2	Leaf	k a n !̪ɨ̃́/ɨ
2	Leaf	kʷ i hʲ a
2	Internal Node	k !í/i - -
2	Internal Node	x !õ/o - !ɯ̃/ɯ
2	Leaf	k !ú/u - e
2	Leaf	k u - i
2	Internal Node	k !í/i - -
2	Leaf	k a - -
2	Internal Node	x !õ/o - !ɯ̃/ɯ
2	Leaf	k ua - -
2	Internal Node	k !í/i - -
2	Leaf	k i h !á/a
2	Leaf	x !õ/o - !ɯ̃/ɯ
2	Leaf	k u - e
2	Internal Node	k !í/i - -
2	Leaf	kʷ a - -
2	Leaf	k !í/i - -
2	Leaf	x !õ/o - -
3	Internal Node	u - - - - u
3	Leaf	u - - - - u
3	Internal Node	o - - - - !ó/o
3	Leaf	o - - - - !ó/o
3	Leaf	!ú/u !ú/u h !ó/o ʔ o
9	Internal Node	n̥ !ó/o
9	Leaf	n̥ !ó/o
9	Leaf	n a
14	Internal Node	- a ʃ i
14	Internal Node	- a ʃ i
14	Internal Node	m a ʃ i
14	Internal Node	- a ʃ i
14	Leaf	m a t a
14	Leaf	m a ʃ i
14	Leaf	- a ʃ i
14	Internal Node	- a ʃ i
14	Leaf	- a ʃ !í/i
14	Leaf	- a ʃ i
14	Leaf	m !á/a ʃ i
16	Internal Node	p a - n - - - o
16	Internal Node	p a - n - - - o
16	Leaf	pʰ !á/a - n e !é/e r e
16	Leaf	p a - n - - - o
16	Leaf	ɸ !á/a !á/a n - - - o
26	Internal Node	n !á/a n a
26	Leaf	n !á/a n a
26	Leaf	n a n a
29	Internal Node	t !ú/u r ua
29	Leaf	t !ú/u r ua
29	Leaf	t u r a
40	Internal Node	k ʊ n t i n -
40	Leaf	k ʊ n t i n -
40	Leaf	k !æ̃/æ - d !ĩ/i g !ã/a
45	Internal Node	t !á/a ŋ k u
45	Internal Node	t !á/a ŋ k u
45	Leaf	t ɨ - k e
45	Leaf	t !á/a ŋ k u
45	Leaf	t a ŋ k u
52	Internal Node	j ʊ - k ʊ - - -
52	Internal Node	j ʊ - k ʊ - - -
52	Internal Node	j u ŋ k !ú/u n i m
52	Leaf	j ʊ - k ʊ - - -
52	Leaf	j u - k !ú̃ũ/uː - - -
52	Leaf	j u ŋ k !ú/u n i m
52	Leaf	j u n k u n i m
54	Internal Node	b a i g i i h ɨ
54	Internal Node	b a i g i i h ɨ
54	Leaf	p !á/a - tʃ i !í/i hʲ ɯ
54	Leaf	b a i g i i h ɨ
54	Leaf	b a i g !í/i !í/i h ɨ
66	Internal Node	h !í/i θ e ɸ o
66	Leaf	h !í/i θ e ɸ o
66	Leaf	h u θ e ɸ o
71	Internal Node	n u m
71	Internal Node	n u m
71	Leaf	n a m
71	Leaf	n u m
71	Leaf	n a m
72	Internal Node	β ɨ
72	Leaf	β ɨ
72	Leaf	β ɯ
73	Internal Node	h i n a
73	Leaf	h i n a
73	Leaf	h i ɲ a
75	Internal Node	k -
75	Leaf	k -
75	Leaf	k !ɨ́/i
76	Leaf	m o
79	Internal Node	t ʊ n - t ʊ p -
79	Internal Node	t ʊ n - t ʊ p -
79	Leaf	t u n - t u p ɨ
79	Internal Node	t ʊ n - t ʊ p -
79	Leaf	t æ k æ j a b æ
79	Leaf	t ʊ n - t ʊ p -
79	Leaf	t u n - t !ú/u p -
92	Internal Node	e m !ó/o d o
92	Leaf	e m !ó/o d o
92	Leaf	e m o d o
93	Leaf	h e !r/ɾ !á/a ɯ k ɯ
100	Internal Node	s !ɨɨ́/ɨː s a n a
100	Leaf	s !ɨɨ́/ɨː s a n a
100	Leaf	s e s aː k a
101	Internal Node	i m i t ɨ n o
101	Internal Node	i m i t ɨ n o
101	Leaf	!í/i m i tʰʲ !ɯ́/ɯ n e
101	Leaf	i m i t ɨ n o
101	Leaf	!í/i m i t ɨ n o
114	Internal Node	ɸ ɯ !é/e n !ì/i d e
114	Leaf	ɸ ɯ !é/e n !ì/i d e
114	Leaf	p u !é/e n !ì/i d e
118	Internal Node	s əɨ - p ɨ
118	Internal Node	s əɨ - p ɨ
118	Internal Node	s a ɨ p -
118	Leaf	s əɨ - p ɨ
118	Leaf	s !áa/aː - p -
118	Leaf	s a ɨ p -
118	Leaf	s a e p e
119	Internal Node	- - - m e e ʔ u
119	Internal Node	- - - m e e ʔ u
119	Leaf	k u u m !é/e !é/e ʔ u
119	Leaf	- - - m e e ʔ u
119	Leaf	- - - m !ɨ́/ɨ !ɨ́/ɨ ʔ o
131	Internal Node	i g !ó/o !r/ɾ a ɯ
131	Leaf	i g !ó/o !r/ɾ a ɯ
131	Leaf	i g o r aɯ -
145	Internal Node	t a n t a n
145	Leaf	t a n t a n
145	Leaf	t a n t !á/a n
147	Internal Node	i i ʔ - b a -
147	Internal Node	i i ʔ - b a -
147	Leaf	!í/i - - i b a -
147	Internal Node	i i ʔ - b a -
147	Leaf	!í/i - ʔ - p !á/a ɯ
147	Leaf	i i ʔ - b a -
147	Internal Node	!í/i - - !í/i b a -
147	Leaf	!í/i - - !í/i b a -
147	Leaf	!í/i - ʔ - p !á/a ɯ
160	Internal Node	h !é/e b - - e
160	Internal Node	h !é/e b - - e
160	Leaf	h !é/e b e k ɯ
160	Leaf	h !é/e b - - e
160	Leaf	h e b - - e
173	Internal Node	N/A
173	Internal Node	N/A
173	Leaf	N/A
173	Leaf	N/A
173	Internal Node	N/A
173	Leaf	N/A
173	Leaf	N/A
176	Internal Node	N/A
176	Internal Node	N/A
176	Leaf	N/A
176	Leaf	N/A
176	Leaf	N/A
178	Internal Node	N/A
178	Leaf	N/A
178	Leaf	N/A
193	Internal Node	N/A
193	Leaf	N/A
193	Leaf	N/A
194	Internal Node	N/A
194	Leaf	N/A
194	Leaf	N/A
195	Internal Node	N/A
195	Leaf	N/A
195	Leaf	N/A
198	Internal Node	N/A
198	Leaf	N/A
198	Leaf	N/A
199	Internal Node	N/A
199	Leaf	N/A
199	Leaf	N/A
215	Internal Node	N/A
215	Leaf	N/A
215	Leaf	N/A
225	Internal Node	N/A
225	Leaf	N/A
225	Leaf	N/A
226	Internal Node	N/A
226	Leaf	N/A
226	Leaf	N/A
227	Internal Node	N/A
227	Internal Node	N/A
227	Internal Node	N/A
227	Leaf	N/A
227	Leaf	N/A
227	Leaf	N/A
227	Leaf	N/A
237	Internal Node	N/A
237	Leaf	N/A
237	Leaf	N/A
244	Internal Node	N/A
244	Internal Node	N/A
244	Leaf	N/A
244	Leaf	N/A
244	Leaf	N/A
245	Internal Node	N/A
245	Leaf	N/A
245	Leaf	N/A
249	Internal Node	N/A
249	Leaf	N/A
249	Leaf	N/A
250	Leaf	N/A
259	Internal Node	N/A
259	Internal Node	N/A
259	Leaf	N/A
259	Internal Node	N/A
259	Internal Node	N/A
259	Leaf	N/A
259	Internal Node	N/A
259	Leaf	N/A
259	Leaf	N/A
259	Leaf	N/A
259	Leaf	N/A
273	Internal Node	N/A
273	Internal Node	N/A
273	Leaf	N/A
273	Leaf	N/A
273	Internal Node	N/A
273	Leaf	N/A
273	Leaf	N/A
274	Internal Node	N/A
274	Internal Node	N/A
274	Leaf	N/A
274	Leaf	N/A
274	Internal Node	N/A
274	Leaf	N/A
274	Leaf	N/A
275	Internal Node	N/A
275	Internal Node	N/A
275	Leaf	N/A
275	Leaf	N/A
275	Leaf	N/A
277	Internal Node	N/A
277	Leaf	N/A
277	Leaf	N/A
283	Internal Node	N/A
283	Leaf	N/A
283	Leaf	N/A
287	Leaf	N/A
293	Internal Node	N/A
293	Leaf	N/A
293	Leaf	N/A
302	Internal Node	N/A
302	Internal Node	N/A
302	Leaf	N/A
302	Leaf	N/A
302	Leaf	N/A
308	Internal Node	N/A
308	Leaf	N/A
308	Internal Node	N/A
308	Leaf	N/A
308	Leaf	N/A
309	Internal Node	N/A
309	Leaf	N/A
309	Leaf	N/A
317	Internal Node	N/A
317	Leaf	N/A
317	Leaf	N/A
322	Internal Node	N/A
322	Leaf	N/A
322	Leaf	N/A
327	Internal Node	N/A
327	Leaf	N/A
327	Leaf	N/A
329	Internal Node	N/A
329	Leaf	N/A
329	Leaf	N/A
330	Internal Node	N/A
330	Internal Node	N/A
330	Leaf	N/A
330	Leaf	N/A
330	Leaf	N/A
336	Internal Node	N/A
336	Internal Node	N/A
336	Leaf	N/A
336	Internal Node	N/A
336	Leaf	N/A
336	Leaf	N/A
336	Leaf	N/A
348	Internal Node	N/A
348	Internal Node	N/A
348	Leaf	N/A
348	Internal Node	N/A
348	Leaf	N/A
348	Internal Node	N/A
348	Leaf	N/A
348	Leaf	N/A
348	Leaf	N/A
357	Leaf	N/A
358	Internal Node	N/A
358	Leaf	N/A
358	Leaf	N/A
361	Internal Node	N/A
361	Leaf	N/A
361	Leaf	N/A
364	Internal Node	- - - - - j a w - a
364	Internal Node	- - - - - j a w - a
364	Leaf	t a ŋ k u j a w - !á/a
364	Internal Node	- - - - - j a w - a
364	Leaf	- - - - - j !ã/a w - !á̃ã/aː
364	Leaf	- - - - - j a w - a
364	Leaf	- - - - - j a w a a
367	Internal Node	- - ʔ u u ʔ i
367	Internal Node	- - ʔ u u ʔ i
367	Leaf	o o ʔ !í/i !í/i pʲ e
367	Leaf	- - ʔ u u ʔ i
367	Leaf	- - ʔ u i - -
369	Internal Node	n i p a o
369	Leaf	n i p a o
369	Leaf	n i b i -
374	Internal Node	h !õ/o ʔ x o
374	Internal Node	h !õ/o ʔ x o
374	Leaf	h i n - u
374	Leaf	h !õ/o ʔ x o
374	Internal Node	h !ɯ́/ɯ - k o
374	Leaf	h !ɯ́/ɯ - k o
374	Leaf	h ɯ - k o
376	Internal Node	n e - m e j
376	Leaf	n e - m e j
376	Leaf	n i a m !ĭ́/i -
386	Internal Node	p !á/a - -
386	Leaf	p !á/a - -
386	Leaf	b ʊ k ʊ
399	Internal Node	θ a ɸ !é/e !r/ɾ e d e
399	Internal Node	θ a ɸ !é/e !r/ɾ e d e
399	Leaf	t a p !é/e !r/ɾ e d e
399	Leaf	θ a ɸ !é/e !r/ɾ e d e
399	Leaf	θ a ɸ e r e d e
405	Internal Node	ts ɨ ɨ ʔ h e β a t ɨ n o
405	Internal Node	ts ɨ ɨ ʔ h e β a t ɨ n o
405	Leaf	tsʰ !ɯ́/ɯ - ʔ h !ɨ́/ɨ β a tʰ !ɯ́/ɯ n e
405	Leaf	ts ɨ ɨ ʔ h e β a t ɨ n o
405	Leaf	s !ɨ́/ɨ !ɨ́/ɨ h - e β a t ɨ n o
412	Internal Node	h !á/a i n i d e
412	Leaf	h !á/a i n i d e
412	Leaf	h ai - n i d e
414	Internal Node	h !ũ/u j !ú̃/u r -
414	Leaf	h !ũ/u j !ú̃/u r -
414	Leaf	h !ú/u j u - i
417	Internal Node	g i i h - ɨ
417	Internal Node	g i i h - ɨ
417	Leaf	tʃ !í/i - hʲ ɯ !ɯ́/ɯ
417	Leaf	g i i h - ɨ
417	Leaf	g !í/i i h - ɨ
419	Internal Node	i m ui - k ɯ - -
419	Internal Node	i m ui - k ɯ - -
419	Leaf	a m o - k a n -
419	Leaf	i m ui - k ɯ - -
419	Leaf	ɯ m !ú/u i t a - ɯ
429	Leaf	e n !ɯ́/ɯ tʃ o m a
433	Internal Node	k ʊ w i ʃ -
433	Internal Node	k ʊ w i ʃ -
433	Leaf	k u - i ʃ i
433	Leaf	k ʊ w i ʃ -
433	Internal Node	k u w !í/i ʃ -
433	Leaf	k u w !í/i ʃ -
433	Leaf	k u - i ʃ -
434	Internal Node	n u m o k o
434	Leaf	n u m o k o
434	Leaf	n o m !á/a k o
435	Internal Node	n ɨ - - m e e ʔ u
435	Internal Node	n ɨ - - m e e ʔ u
435	Leaf	n !ɯ́/ɯ - !ɯ́/ɯ m - ɨ ʔ o
435	Leaf	n ɨ - - m e e ʔ u
435	Leaf	n !ɨ́/ɨ h ɨ m e e ʔ u
439	Internal Node	- - o tʃ !ī/i
439	Leaf	- - o tʃ !ī/i
439	Leaf	ɨ d i tʃ !ú/u
447	Internal Node	m i t i w a
447	Leaf	m i t i w a
447	Leaf	- - t u w !a̠/a
453	Internal Node	h !é/e ɸ o
453	Internal Node	h !é/e ɸ o
453	Leaf	h e ɸ o
453	Leaf	h !é/e ɸ o
453	Leaf	h !é/e p o
459	Internal Node	n ʊ ŋ k a
459	Internal Node	n ʊ ŋ k a
459	Leaf	n !ú/u ŋ k a
459	Leaf	n ʊ ŋ k a
459	Leaf	n u ŋ k a
461	Internal Node	h i i n ɨ h e
461	Internal Node	h i i n ɨ h e
461	Leaf	- !í/i !í/i ɲ ɯ h ɨ
461	Leaf	h i i n ɨ h e
461	Leaf	h !í/i !í/i n ɨ h e
473	Internal Node	!é/e n ɯ - - e
473	Leaf	!é/e n ɯ - - e
473	Leaf	e n ɯ r u e
477	Internal Node	n ʊ h i n -
477	Internal Node	n ʊ h i n -
477	Internal Node	n u h i n t
477	Leaf	n ʊ h i n -
477	Leaf	n u h !í/i n -
477	Leaf	n u h i n t
477	Leaf	n u h i n -
480	Internal Node	i i ʔ - - ɨ
480	Leaf	i i ʔ - - ɨ
480	Leaf	!í/i !í/i ʔʲ !ɯ́/ɯ ɯ !ɯ́/ɯ
483	Internal Node	k a j o ʔ
483	Leaf	k a j o ʔ
483	Leaf	k a ð u ʔ
493	Internal Node	N/A
493	Leaf	N/A
493	Leaf	N/A
498	Internal Node	N/A
498	Internal Node	N/A
498	Internal Node	N/A
498	Leaf	N/A
498	Leaf	N/A
498	Leaf	N/A
498	Leaf	N/A
499	Internal Node	N/A
499	Internal Node	N/A
499	Leaf	N/A
499	Internal Node	N/A
499	Leaf	N/A
499	Leaf	N/A
499	Leaf	N/A
500	Internal Node	N/A
500	Internal Node	N/A
500	Leaf	N/A
500	Internal Node	N/A
500	Leaf	N/A
500	Internal Node	N/A
500	Internal Node	N/A
500	Leaf	N/A
500	Leaf	N/A
500	Leaf	N/A
500	Leaf	N/A
510	Internal Node	N/A
510	Internal Node	N/A
510	Leaf	N/A
510	Leaf	N/A
510	Leaf	N/A
516	Internal Node	u !í/i h ɯ
516	Leaf	u !í/i h ɯ
516	Leaf	ui - θ ɯ
522	Internal Node	a ɾ a p i
522	Leaf	a ɾ a p i
522	Leaf	- r i pʲ a
525	Internal Node	dʑ !ȁ/a ʔ n !à/a
525	Leaf	dʑ !ȁ/a ʔ n !à/a
525	Leaf	t i h n a
529	Internal Node	j a h !á/a
529	Leaf	j a h !á/a
529	Leaf	j a h a
534	Leaf	a !r/ɾ e
537	Leaf	h !ɯ́/ɯ k a
541	Internal Node	d ɨ ɨ r ɨ b a
541	Internal Node	d ɨ ɨ r ɨ b a
541	Leaf	t !ɯ́/ɯ !ɯ́/ɯ r ɯ p a
541	Leaf	d ɨ ɨ r ɨ b a
541	Leaf	d !ɨ́/ɨ ɨ r ɨ b a
552	Internal Node	- a k ɨ
552	Leaf	- a k ɨ
552	Leaf	kʷ a k !í/i
558	Internal Node	g i ʔ i r - - u
558	Leaf	g i ʔ i r - - u
558	Leaf	g !í/i ʔ !í/i r u b i
559	Internal Node	m !õõ/oː - -
559	Internal Node	m !õõ/oː - -
559	Internal Node	m !õõ/oː h !õ/o
559	Leaf	m !õõ/oː - -
559	Leaf	m oː - -
559	Leaf	m !õõ/oː h !õ/o
559	Leaf	m !óo/oː - -
562	Internal Node	p !ā/a p !a̋/a
562	Leaf	p !ā/a p !a̋/a
562	Internal Node	- a p !a̠/a
562	Leaf	- a p !a̠/a
562	Leaf	- a p a
568	Internal Node	k a a n i
568	Internal Node	k a a n i
568	Leaf	k !á/a !á/a n i
568	Leaf	k a a n i
568	Leaf	kʰ a a n i
570	Internal Node	ʊ h ɨ
570	Leaf	ʊ h ɨ
570	Internal Node	!ú/u r ɨ
570	Leaf	!ú/u r ɨ
570	Leaf	u r e
571	Internal Node	k a h a s i
571	Internal Node	k a h a s i
571	Internal Node	- - s !a̠/a s i
571	Internal Node	k a h a s i
571	Leaf	k a h !á/a s o
571	Leaf	- - s !a̠/a s i
571	Leaf	k a h aː kʷ a
571	Leaf	k a h a s i
571	Leaf	k a !h̃/h a s u
572	Internal Node	i h - e e n o
572	Internal Node	i h - e e n o
572	Leaf	!ɨ́/ɨ ʔ h - ɨ n e
572	Leaf	i h - e e n o
572	Leaf	!í/i h - !é/e e n e
575	Internal Node	a n p o ɾ o ʔ
575	Leaf	a n p o ɾ o ʔ
575	Leaf	a m b u l u ʔ
585	Internal Node	!óo/oː g o d o
585	Leaf	!óo/oː g o d o
585	Leaf	oː g o d o
598	Internal Node	- s !íí/iː t i ʔ
598	Leaf	- s !íí/iː t i ʔ
598	Leaf	i ʃ i tʃ i k
607	Internal Node	h a n o r e
607	Leaf	h a n o r e
607	Leaf	h !í/i - ɯ !r/ɾ e
613	Internal Node	N/A
613	Leaf	N/A
613	Leaf	N/A
614	Internal Node	N/A
614	Leaf	N/A
614	Leaf	N/A
615	Internal Node	N/A
615	Internal Node	N/A
615	Leaf	N/A
615	Leaf	N/A
615	Leaf	N/A
632	Internal Node	N/A
632	Leaf	N/A
632	Leaf	N/A
638	Internal Node	N/A
638	Internal Node	N/A
638	Leaf	N/A
638	Internal Node	N/A
638	Leaf	N/A
638	Leaf	N/A
638	Leaf	N/A
644	Internal Node	N/A
644	Leaf	N/A
644	Leaf	N/A
651	Internal Node	N/A
651	Leaf	N/A
651	Leaf	N/A
658	Internal Node	N/A
658	Internal Node	N/A
658	Leaf	N/A
658	Internal Node	N/A
658	Leaf	N/A
658	Leaf	N/A
658	Leaf	N/A
670	Internal Node	N/A
670	Leaf	N/A
670	Leaf	N/A
676	Internal Node	N/A
676	Internal Node	N/A
676	Internal Node	N/A
676	Internal Node	N/A
676	Internal Node	N/A
676	Leaf	N/A
676	Leaf	N/A
676	Leaf	N/A
676	Leaf	N/A
676	Leaf	N/A
676	Leaf	N/A
678	Internal Node	N/A
678	Internal Node	N/A
678	Leaf	N/A
678	Leaf	N/A
678	Internal Node	N/A
678	Leaf	N/A
678	Leaf	N/A
696	Internal Node	N/A
696	Leaf	N/A
696	Internal Node	N/A
696	Leaf	N/A
696	Leaf	N/A
697	Internal Node	N/A
697	Internal Node	N/A
697	Leaf	N/A
697	Leaf	N/A
697	Leaf	N/A
703	Internal Node	N/A
703	Internal Node	N/A
703	Leaf	N/A
703	Leaf	N/A
703	Leaf	N/A
706	Internal Node	N/A
706	Internal Node	N/A
706	Leaf	N/A
706	Internal Node	N/A
706	Internal Node	N/A
706	Leaf	N/A
706	Leaf	N/A
706	Leaf	N/A
706	Leaf	N/A
708	Internal Node	N/A
708	Internal Node	N/A
708	Leaf	N/A
708	Leaf	N/A
708	Leaf	N/A
711	Internal Node	N/A
711	Leaf	N/A
711	Leaf	N/A
722	Internal Node	N/A
722	Leaf	N/A
722	Leaf	N/A
729	Internal Node	N/A
729	Internal Node	N/A
729	Leaf	N/A
729	Leaf	N/A
729	Leaf	N/A
737	Internal Node	N/A
737	Internal Node	N/A
737	Leaf	N/A
737	Leaf	N/A
737	Leaf	N/A
742	Internal Node	N/A
742	Leaf	N/A
742	Leaf	N/A
748	Internal Node	N/A
748	Internal Node	N/A
748	Leaf	N/A
748	Leaf	N/A
748	Internal Node	N/A
748	Leaf	N/A
748	Leaf	N/A
750	Internal Node	N/A
750	Internal Node	N/A
750	Leaf	N/A
750	Internal Node	N/A
750	Leaf	N/A
750	Leaf	N/A
750	Leaf	N/A
762	Leaf	N/A
767	Internal Node	N/A
767	Internal Node	N/A
767	Leaf	N/A
767	Leaf	N/A
767	Leaf	N/A
768	Internal Node	N/A
768	Internal Node	N/A
768	Leaf	N/A
768	Leaf	N/A
768	Leaf	N/A
769	Internal Node	N/A
769	Internal Node	N/A
769	Leaf	N/A
769	Leaf	N/A
769	Leaf	N/A
783	Internal Node	N/A
783	Leaf	N/A
783	Leaf	N/A
787	Internal Node	N/A
787	Internal Node	N/A
787	Leaf	N/A
787	Leaf	N/A
787	Internal Node	N/A
787	Leaf	N/A
787	Leaf	N/A
788	Internal Node	N/A
788	Leaf	N/A
788	Leaf	N/A
789	Internal Node	N/A
789	Internal Node	N/A
789	Leaf	N/A
789	Leaf	N/A
789	Leaf	N/A
803	Internal Node	N/A
803	Leaf	N/A
803	Leaf	N/A
807	Internal Node	N/A
807	Internal Node	N/A
807	Leaf	N/A
807	Leaf	N/A
807	Leaf	N/A
812	Internal Node	N/A
812	Internal Node	N/A
812	Internal Node	N/A
812	Leaf	N/A
812	Leaf	N/A
812	Internal Node	N/A
812	Internal Node	N/A
812	Leaf	N/A
812	Leaf	N/A
812	Leaf	N/A
812	Leaf	N/A
835	Internal Node	ʊ w ɨ h -
835	Internal Node	ʊ w ɨ h -
835	Internal Node	ɨ w ɨ h ɨ
835	Leaf	ʊ w ɨ h -
835	Leaf	!ũ/u w !é̃/ɨ h -
835	Leaf	ɨ w ɨ h ɨ
835	Leaf	e w e h -
836	Internal Node	- ʔ u t ts - e
836	Internal Node	- ʔ u t ts - e
836	Leaf	- - !ú/u - s - e
836	Internal Node	- ʔ u t ts - e
836	Leaf	- ʔ !ó/o h tsʰ ɨ !ɨ́/ɨ
836	Leaf	- ʔ u t ts - e
836	Leaf	a w a - ʃ - !í/i
841	Internal Node	- o n̥ !õõ/oː - - -
841	Internal Node	- o n̥ !õõ/oː - - -
841	Leaf	g a n o a g !á/a
841	Internal Node	- o n̥ !õõ/oː - - -
841	Internal Node	- o n̥ !õõ/oː - p o
841	Internal Node	- o n̥ !õõ/oː - - -
841	Leaf	- !ó/o n o ɯ - -
841	Internal Node	- o n̥ !õõ/oː - p o
841	Leaf	k u n - i - a
841	Leaf	- o n̥ !õõ/oː - - -
841	Leaf	- o n oɯ - - -
841	Leaf	- o n̥ !õõ/oː - p o
841	Leaf	- o n o - dʒ ɯ
842	Internal Node	k u r i k a
842	Leaf	k u r i k a
842	Leaf	k u r u h a
858	Internal Node	n u
858	Internal Node	n u
858	Leaf	ɲ a
858	Leaf	n u
858	Internal Node	n i
858	Leaf	n i
858	Leaf	n au
859	Internal Node	- - a a n ɨ ɨ
859	Leaf	- - a a n ɨ ɨ
859	Internal Node	- - !á/a !á/a n ɯ !ɯ́/ɯ
859	Leaf	- - !á/a !á/a n ɯ !ɯ́/ɯ
859	Leaf	!á/a h !á/a a n - ɨ
862	Internal Node	a ʔ iː m̥ - a
862	Internal Node	a ʔ iː m̥ - a
862	Leaf	- - i m ɯ e
862	Internal Node	a ʔ iː m̥ - a
862	Internal Node	- - ɯː m̥ - a
862	Leaf	a ʔ iː m̥ - a
862	Leaf	a ɸ !é/e m ɯ e
862	Leaf	- - ɯː m̥ - a
862	Leaf	a p !é/e m - a
863	Internal Node	td !ú/u
863	Leaf	td !ú/u
863	Leaf	d a
864	Internal Node	!áu/au
864	Leaf	!áu/au
864	Leaf	au
865	Internal Node	d i i b o
865	Internal Node	d i i b o
865	Leaf	t i !í/i pʲ e
865	Leaf	d i i b o
865	Leaf	d !í/i i b o
868	Internal Node	b ʊː - k -
868	Internal Node	b ʊː - k -
868	Leaf	m !úu/uː - k a
868	Leaf	b ʊː - k -
868	Internal Node	m !úu/uː - k -
868	Leaf	m !úu/uː - k -
868	Leaf	m u u k e
869	Internal Node	!á/a n - a k a -
869	Internal Node	!á/a n - a k a -
869	Leaf	- n - a k a -
869	Internal Node	!á/a n - a k a -
869	Internal Node	- n - i g a ɨ
869	Leaf	!á/a n - a k a -
869	Leaf	- n - !í/i g a ɨ
869	Internal Node	- n - i g a ɨ
869	Internal Node	- n !í/i !í/i kʷ a ɯ
869	Leaf	- n - i g a ɨ
869	Leaf	a n - a k a -
869	Leaf	- n !í/i !í/i kʷ a ɯ
869	Leaf	a n - a k !á/a -
870	Internal Node	m oː tʃ o -
870	Internal Node	m oː tʃ o -
870	Leaf	ɾ ai n o -
870	Internal Node	m oː tʃ o -
870	Leaf	m o t o ʔ
870	Leaf	m oː tʃ o -
870	Leaf	m u t u ʔ
874	Internal Node	- u k ɨ ɾ - - a
874	Internal Node	- u k ɨ ɾ - - a
874	Leaf	- - k i ɾ e - !ú/u
874	Internal Node	- u k ɨ ɾ - - a
874	Leaf	s u k i ɾ i - u
874	Leaf	- u k ɨ ɾ - - a
874	Leaf	dʒ u g e ɾ ɨ ʔ !ó/o
884	Internal Node	ɯ ɸ !ó/o k ɯ
884	Internal Node	ɯ ɸ !ó/o k ɯ
884	Leaf	!ɯ́/ɯ p o - -
884	Leaf	ɯ ɸ !ó/o k ɯ
884	Leaf	ɯ ɸ o g ɯ
887	Internal Node	a n ɨ n t - ɛi
887	Internal Node	a n ɨ n t - ɛi
887	Leaf	a n e n t a i
887	Internal Node	a n ɨ n t - ɛi
887	Leaf	- n i n t - !í/i
887	Leaf	a n ɨ n t - ɛi
887	Leaf	a n ɨ n t - !ái/ei
889	Internal Node	h e e b ɨ ɨ
889	Internal Node	h e e b ɨ ɨ
889	Leaf	- !ɨ́/ɨ !ɨ́/ɨ p ɯ ɯ
889	Leaf	h e e b ɨ ɨ
889	Leaf	h !é/e e b ɨ ɨ
892	Internal Node	n i n - o p i
892	Leaf	n i n - o p i
892	Leaf	ð i n l u p i
902	Internal Node	k o m !é/e k ɯ
902	Leaf	k o m !é/e k ɯ
902	Leaf	k o m e k ɯ
906	Internal Node	k i h i n
906	Internal Node	k i h i n
906	Leaf	k i h i n
906	Internal Node	k i h i n
906	Leaf	k ɨ k ɨ n
906	Leaf	k i h i n
906	Leaf	k !í/i h i n
907	Internal Node	iː n a n - a
907	Internal Node	iː n a n - a
907	Leaf	- n iː k i a
907	Leaf	iː n a n - a
907	Leaf	i ɲ a k - a
914	Internal Node	m !é/e !r/ɾ e d e
914	Leaf	m !é/e !r/ɾ e d e
914	Leaf	m e r e d e
917	Internal Node	j ʊ - i
917	Internal Node	j ʊ - i
917	Leaf	j u - -
917	Internal Node	j ʊ - i
917	Leaf	h !ú̃/u n i
917	Leaf	j ʊ - i
917	Leaf	h u - !í/i
919	Internal Node	h i n o - o r i
919	Internal Node	h i n o - o r i
919	Leaf	- !í/i ɲ e - !é/e r i
919	Internal Node	h i n o - o r i
919	Leaf	- a n !ṹ/u l a !ṛ/r a
919	Leaf	h i n o - o r i
919	Leaf	h i n !é/e - !é/e r i
921	Internal Node	i s ɨ k ɨ
921	Leaf	i s ɨ k ɨ
921	Leaf	a s ə ˀk -
924	Internal Node	b !á/a - - - -
924	Internal Node	b !á/a - - - -
924	Leaf	b e n o m o
924	Internal Node	b !á/a - - - -
924	Internal Node	b !ɯ̃́/ɯ - - - -
924	Leaf	b !á/a - - - -
924	Leaf	b e n - - !é/e
924	Leaf	b !ɯ̃́/ɯ - - - -
924	Leaf	b e n - - !ó/o
931	Internal Node	i t - !ú/u r
931	Leaf	i t - !ú/u r
931	Leaf	i t i !ú/u ɾ
932	Internal Node	w a h ʊ k
932	Leaf	w a h ʊ k
932	Leaf	- u r u k
934	Internal Node	m ɨ ʔ - ɨ
934	Internal Node	m ɨ ʔ - ɨ
934	Leaf	m ɯ ʔ t ɯ
934	Leaf	m ɨ ʔ - ɨ
934	Leaf	m !ɨ́/ɨ - dʒ ɨ
946	Internal Node	n !ɯ́/ɯ e θ e
946	Leaf	n !ɯ́/ɯ e θ e
946	Leaf	n ɯ e θ e
952	Internal Node	- !ái/ɨi ʃ r i
952	Leaf	- !ái/ɨi ʃ r i
952	Leaf	a i ʃ r i
953	Internal Node	t a h e
953	Internal Node	t a h e
953	Leaf	tʰ a h ɨ
953	Leaf	t a h e
953	Leaf	t !á/a h e
959	Internal Node	- !õõ/oː n a
959	Leaf	- !õõ/oː n a
959	Internal Node	ɯ !ì/i n i
959	Leaf	ɯ !ì/i n i
959	Leaf	- ɯ n i
960	Internal Node	ɲ i w !ā́/a n a
960	Leaf	ɲ i w !ā́/a n a
960	Leaf	s a w a n u
976	Leaf	k a
979	Internal Node	ʔ a tʃ tʃ i i h ɨ
979	Internal Node	ʔ a tʃ tʃ i i h ɨ
979	Leaf	ʔ a h tʃʰ !í/i !í/i hʲ ɯ
979	Leaf	ʔ a tʃ tʃ i i h ɨ
979	Leaf	- a tʃ tʃ - i h ɨ
982	Internal Node	_ _
982	Internal Node	_ _
982	Leaf	N/A
982	Internal Node	_ _
982	Internal Node	N/A
982	Internal Node	N/A
982	Leaf	ʃ a
982	Leaf	N/A
982	Leaf	N/A
982	Leaf	N/A
982	Leaf	N/A
984	Internal Node	N/A
984	Internal Node	N/A
984	Leaf	N/A
984	Leaf	N/A
984	Leaf	N/A
986	Internal Node	N/A
986	Internal Node	N/A
986	Leaf	N/A
986	Leaf	N/A
986	Leaf	N/A
987	Internal Node	N/A
987	Leaf	N/A
987	Internal Node	N/A
987	Leaf	N/A
987	Leaf	N/A
988	Internal Node	N/A
988	Leaf	N/A
988	Leaf	N/A
991	Leaf	N/A
994	Internal Node	N/A
994	Leaf	N/A
994	Leaf	N/A
997	Internal Node	N/A
997	Internal Node	N/A
997	Leaf	N/A
997	Leaf	N/A
997	Leaf	N/A
1008	Internal Node	N/A
1008	Leaf	N/A
1008	Leaf	N/A
1012	Internal Node	N/A
1012	Internal Node	N/A
1012	Internal Node	N/A
1012	Leaf	N/A
1012	Leaf	N/A
1012	Leaf	N/A
1012	Leaf	N/A
1013	Internal Node	N/A
1013	Internal Node	N/A
1013	Internal Node	N/A
1013	Leaf	N/A
1013	Leaf	N/A
1013	Leaf	N/A
1013	Leaf	N/A
1015	Internal Node	N/A
1015	Internal Node	N/A
1015	Leaf	N/A
1015	Internal Node	N/A
1015	Leaf	N/A
1015	Internal Node	N/A
1015	Leaf	N/A
1015	Leaf	N/A
1015	Leaf	N/A
1016	Internal Node	N/A
1016	Leaf	N/A
1016	Leaf	N/A
1022	Internal Node	N/A
1022	Internal Node	N/A
1022	Leaf	N/A
1022	Internal Node	N/A
1022	Internal Node	N/A
1022	Leaf	N/A
1022	Leaf	N/A
1022	Leaf	N/A
1022	Leaf	N/A
1034	Internal Node	N/A
1034	Leaf	N/A
1034	Internal Node	N/A
1034	Leaf	N/A
1034	Leaf	N/A
1036	Internal Node	N/A
1036	Internal Node	N/A
1036	Leaf	N/A
1036	Leaf	N/A
1036	Leaf	N/A
1046	Internal Node	N/A
1046	Internal Node	N/A
1046	Leaf	N/A
1046	Leaf	N/A
1046	Leaf	N/A
1050	Internal Node	N/A
1050	Leaf	N/A
1050	Leaf	N/A
1062	Internal Node	N/A
1062	Leaf	N/A
1062	Leaf	N/A
1067	Internal Node	N/A
1067	Internal Node	N/A
1067	Leaf	N/A
1067	Leaf	N/A
1067	Leaf	N/A
1068	Internal Node	N/A
1068	Internal Node	N/A
1068	Leaf	N/A
1068	Leaf	N/A
1068	Leaf	N/A
1069	Internal Node	N/A
1069	Internal Node	N/A
1069	Leaf	N/A
1069	Leaf	N/A
1069	Leaf	N/A
1071	Internal Node	N/A
1071	Leaf	N/A
1071	Leaf	N/A
1078	Internal Node	N/A
1078	Internal Node	N/A
1078	Leaf	N/A
1078	Leaf	N/A
1078	Leaf	N/A
1081	Internal Node	N/A
1081	Internal Node	N/A
1081	Leaf	N/A
1081	Leaf	N/A
1081	Leaf	N/A
1083	Internal Node	N/A
1083	Leaf	N/A
1083	Internal Node	N/A
1083	Leaf	N/A
1083	Leaf	N/A
1088	Internal Node	N/A
1088	Leaf	N/A
1088	Leaf	N/A
1089	Internal Node	N/A
1089	Internal Node	N/A
1089	Leaf	N/A
1089	Internal Node	N/A
1089	Leaf	N/A
1089	Leaf	N/A
1089	Leaf	N/A
1099	Internal Node	N/A
1099	Leaf	N/A
1099	Leaf	N/A
1103	Internal Node	N/A
1103	Internal Node	N/A
1103	Leaf	N/A
1103	Internal Node	N/A
1103	Internal Node	N/A
1103	Leaf	N/A
1103	Leaf	N/A
1103	Leaf	N/A
1103	Leaf	N/A
1104	Internal Node	N/A
1104	Internal Node	N/A
1104	Leaf	N/A
1104	Internal Node	N/A
1104	Leaf	N/A
1104	Leaf	N/A
1104	Leaf	N/A
1105	Internal Node	N/A
1105	Internal Node	N/A
1105	Leaf	N/A
1105	Leaf	N/A
1105	Leaf	N/A
1113	Internal Node	N/A
1113	Leaf	N/A
1113	Leaf	N/A
1116	Internal Node	N/A
1116	Internal Node	N/A
1116	Leaf	N/A
1116	Leaf	N/A
1116	Leaf	N/A
1125	Internal Node	N/A
1125	Leaf	N/A
1125	Leaf	N/A
1129	Internal Node	N/A
1129	Internal Node	N/A
1129	Leaf	N/A
1129	Leaf	N/A
1129	Leaf	N/A
1141	Internal Node	N/A
1141	Leaf	N/A
1141	Leaf	N/A
1147	Internal Node	N/A
1147	Leaf	N/A
1147	Internal Node	N/A
1147	Leaf	N/A
1147	Leaf	N/A
1154	Internal Node	N/A
1154	Internal Node	N/A
1154	Leaf	N/A
1154	Internal Node	N/A
1154	Leaf	N/A
1154	Internal Node	N/A
1154	Leaf	N/A
1154	Leaf	N/A
1154	Internal Node	N/A
1154	Leaf	N/A
1154	Leaf	N/A
1157	Internal Node	N/A
1157	Leaf	N/A
1157	Leaf	N/A
1162	Internal Node	N/A
1162	Internal Node	N/A
1162	Internal Node	N/A
1162	Leaf	N/A
1162	Internal Node	N/A
1162	Leaf	N/A
1162	Leaf	N/A
1162	Leaf	N/A
1162	Leaf	N/A
1163	Internal Node	N/A
1163	Internal Node	N/A
1163	Leaf	N/A
1163	Leaf	N/A
1163	Leaf	N/A
1173	Internal Node	N/A
1173	Internal Node	N/A
1173	Leaf	N/A
1173	Leaf	N/A
1173	Internal Node	N/A
1173	Leaf	N/A
1173	Leaf	N/A
1177	Internal Node	N/A
1177	Internal Node	N/A
1177	Leaf	N/A
1177	Leaf	N/A
1177	Leaf	N/A
1183	Internal Node	N/A
1183	Internal Node	N/A
1183	Leaf	N/A
1183	Leaf	N/A
1183	Leaf	N/A
1184	Internal Node	N/A
1184	Internal Node	N/A
1184	Leaf	N/A
1184	Leaf	N/A
1184	Leaf	N/A
1195	Internal Node	N/A
1195	Internal Node	N/A
1195	Leaf	N/A
1195	Leaf	N/A
1195	Leaf	N/A
1198	Internal Node	N/A
1198	Internal Node	N/A
1198	Leaf	N/A
1198	Leaf	N/A
1198	Leaf	N/A
1199	Internal Node	N/A
1199	Leaf	N/A
1199	Leaf	N/A
1201	Internal Node	N/A
1201	Leaf	N/A
1201	Leaf	N/A
1203	Internal Node	N/A
1203	Internal Node	N/A
1203	Leaf	N/A
1203	Leaf	N/A
1203	Leaf	N/A
1208	Internal Node	N/A
1208	Leaf	N/A
1208	Leaf	N/A
1212	Internal Node	N/A
1212	Internal Node	N/A
1212	Leaf	N/A
1212	Leaf	N/A
1212	Internal Node	N/A
1212	Leaf	N/A
1212	Leaf	N/A
1226	Internal Node	N/A
1226	Leaf	N/A
1226	Leaf	N/A
1229	Internal Node	N/A
1229	Internal Node	N/A
1229	Internal Node	N/A
1229	Internal Node	N/A
1229	Leaf	N/A
1229	Internal Node	N/A
1229	Leaf	N/A
1229	Leaf	N/A
1229	Leaf	N/A
1229	Leaf	N/A
1229	Leaf	N/A
1244	Internal Node	w a ŋ k !á/a r m a tʃ u
1244	Leaf	w a ŋ k !á/a r m a tʃ u
1244	Leaf	w a n k a r m a tʃ u
1247	Internal Node	i i h - - e
1247	Internal Node	i i h - - e
1247	Leaf	ɨ ɨ h - - !ɨ́/ɨ
1247	Leaf	i i h - - e
1247	Leaf	!í/i !í/i h e n e
1256	Leaf	!r/ɾ ɯ dʒ !í/i !r/ɾ e d e
1274	Internal Node	!á/a ɯ n o !r/ɾ i
1274	Internal Node	!á/a ɯ n o !r/ɾ i
1274	Leaf	i a n o r i
1274	Internal Node	!á/a ɯ n o !r/ɾ i
1274	Internal Node	!í/i a n o !r/ɾ i
1274	Leaf	!á/a ɯ n o !r/ɾ i
1274	Leaf	a !ɯ́/ɯ n o m o
1274	Leaf	!í/i a n o !r/ɾ i
1274	Leaf	i !á/a n o !r/ɾ i
1278	Internal Node	N/A
1278	Internal Node	N/A
1278	Leaf	N/A
1278	Leaf	N/A
1278	Leaf	N/A
1280	Internal Node	N/A
1280	Internal Node	N/A
1280	Leaf	N/A
1280	Leaf	N/A
1280	Leaf	N/A
1283	Internal Node	N/A
1283	Leaf	N/A
1283	Leaf	N/A
1286	Internal Node	N/A
1286	Internal Node	N/A
1286	Leaf	N/A
1286	Internal Node	N/A
1286	Leaf	N/A
1286	Internal Node	N/A
1286	Internal Node	N/A
1286	Leaf	N/A
1286	Leaf	N/A
1286	Leaf	N/A
1286	Leaf	N/A
1299	Internal Node	N/A
1299	Leaf	N/A
1299	Internal Node	N/A
1299	Leaf	N/A
1299	Leaf	N/A
1301	Internal Node	N/A
1301	Internal Node	N/A
1301	Leaf	N/A
1301	Leaf	N/A
1301	Internal Node	N/A
1301	Leaf	N/A
1301	Leaf	N/A
1310	Internal Node	N/A
1310	Leaf	N/A
1310	Leaf	N/A
1313	Internal Node	N/A
1313	Leaf	N/A
1313	Internal Node	N/A
1313	Leaf	N/A
1313	Leaf	N/A
1314	Internal Node	N/A
1314	Leaf	N/A
1314	Internal Node	N/A
1314	Leaf	N/A
1314	Leaf	N/A
1315	Internal Node	N/A
1315	Internal Node	N/A
1315	Leaf	N/A
1315	Leaf	N/A
1315	Leaf	N/A
1321	Internal Node	N/A
1321	Internal Node	N/A
1321	Internal Node	N/A
1321	Internal Node	N/A
1321	Leaf	N/A
1321	Leaf	N/A
1321	Leaf	N/A
1321	Leaf	N/A
1321	Leaf	N/A
1322	Internal Node	N/A
1322	Leaf	N/A
1322	Leaf	N/A
1331	Internal Node	N/A
1331	Internal Node	N/A
1331	Leaf	N/A
1331	Internal Node	N/A
1331	Leaf	N/A
1331	Internal Node	N/A
1331	Leaf	N/A
1331	Internal Node	N/A
1331	Internal Node	N/A
1331	Internal Node	N/A
1331	Leaf	N/A
1331	Leaf	N/A
1331	Leaf	N/A
1331	Leaf	N/A
1331	Leaf	N/A
1332	Internal Node	N/A
1332	Internal Node	N/A
1332	Leaf	N/A
1332	Leaf	N/A
1332	Leaf	N/A
1335	Internal Node	N/A
1335	Leaf	N/A
1335	Leaf	N/A
1340	Internal Node	N/A
1340	Internal Node	N/A
1340	Leaf	N/A
1340	Leaf	N/A
1340	Internal Node	N/A
1340	Leaf	N/A
1340	Leaf	N/A
1352	Internal Node	N/A
1352	Internal Node	N/A
1352	Leaf	N/A
1352	Leaf	N/A
1352	Leaf	N/A
1354	Internal Node	N/A
1354	Internal Node	N/A
1354	Leaf	N/A
1354	Leaf	N/A
1354	Leaf	N/A
1359	Internal Node	N/A
1359	Internal Node	N/A
1359	Internal Node	N/A
1359	Leaf	N/A
1359	Leaf	N/A
1359	Internal Node	N/A
1359	Internal Node	N/A
1359	Leaf	N/A
1359	Leaf	N/A
1359	Internal Node	N/A
1359	Leaf	N/A
1359	Leaf	N/A
1359	Leaf	N/A
1364	Internal Node	N/A
1364	Internal Node	N/A
1364	Leaf	N/A
1364	Leaf	N/A
1364	Leaf	N/A
1368	Internal Node	N/A
1368	Internal Node	N/A
1368	Leaf	N/A
1368	Leaf	N/A
1368	Leaf	N/A
1383	Internal Node	N/A
1383	Leaf	N/A
1383	Leaf	N/A
1386	Internal Node	N/A
1386	Internal Node	N/A
1386	Leaf	N/A
1386	Internal Node	N/A
1386	Leaf	N/A
1386	Leaf	N/A
1386	Leaf	N/A
1389	Internal Node	N/A
1389	Internal Node	N/A
1389	Leaf	N/A
1389	Leaf	N/A
1389	Leaf	N/A
1392	Internal Node	N/A
1392	Internal Node	N/A
1392	Leaf	N/A
1392	Leaf	N/A
1392	Internal Node	N/A
1392	Leaf	N/A
1392	Leaf	N/A
1394	Internal Node	N/A
1394	Internal Node	N/A
1394	Leaf	N/A
1394	Leaf	N/A
1394	Leaf	N/A
1396	Internal Node	N/A
1396	Leaf	N/A
1396	Leaf	N/A
1398	Internal Node	N/A
1398	Internal Node	N/A
1398	Leaf	N/A
1398	Leaf	N/A
1398	Internal Node	N/A
1398	Internal Node	N/A
1398	Leaf	N/A
1398	Internal Node	N/A
1398	Leaf	N/A
1398	Leaf	N/A
1398	Leaf	N/A
1399	Internal Node	N/A
1399	Leaf	N/A
1399	Leaf	N/A
1400	Internal Node	N/A
1400	Internal Node	N/A
1400	Leaf	N/A
1400	Leaf	N/A
1400	Internal Node	N/A
1400	Leaf	N/A
1400	Leaf	N/A
1412	Internal Node	N/A
1412	Internal Node	N/A
1412	Leaf	N/A
1412	Leaf	N/A
1412	Internal Node	N/A
1412	Leaf	N/A
1412	Leaf	N/A
1413	Internal Node	N/A
1413	Internal Node	N/A
1413	Internal Node	N/A
1413	Leaf	N/A
1413	Internal Node	N/A
1413	Leaf	N/A
1413	Leaf	N/A
1413	Leaf	N/A
1413	Leaf	N/A
1414	Internal Node	N/A
1414	Internal Node	N/A
1414	Leaf	N/A
1414	Leaf	N/A
1414	Leaf	N/A
1424	Internal Node	N/A
1424	Internal Node	N/A
1424	Internal Node	N/A
1424	Leaf	N/A
1424	Leaf	N/A
1424	Leaf	N/A
1424	Leaf	N/A
1428	Internal Node	N/A
1428	Leaf	N/A
1428	Leaf	N/A
1431	Internal Node	N/A
1431	Leaf	N/A
1431	Leaf	N/A
1432	Internal Node	N/A
1432	Leaf	N/A
1432	Leaf	N/A
1442	Internal Node	N/A
1442	Internal Node	N/A
1442	Leaf	N/A
1442	Leaf	N/A
1442	Leaf	N/A
1444	Internal Node	N/A
1444	Leaf	N/A
1444	Leaf	N/A
1445	Internal Node	N/A
1445	Internal Node	N/A
1445	Leaf	N/A
1445	Leaf	N/A
1445	Leaf	N/A
1463	Internal Node	N/A
1463	Leaf	N/A
1463	Leaf	N/A
1468	Internal Node	N/A
1468	Leaf	N/A
1468	Internal Node	N/A
1468	Leaf	N/A
1468	Leaf	N/A
1470	Internal Node	N/A
1470	Leaf	N/A
1470	Internal Node	N/A
1470	Leaf	N/A
1470	Leaf	N/A
1474	Internal Node	N/A
1474	Leaf	N/A
1474	Leaf	N/A
1479	Internal Node	N/A
1479	Leaf	N/A
1479	Leaf	N/A
1481	Internal Node	N/A
1481	Leaf	N/A
1481	Leaf	N/A
1492	Internal Node	N/A
1492	Internal Node	N/A
1492	Leaf	N/A
1492	Leaf	N/A
1492	Leaf	N/A
1496	Internal Node	N/A
1496	Leaf	N/A
1496	Leaf	N/A
1499	Internal Node	N/A
1499	Internal Node	N/A
1499	Internal Node	N/A
1499	Leaf	N/A
1499	Leaf	N/A
1499	Leaf	N/A
1499	Leaf	N/A
1507	Internal Node	N/A
1507	Leaf	N/A
1507	Internal Node	N/A
1507	Leaf	N/A
1507	Leaf	N/A
1508	Internal Node	N/A
1508	Leaf	N/A
1508	Leaf	N/A
1515	Internal Node	N/A
1515	Internal Node	N/A
1515	Leaf	N/A
1515	Leaf	N/A
1515	Leaf	N/A
1518	Internal Node	N/A
1518	Leaf	N/A
1518	Leaf	N/A
1521	Internal Node	N/A
1521	Internal Node	N/A
1521	Leaf	N/A
1521	Leaf	N/A
1521	Leaf	N/A
1528	Internal Node	N/A
1528	Internal Node	N/A
1528	Leaf	N/A
1528	Leaf	N/A
1528	Leaf	N/A
1529	Internal Node	N/A
1529	Leaf	N/A
1529	Leaf	N/A
1530	Internal Node	N/A
1530	Internal Node	N/A
1530	Internal Node	N/A
1530	Leaf	N/A
1530	Internal Node	N/A
1530	Leaf	N/A
1530	Leaf	N/A
1530	Leaf	N/A
1530	Leaf	N/A
1531	Internal Node	N/A
1531	Internal Node	N/A
1531	Leaf	N/A
1531	Internal Node	N/A
1531	Leaf	N/A
1531	Leaf	N/A
1531	Leaf	N/A
1541	Internal Node	N/A
1541	Leaf	N/A
1541	Leaf	N/A
1545	Internal Node	N/A
1545	Leaf	N/A
1545	Leaf	N/A
1548	Internal Node	N/A
1548	Internal Node	N/A
1548	Leaf	N/A
1548	Leaf	N/A
1548	Leaf	N/A
1560	Internal Node	N/A
1560	Leaf	N/A
1560	Leaf	N/A
1564	Leaf	N/A
1565	Internal Node	N/A
1565	Internal Node	N/A
1565	Leaf	N/A
1565	Leaf	N/A
1565	Leaf	N/A
1566	Internal Node	N/A
1566	Internal Node	N/A
1566	Leaf	N/A
1566	Leaf	N/A
1566	Leaf	N/A
1567	Internal Node	N/A
1567	Internal Node	N/A
1567	Leaf	N/A
1567	Leaf	N/A
1567	Leaf	N/A
1577	Internal Node	N/A
1577	Leaf	N/A
1577	Internal Node	N/A
1577	Leaf	N/A
1577	Leaf	N/A
1580	Internal Node	N/A
1580	Internal Node	N/A
1580	Leaf	N/A
1580	Leaf	N/A
1580	Leaf	N/A
1581	Leaf	N/A
1582	Internal Node	N/A
1582	Internal Node	N/A
1582	Leaf	N/A
1582	Leaf	N/A
1582	Leaf	N/A
1583	Internal Node	N/A
1583	Leaf	N/A
1583	Internal Node	N/A
1583	Leaf	N/A
1583	Leaf	N/A
1589	Internal Node	N/A
1589	Internal Node	N/A
1589	Leaf	N/A
1589	Leaf	N/A
1589	Leaf	N/A
1593	Internal Node	N/A
1593	Leaf	N/A
1593	Leaf	N/A
1596	Internal Node	N/A
1596	Internal Node	N/A
1596	Leaf	N/A
1596	Leaf	N/A
1596	Leaf	N/A
1599	Internal Node	N/A
1599	Leaf	N/A
1599	Internal Node	N/A
1599	Leaf	N/A
1599	Leaf	N/A
1603	Internal Node	N/A
1603	Leaf	N/A
1603	Leaf	N/A
1608	Internal Node	N/A
1608	Leaf	N/A
1608	Leaf	N/A
1611	Internal Node	N/A
1611	Internal Node	N/A
1611	Leaf	N/A
1611	Internal Node	N/A
1611	Leaf	N/A
1611	Leaf	N/A
1611	Leaf	N/A
1615	Internal Node	N/A
1615	Leaf	N/A
1615	Leaf	N/A
1617	Internal Node	N/A
1617	Internal Node	N/A
1617	Leaf	N/A
1617	Leaf	N/A
1617	Internal Node	N/A
1617	Leaf	N/A
1617	Leaf	N/A
1623	Internal Node	N/A
1623	Leaf	N/A
1623	Leaf	N/A
1626	Internal Node	N/A
1626	Leaf	N/A
1626	Internal Node	N/A
1626	Leaf	N/A
1626	Leaf	N/A
1628	Internal Node	N/A
1628	Internal Node	N/A
1628	Internal Node	N/A
1628	Leaf	N/A
1628	Leaf	N/A
1628	Leaf	N/A
1628	Leaf	N/A
1629	Internal Node	N/A
1629	Internal Node	N/A
1629	Leaf	N/A
1629	Leaf	N/A
1629	Leaf	N/A
1630	Internal Node	N/A
1630	Internal Node	N/A
1630	Internal Node	N/A
1630	Internal Node	N/A
1630	Leaf	N/A
1630	Leaf	N/A
1630	Leaf	N/A
1630	Leaf	N/A
1630	Leaf	N/A
1641	Internal Node	N/A
1641	Internal Node	N/A
1641	Leaf	N/A
1641	Leaf	N/A
1641	Leaf	N/A
1642	Internal Node	N/A
1642	Internal Node	N/A
1642	Leaf	N/A
1642	Leaf	N/A
1642	Leaf	N/A
1647	Internal Node	N/A
1647	Leaf	N/A
1647	Leaf	N/A
1658	Leaf	N/A
1659	Internal Node	N/A
1659	Leaf	N/A
1659	Leaf	N/A
1662	Internal Node	N/A
1662	Leaf	N/A
1662	Leaf	N/A
1664	Internal Node	N/A
1664	Leaf	N/A
1664	Leaf	N/A
1665	Internal Node	N/A
1665	Internal Node	N/A
1665	Leaf	N/A
1665	Leaf	N/A
1665	Leaf	N/A
1675	Leaf	N/A
1681	Internal Node	N/A
1681	Leaf	N/A
1681	Leaf	N/A
1683	Internal Node	N/A
1683	Internal Node	N/A
1683	Leaf	N/A
1683	Leaf	N/A
1683	Leaf	N/A
1691	Internal Node	N/A
1691	Leaf	N/A
1691	Internal Node	N/A
1691	Leaf	N/A
1691	Leaf	N/A
1693	Internal Node	N/A
1693	Internal Node	N/A
1693	Leaf	N/A
1693	Leaf	N/A
1693	Internal Node	N/A
1693	Leaf	N/A
1693	Leaf	N/A
1695	Internal Node	N/A
1695	Internal Node	N/A
1695	Leaf	N/A
1695	Leaf	N/A
1695	Leaf	N/A
1710	Internal Node	N/A
1710	Leaf	N/A
1710	Internal Node	N/A
1710	Leaf	N/A
1710	Leaf	N/A
1717	Internal Node	N/A
1717	Leaf	N/A
1717	Leaf	N/A
1718	Internal Node	N/A
1718	Leaf	N/A
1718	Leaf	N/A
1729	Internal Node	N/A
1729	Internal Node	N/A
1729	Leaf	N/A
1729	Leaf	N/A
1729	Leaf	N/A
1732	Internal Node	N/A
1732	Leaf	N/A
1732	Leaf	N/A
1738	Internal Node	N/A
1738	Internal Node	N/A
1738	Leaf	N/A
1738	Leaf	N/A
1738	Internal Node	N/A
1738	Internal Node	N/A
1738	Leaf	N/A
1738	Leaf	N/A
1738	Leaf	N/A
1740	Internal Node	N/A
1740	Internal Node	N/A
1740	Leaf	N/A
1740	Leaf	N/A
1740	Leaf	N/A
1746	Internal Node	N/A
1746	Internal Node	N/A
1746	Leaf	N/A
1746	Leaf	N/A
1746	Internal Node	N/A
1746	Leaf	N/A
1746	Leaf	N/A
1757	Internal Node	N/A
1757	Internal Node	N/A
1757	Leaf	N/A
1757	Internal Node	N/A
1757	Leaf	N/A
1757	Leaf	N/A
1757	Leaf	N/A
1758	Internal Node	N/A
1758	Leaf	N/A
1758	Internal Node	N/A
1758	Leaf	N/A
1758	Leaf	N/A
1759	Internal Node	N/A
1759	Internal Node	N/A
1759	Leaf	N/A
1759	Leaf	N/A
1759	Leaf	N/A
1764	Internal Node	N/A
1764	Leaf	N/A
1764	Leaf	N/A
1769	Internal Node	N/A
1769	Leaf	N/A
1769	Leaf	N/A
1771	Internal Node	N/A
1771	Leaf	N/A
1771	Leaf	N/A
1775	Internal Node	N/A
1775	Internal Node	N/A
1775	Leaf	N/A
1775	Leaf	N/A
1775	Leaf	N/A
1776	Internal Node	N/A
1776	Internal Node	N/A
1776	Leaf	N/A
1776	Leaf	N/A
1776	Leaf	N/A
1791	Internal Node	N/A
1791	Leaf	N/A
1791	Leaf	N/A
1797	Internal Node	N/A
1797	Internal Node	N/A
1797	Leaf	N/A
1797	Leaf	N/A
1797	Leaf	N/A
1798	Internal Node	N/A
1798	Internal Node	N/A
1798	Leaf	N/A
1798	Leaf	N/A
1798	Leaf	N/A
1808	Internal Node	N/A
1808	Leaf	N/A
1808	Leaf	N/A
1809	Internal Node	N/A
1809	Leaf	N/A
1809	Leaf	N/A
1811	Internal Node	N/A
1811	Leaf	N/A
1811	Leaf	N/A
1814	Internal Node	N/A
1814	Internal Node	N/A
1814	Leaf	N/A
1814	Leaf	N/A
1814	Leaf	N/A
1825	Internal Node	N/A
1825	Leaf	N/A
1825	Leaf	N/A
1828	Internal Node	N/A
1828	Internal Node	N/A
1828	Leaf	N/A
1828	Leaf	N/A
1828	Leaf	N/A
1829	Internal Node	N/A
1829	Leaf	N/A
1829	Leaf	N/A
1830	Internal Node	N/A
1830	Internal Node	N/A
1830	Leaf	N/A
1830	Leaf	N/A
1830	Leaf	N/A
1841	Internal Node	N/A
1841	Leaf	N/A
1841	Leaf	N/A
1862	Internal Node	N/A
1862	Leaf	N/A
1862	Internal Node	N/A
1862	Leaf	N/A
1862	Leaf	N/A
1864	Internal Node	N/A
1864	Internal Node	N/A
1864	Leaf	N/A
1864	Leaf	N/A
1864	Leaf	N/A
1867	Internal Node	N/A
1867	Leaf	N/A
1867	Leaf	N/A
1871	Internal Node	N/A
1871	Internal Node	N/A
1871	Leaf	N/A
1871	Leaf	N/A
1871	Internal Node	N/A
1871	Leaf	N/A
1871	Leaf	N/A
1885	Internal Node	N/A
1885	Leaf	N/A
1885	Leaf	N/A
1886	Internal Node	N/A
1886	Internal Node	N/A
1886	Leaf	N/A
1886	Leaf	N/A
1886	Leaf	N/A
1887	Internal Node	N/A
1887	Internal Node	N/A
1887	Internal Node	N/A
1887	Internal Node	N/A
1887	Leaf	N/A
1887	Leaf	N/A
1887	Leaf	N/A
1887	Leaf	N/A
1887	Internal Node	N/A
1887	Leaf	N/A
1887	Leaf	N/A
1900	Internal Node	N/A
1900	Leaf	N/A
1900	Internal Node	N/A
1900	Leaf	N/A
1900	Leaf	N/A
1901	Internal Node	N/A
1901	Leaf	N/A
1901	Internal Node	N/A
1901	Leaf	N/A
1901	Leaf	N/A
1903	Internal Node	N/A
1903	Leaf	N/A
1903	Leaf	N/A
1906	Internal Node	N/A
1906	Leaf	N/A
1906	Leaf	N/A
1916	Internal Node	N/A
1916	Leaf	N/A
1916	Leaf	N/A
1921	Internal Node	N/A
1921	Internal Node	N/A
1921	Leaf	N/A
1921	Leaf	N/A
1921	Leaf	N/A
1923	Internal Node	N/A
1923	Internal Node	N/A
1923	Leaf	N/A
1923	Leaf	N/A
1923	Leaf	N/A
1928	Internal Node	N/A
1928	Leaf	N/A
1928	Leaf	N/A
1933	Internal Node	N/A
1933	Leaf	N/A
1933	Leaf	N/A
1937	Internal Node	N/A
1937	Internal Node	N/A
1937	Leaf	N/A
1937	Leaf	N/A
1937	Internal Node	N/A
1937	Leaf	N/A
1937	Leaf	N/A
1938	Internal Node	N/A
1938	Internal Node	N/A
1938	Leaf	N/A
1938	Leaf	N/A
1938	Leaf	N/A
1939	Internal Node	N/A
1939	Internal Node	N/A
1939	Leaf	N/A
1939	Leaf	N/A
1939	Leaf	N/A
1943	Internal Node	N/A
1943	Leaf	N/A
1943	Leaf	N/A
1948	Internal Node	N/A
1948	Leaf	N/A
1948	Leaf	N/A
1957	Internal Node	N/A
1957	Internal Node	N/A
1957	Leaf	N/A
1957	Leaf	N/A
1957	Leaf	N/A
1962	Internal Node	N/A
1962	Internal Node	N/A
1962	Leaf	N/A
1962	Leaf	N/A
1962	Leaf	N/A
1964	Internal Node	N/A
1964	Internal Node	N/A
1964	Leaf	N/A
1964	Leaf	N/A
1964	Leaf	N/A
1965	Internal Node	N/A
1965	Leaf	N/A
1965	Leaf	N/A
1973	Leaf	N/A
1977	Internal Node	N/A
1977	Internal Node	N/A
1977	Leaf	N/A
1977	Internal Node	N/A
1977	Leaf	N/A
1977	Internal Node	N/A
1977	Internal Node	N/A
1977	Internal Node	N/A
1977	Leaf	N/A
1977	Leaf	N/A
1977	Leaf	N/A
1977	Leaf	N/A
1977	Leaf	N/A
1979	Internal Node	N/A
1979	Internal Node	N/A
1979	Leaf	N/A
1979	Internal Node	N/A
1979	Leaf	N/A
1979	Internal Node	N/A
1979	Leaf	N/A
1979	Leaf	N/A
1979	Leaf	N/A
1986	Internal Node	N/A
1986	Leaf	N/A
1986	Leaf	N/A
1989	Internal Node	N/A
1989	Internal Node	N/A
1989	Leaf	N/A
1989	Internal Node	N/A
1989	Leaf	N/A
1989	Leaf	N/A
1989	Leaf	N/A
1991	Internal Node	N/A
1991	Internal Node	N/A
1991	Leaf	N/A
1991	Leaf	N/A
1991	Leaf	N/A
1993	Internal Node	N/A
1993	Internal Node	N/A
1993	Leaf	N/A
1993	Leaf	N/A
1993	Leaf	N/A
2000	Internal Node	N/A
2000	Internal Node	N/A
2000	Leaf	N/A
2000	Internal Node	N/A
2000	Internal Node	N/A
2000	Leaf	N/A
2000	Leaf	N/A
2000	Leaf	N/A
2000	Leaf	N/A
2005	Internal Node	N/A
2005	Internal Node	N/A
2005	Leaf	N/A
2005	Internal Node	N/A
2005	Internal Node	N/A
2005	Leaf	N/A
2005	Internal Node	N/A
2005	Leaf	N/A
2005	Leaf	N/A
2005	Internal Node	N/A
2005	Leaf	N/A
2005	Leaf	N/A
2005	Leaf	N/A
2006	Internal Node	N/A
2006	Internal Node	N/A
2006	Leaf	N/A
2006	Leaf	N/A
2006	Leaf	N/A
2013	Internal Node	N/A
2013	Leaf	N/A
2013	Leaf	N/A
2016	Internal Node	N/A
2016	Internal Node	N/A
2016	Internal Node	N/A
2016	Internal Node	N/A
2016	Internal Node	N/A
2016	Leaf	N/A
2016	Leaf	N/A
2016	Leaf	N/A
2016	Leaf	N/A
2016	Leaf	N/A
2016	Leaf	N/A
2020	Internal Node	N/A
2020	Leaf	N/A
2020	Leaf	N/A
2022	Internal Node	N/A
2022	Leaf	N/A
2022	Leaf	N/A
2024	Internal Node	N/A
2024	Internal Node	N/A
2024	Leaf	N/A
2024	Internal Node	N/A
2024	Leaf	N/A
2024	Leaf	N/A
2024	Internal Node	N/A
2024	Leaf	N/A
2024	Leaf	N/A
2026	Internal Node	N/A
2026	Internal Node	N/A
2026	Leaf	N/A
2026	Leaf	N/A
2026	Leaf	N/A
2031	Internal Node	N/A
2031	Leaf	N/A
2031	Internal Node	N/A
2031	Leaf	N/A
2031	Leaf	N/A
2042	Internal Node	N/A
2042	Internal Node	N/A
2042	Leaf	N/A
2042	Leaf	N/A
2042	Leaf	N/A
2045	Internal Node	N/A
2045	Internal Node	N/A
2045	Leaf	N/A
2045	Leaf	N/A
2045	Internal Node	N/A
2045	Leaf	N/A
2045	Leaf	N/A
2054	Internal Node	N/A
2054	Leaf	N/A
2054	Leaf	N/A
2058	Internal Node	N/A
2058	Internal Node	N/A
2058	Leaf	N/A
2058	Internal Node	N/A
2058	Internal Node	N/A
2058	Internal Node	N/A
2058	Leaf	N/A
2058	Leaf	N/A
2058	Leaf	N/A
2058	Leaf	N/A
2058	Leaf	N/A
2059	Internal Node	N/A
2059	Internal Node	N/A
2059	Leaf	N/A
2059	Leaf	N/A
2059	Leaf	N/A
2060	Internal Node	N/A
2060	Internal Node	N/A
2060	Leaf	N/A
2060	Internal Node	N/A
2060	Leaf	N/A
2060	Leaf	N/A
2060	Leaf	N/A
2062	Internal Node	N/A
2062	Leaf	N/A
2062	Leaf	N/A
2064	Internal Node	N/A
2064	Internal Node	N/A
2064	Internal Node	N/A
2064	Internal Node	N/A
2064	Leaf	N/A
2064	Leaf	N/A
2064	Leaf	N/A
2064	Internal Node	N/A
2064	Internal Node	N/A
2064	Leaf	N/A
2064	Leaf	N/A
2064	Leaf	N/A
2064	Leaf	N/A
2069	Internal Node	N/A
2069	Internal Node	N/A
2069	Leaf	N/A
2069	Leaf	N/A
2069	Leaf	N/A
2070	Internal Node	N/A
2070	Leaf	N/A
2070	Leaf	N/A
2071	Internal Node	N/A
2071	Leaf	N/A
2071	Leaf	N/A
2072	Internal Node	N/A
2072	Leaf	N/A
2072	Leaf	N/A
2074	Internal Node	N/A
2074	Leaf	N/A
2074	Leaf	N/A
2077	Internal Node	N/A
2077	Internal Node	N/A
2077	Leaf	N/A
2077	Leaf	N/A
2077	Leaf	N/A
2078	Internal Node	N/A
2078	Leaf	N/A
2078	Leaf	N/A
2083	Internal Node	N/A
2083	Leaf	N/A
2083	Leaf	N/A
2087	Internal Node	N/A
2087	Internal Node	N/A
2087	Leaf	N/A
2087	Leaf	N/A
2087	Leaf	N/A
2091	Internal Node	N/A
2091	Leaf	N/A
2091	Leaf	N/A
2100	Internal Node	N/A
2100	Internal Node	N/A
2100	Leaf	N/A
2100	Leaf	N/A
2100	Leaf	N/A
2107	Internal Node	N/A
2107	Leaf	N/A
2107	Internal Node	N/A
2107	Leaf	N/A
2107	Leaf	N/A
2108	Internal Node	N/A
2108	Leaf	N/A
2108	Internal Node	N/A
2108	Leaf	N/A
2108	Leaf	N/A
2109	Internal Node	N/A
2109	Internal Node	N/A
2109	Leaf	N/A
2109	Leaf	N/A
2109	Leaf	N/A
2113	Internal Node	N/A
2113	Leaf	N/A
2113	Leaf	N/A
2120	Internal Node	N/A
2120	Leaf	N/A
2120	Leaf	N/A
2124	Internal Node	N/A
2124	Internal Node	N/A
2124	Leaf	N/A
2124	Leaf	N/A
2124	Leaf	N/A
2125	Internal Node	N/A
2125	Leaf	N/A
2125	Leaf	N/A
2135	Internal Node	N/A
2135	Internal Node	N/A
2135	Leaf	N/A
2135	Leaf	N/A
2135	Leaf	N/A
2136	Internal Node	N/A
2136	Internal Node	N/A
2136	Leaf	N/A
2136	Internal Node	N/A
2136	Leaf	N/A
2136	Leaf	N/A
2136	Leaf	N/A
2141	Internal Node	N/A
2141	Internal Node	N/A
2141	Internal Node	N/A
2141	Leaf	N/A
2141	Leaf	N/A
2141	Leaf	N/A
2141	Leaf	N/A
2152	Internal Node	N/A
2152	Leaf	N/A
2152	Leaf	N/A
2159	Internal Node	N/A
2159	Internal Node	N/A
2159	Leaf	N/A
2159	Internal Node	N/A
2159	Leaf	N/A
2159	Leaf	N/A
2159	Internal Node	N/A
2159	Leaf	N/A
2159	Leaf	N/A
2160	Internal Node	N/A
2160	Internal Node	N/A
2160	Leaf	N/A
2160	Leaf	N/A
2160	Internal Node	N/A
2160	Leaf	N/A
2160	Leaf	N/A
2161	Internal Node	N/A
2161	Internal Node	N/A
2161	Leaf	N/A
2161	Leaf	N/A
2161	Leaf	N/A
2171	Internal Node	N/A
2171	Internal Node	N/A
2171	Leaf	N/A
2171	Leaf	N/A
2171	Leaf	N/A
2174	Internal Node	N/A
2174	Leaf	N/A
2174	Leaf	N/A
2182	Internal Node	N/A
2182	Internal Node	N/A
2182	Leaf	N/A
2182	Leaf	N/A
2182	Leaf	N/A
2191	Internal Node	N/A
2191	Internal Node	N/A
2191	Leaf	N/A
2191	Internal Node	N/A
2191	Leaf	N/A
2191	Internal Node	N/A
2191	Leaf	N/A
2191	Leaf	N/A
2191	Leaf	N/A
2197	Internal Node	N/A
2197	Internal Node	N/A
2197	Leaf	N/A
2197	Leaf	N/A
2197	Internal Node	N/A
2197	Leaf	N/A
2197	Leaf	N/A
2199	Internal Node	N/A
2199	Internal Node	N/A
2199	Leaf	N/A
2199	Leaf	N/A
2199	Leaf	N/A
2202	Internal Node	N/A
2202	Leaf	N/A
2202	Leaf	N/A
2205	Internal Node	N/A
2205	Leaf	N/A
2205	Leaf	N/A
2213	Internal Node	N/A
2213	Leaf	N/A
2213	Leaf	N/A
2219	Internal Node	N/A
2219	Internal Node	N/A
2219	Leaf	N/A
2219	Leaf	N/A
2219	Leaf	N/A
2226	Internal Node	N/A
2226	Internal Node	N/A
2226	Leaf	N/A
2226	Leaf	N/A
2226	Leaf	N/A
2229	Internal Node	N/A
2229	Internal Node	N/A
2229	Leaf	N/A
2229	Leaf	N/A
2229	Leaf	N/A
2230	Internal Node	N/A
2230	Internal Node	N/A
2230	Leaf	N/A
2230	Leaf	N/A
2230	Internal Node	N/A
2230	Leaf	N/A
2230	Leaf	N/A
2231	Internal Node	N/A
2231	Internal Node	N/A
2231	Leaf	N/A
2231	Leaf	N/A
2231	Leaf	N/A
2245	Internal Node	N/A
2245	Leaf	N/A
2245	Leaf	N/A
2247	Internal Node	N/A
2247	Internal Node	N/A
2247	Internal Node	N/A
2247	Leaf	N/A
2247	Leaf	N/A
2247	Leaf	N/A
2247	Leaf	N/A
2249	Internal Node	N/A
2249	Internal Node	N/A
2249	Leaf	N/A
2249	Leaf	N/A
2249	Leaf	N/A
2254	Internal Node	N/A
2254	Leaf	N/A
2254	Leaf	N/A
2265	Internal Node	N/A
2265	Leaf	N/A
2265	Leaf	N/A
2266	Internal Node	N/A
2266	Internal Node	N/A
2266	Leaf	N/A
2266	Internal Node	N/A
2266	Leaf	N/A
2266	Internal Node	N/A
2266	Internal Node	N/A
2266	Internal Node	N/A
2266	Leaf	N/A
2266	Internal Node	N/A
2266	Leaf	N/A
2266	Leaf	N/A
2266	Leaf	N/A
2266	Leaf	N/A
2266	Leaf	N/A
2272	Internal Node	N/A
2272	Internal Node	N/A
2272	Leaf	N/A
2272	Leaf	N/A
2272	Internal Node	N/A
2272	Leaf	N/A
2272	Leaf	N/A
2274	Internal Node	N/A
2274	Leaf	N/A
2274	Leaf	N/A
2276	Internal Node	N/A
2276	Internal Node	N/A
2276	Leaf	N/A
2276	Leaf	N/A
2276	Leaf	N/A
2279	Internal Node	N/A
2279	Internal Node	N/A
2279	Leaf	N/A
2279	Leaf	N/A
2279	Leaf	N/A
2288	Internal Node	N/A
2288	Leaf	N/A
2288	Leaf	N/A
2289	Internal Node	N/A
2289	Internal Node	N/A
2289	Leaf	N/A
2289	Leaf	N/A
2289	Leaf	N/A
2293	Internal Node	N/A
2293	Leaf	N/A
2293	Leaf	N/A
2294	Internal Node	N/A
2294	Internal Node	N/A
2294	Leaf	N/A
2294	Leaf	N/A
2294	Leaf	N/A
2295	Internal Node	N/A
2295	Internal Node	N/A
2295	Leaf	N/A
2295	Leaf	N/A
2295	Leaf	N/A
2301	Internal Node	N/A
2301	Internal Node	N/A
2301	Leaf	N/A
2301	Leaf	N/A
2301	Leaf	N/A
2305	Internal Node	N/A
2305	Internal Node	N/A
2305	Leaf	N/A
2305	Leaf	N/A
2305	Leaf	N/A
2309	Internal Node	N/A
2309	Internal Node	N/A
2309	Leaf	N/A
2309	Leaf	N/A
2309	Leaf	N/A
2310	Internal Node	N/A
2310	Leaf	N/A
2310	Leaf	N/A
2315	Internal Node	N/A
2315	Leaf	N/A
2315	Leaf	N/A
2321	Internal Node	N/A
2321	Internal Node	N/A
2321	Leaf	N/A
2321	Leaf	N/A
2321	Leaf	N/A
2324	Internal Node	N/A
2324	Internal Node	N/A
2324	Internal Node	N/A
2324	Leaf	N/A
2324	Leaf	N/A
2324	Leaf	N/A
2324	Leaf	N/A
2327	Internal Node	N/A
2327	Internal Node	N/A
2327	Leaf	N/A
2327	Leaf	N/A
2327	Leaf	N/A
2334	Internal Node	N/A
2334	Internal Node	N/A
2334	Internal Node	N/A
2334	Leaf	N/A
2334	Leaf	N/A
2334	Leaf	N/A
2334	Leaf	N/A
2345	Internal Node	N/A
2345	Internal Node	N/A
2345	Leaf	N/A
2345	Leaf	N/A
2345	Leaf	N/A
2347	Internal Node	N/A
2347	Internal Node	N/A
2347	Leaf	N/A
2347	Leaf	N/A
2347	Leaf	N/A
2360	Internal Node	N/A
2360	Leaf	N/A
2360	Leaf	N/A
2365	Internal Node	N/A
2365	Internal Node	N/A
2365	Leaf	N/A
2365	Leaf	N/A
2365	Leaf	N/A
2366	Internal Node	N/A
2366	Leaf	N/A
2366	Internal Node	N/A
2366	Leaf	N/A
2366	Leaf	N/A
2367	Internal Node	N/A
2367	Internal Node	N/A
2367	Leaf	N/A
2367	Leaf	N/A
2367	Leaf	N/A
2374	Internal Node	N/A
2374	Leaf	N/A
2374	Internal Node	N/A
2374	Leaf	N/A
2374	Leaf	N/A
2384	Internal Node	N/A
2384	Internal Node	N/A
2384	Leaf	N/A
2384	Internal Node	N/A
2384	Leaf	N/A
2384	Internal Node	N/A
2384	Leaf	N/A
2384	Leaf	N/A
2384	Leaf	N/A
2386	Internal Node	N/A
2386	Internal Node	N/A
2386	Leaf	N/A
2386	Leaf	N/A
2386	Leaf	N/A
2397	Internal Node	N/A
2397	Internal Node	N/A
2397	Leaf	N/A
2397	Leaf	N/A
2397	Leaf	N/A
2404	Internal Node	N/A
2404	Leaf	N/A
2404	Internal Node	N/A
2404	Leaf	N/A
2404	Leaf	N/A
2408	Internal Node	N/A
2408	Internal Node	N/A
2408	Leaf	N/A
2408	Leaf	N/A
2408	Leaf	N/A
2420	Internal Node	N/A
2420	Internal Node	N/A
2420	Leaf	N/A
2420	Internal Node	N/A
2420	Leaf	N/A
2420	Leaf	N/A
2420	Internal Node	N/A
2420	Leaf	N/A
2420	Leaf	N/A
2421	Internal Node	N/A
2421	Internal Node	N/A
2421	Leaf	N/A
2421	Leaf	N/A
2421	Leaf	N/A
2422	Internal Node	N/A
2422	Internal Node	N/A
2422	Leaf	N/A
2422	Leaf	N/A
2422	Leaf	N/A
2436	Internal Node	N/A
2436	Internal Node	N/A
2436	Leaf	N/A
2436	Internal Node	N/A
2436	Leaf	N/A
2436	Leaf	N/A
2436	Leaf	N/A
2439	Internal Node	N/A
2439	Leaf	N/A
2439	Internal Node	N/A
2439	Leaf	N/A
2439	Leaf	N/A
2445	Internal Node	N/A
2445	Leaf	N/A
2445	Leaf	N/A
2447	Internal Node	N/A
2447	Leaf	N/A
2447	Leaf	N/A
2449	Internal Node	N/A
2449	Leaf	N/A
2449	Leaf	N/A
2455	Internal Node	N/A
2455	Internal Node	N/A
2455	Leaf	N/A
2455	Leaf	N/A
2455	Leaf	N/A
2461	Internal Node	N/A
2461	Leaf	N/A
2461	Internal Node	N/A
2461	Leaf	N/A
2461	Leaf	N/A
2467	Internal Node	N/A
2467	Internal Node	N/A
2467	Leaf	N/A
2467	Leaf	N/A
2467	Leaf	N/A
2468	Internal Node	N/A
2468	Internal Node	N/A
2468	Leaf	N/A
2468	Leaf	N/A
2468	Internal Node	N/A
2468	Leaf	N/A
2468	Leaf	N/A
2469	Internal Node	N/A
2469	Internal Node	N/A
2469	Leaf	N/A
2469	Leaf	N/A
2469	Leaf	N/A
2481	Internal Node	N/A
2481	Leaf	N/A
2481	Leaf	N/A
2485	Internal Node	N/A
2485	Leaf	N/A
2485	Internal Node	N/A
2485	Leaf	N/A
2485	Leaf	N/A
2494	Internal Node	N/A
2494	Internal Node	N/A
2494	Leaf	N/A
2494	Leaf	N/A
2494	Leaf	N/A
2495	Internal Node	N/A
2495	Internal Node	N/A
2495	Leaf	N/A
2495	Leaf	N/A
2495	Leaf	N/A
2502	Internal Node	N/A
2502	Internal Node	N/A
2502	Leaf	N/A
2502	Leaf	N/A
2502	Leaf	N/A
2507	Internal Node	N/A
2507	Internal Node	N/A
2507	Internal Node	N/A
2507	Internal Node	N/A
2507	Leaf	N/A
2507	Leaf	N/A
2507	Leaf	N/A
2507	Leaf	N/A
2507	Leaf	N/A
2508	Internal Node	N/A
2508	Internal Node	N/A
2508	Leaf	N/A
2508	Leaf	N/A
2508	Leaf	N/A
2520	Internal Node	N/A
2520	Leaf	N/A
2520	Leaf	N/A
2534	Internal Node	N/A
2534	Leaf	N/A
2534	Leaf	N/A
2539	Internal Node	N/A
2539	Leaf	N/A
2539	Leaf	N/A
2549	Internal Node	N/A
2549	Leaf	N/A
2549	Leaf	N/A
2553	Internal Node	N/A
2553	Leaf	N/A
2553	Leaf	N/A
2555	Internal Node	N/A
2555	Internal Node	N/A
2555	Leaf	N/A
2555	Leaf	N/A
2555	Leaf	N/A
2559	Internal Node	N/A
2559	Leaf	N/A
2559	Leaf	N/A
2560	Internal Node	N/A
2560	Internal Node	N/A
2560	Leaf	N/A
2560	Leaf	N/A
2560	Leaf	N/A
2568	Internal Node	N/A
2568	Internal Node	N/A
2568	Leaf	N/A
2568	Leaf	N/A
2568	Leaf	N/A
2573	Internal Node	N/A
2573	Leaf	N/A
2573	Leaf	N/A
2575	Internal Node	N/A
2575	Leaf	N/A
2575	Leaf	N/A
2583	Internal Node	N/A
2583	Leaf	N/A
2583	Leaf	N/A
2588	Internal Node	N/A
2588	Internal Node	N/A
2588	Leaf	N/A
2588	Internal Node	N/A
2588	Leaf	N/A
2588	Leaf	N/A
2588	Leaf	N/A
2589	Internal Node	N/A
2589	Internal Node	N/A
2589	Leaf	N/A
2589	Leaf	N/A
2589	Leaf	N/A
2600	Internal Node	N/A
2600	Leaf	N/A
2600	Leaf	N/A
2608	Internal Node	N/A
2608	Internal Node	N/A
2608	Leaf	N/A
2608	Leaf	N/A
2608	Leaf	N/A
2611	Internal Node	N/A
2611	Internal Node	N/A
2611	Leaf	N/A
2611	Internal Node	N/A
2611	Internal Node	N/A
2611	Leaf	N/A
2611	Leaf	N/A
2611	Leaf	N/A
2611	Leaf	N/A
2617	Internal Node	N/A
2617	Leaf	N/A
2617	Leaf	N/A
2619	Internal Node	N/A
2619	Leaf	N/A
2619	Leaf	N/A
2628	Internal Node	N/A
2628	Internal Node	N/A
2628	Leaf	N/A
2628	Leaf	N/A
2628	Leaf	N/A
2637	Internal Node	N/A
2637	Leaf	N/A
2637	Leaf	N/A
2638	Internal Node	N/A
2638	Internal Node	N/A
2638	Internal Node	N/A
2638	Internal Node	N/A
2638	Leaf	N/A
2638	Leaf	N/A
2638	Leaf	N/A
2638	Leaf	N/A
2638	Leaf	N/A
2647	Internal Node	N/A
2647	Internal Node	N/A
2647	Leaf	N/A
2647	Internal Node	N/A
2647	Leaf	N/A
2647	Leaf	N/A
2647	Leaf	N/A
2648	Internal Node	N/A
2648	Internal Node	N/A
2648	Leaf	N/A
2648	Leaf	N/A
2648	Internal Node	N/A
2648	Leaf	N/A
2648	Leaf	N/A
2653	Internal Node	N/A
2653	Internal Node	N/A
2653	Leaf	N/A
2653	Leaf	N/A
2653	Leaf	N/A
2664	Internal Node	N/A
2664	Leaf	N/A
2664	Leaf	N/A
2666	Internal Node	N/A
2666	Internal Node	N/A
2666	Internal Node	N/A
2666	Leaf	N/A
2666	Leaf	N/A
2666	Leaf	N/A
2666	Leaf	N/A
2667	Internal Node	N/A
2667	Leaf	N/A
2667	Leaf	N/A
2668	Internal Node	N/A
2668	Internal Node	N/A
2668	Leaf	N/A
2668	Leaf	N/A
2668	Leaf	N/A
2670	Internal Node	N/A
2670	Leaf	N/A
2670	Leaf	N/A
2679	Internal Node	N/A
2679	Leaf	N/A
2679	Leaf	N/A
2681	Internal Node	N/A
2681	Internal Node	N/A
2681	Leaf	N/A
2681	Internal Node	N/A
2681	Leaf	N/A
2681	Leaf	N/A
2681	Leaf	N/A
2682	Internal Node	N/A
2682	Leaf	N/A
2682	Leaf	N/A
2683	Internal Node	N/A
2683	Internal Node	N/A
2683	Leaf	N/A
2683	Leaf	N/A
2683	Leaf	N/A
2687	Internal Node	N/A
2687	Leaf	N/A
2687	Leaf	N/A
2688	Internal Node	N/A
2688	Internal Node	N/A
2688	Leaf	N/A
2688	Leaf	N/A
2688	Internal Node	N/A
2688	Leaf	N/A
2688	Leaf	N/A
2699	Internal Node	N/A
2699	Internal Node	N/A
2699	Leaf	N/A
2699	Internal Node	N/A
2699	Leaf	N/A
2699	Leaf	N/A
2699	Leaf	N/A
2700	Internal Node	N/A
2700	Leaf	N/A
2700	Leaf	N/A
2706	Internal Node	N/A
2706	Internal Node	N/A
2706	Leaf	N/A
2706	Internal Node	N/A
2706	Leaf	N/A
2706	Internal Node	N/A
2706	Leaf	N/A
2706	Internal Node	N/A
2706	Internal Node	N/A
2706	Internal Node	N/A
2706	Leaf	N/A
2706	Leaf	N/A
2706	Internal Node	N/A
2706	Leaf	N/A
2706	Leaf	N/A
2706	Leaf	N/A
2706	Leaf	N/A
2711	Internal Node	N/A
2711	Internal Node	N/A
2711	Internal Node	N/A
2711	Leaf	N/A
2711	Leaf	N/A
2711	Leaf	N/A
2711	Leaf	N/A
2712	Internal Node	N/A
2712	Leaf	N/A
2712	Leaf	N/A
2713	Internal Node	N/A
2713	Internal Node	N/A
2713	Leaf	N/A
2713	Leaf	N/A
2713	Leaf	N/A
2724	Internal Node	N/A
2724	Leaf	N/A
2724	Leaf	N/A
2727	Internal Node	N/A
2727	Internal Node	N/A
2727	Leaf	N/A
2727	Leaf	N/A
2727	Leaf	N/A
2728	Internal Node	N/A
2728	Leaf	N/A
2728	Leaf	N/A
2733	Internal Node	N/A
2733	Internal Node	N/A
2733	Leaf	N/A
2733	Internal Node	N/A
2733	Leaf	N/A
2733	Internal Node	N/A
2733	Leaf	N/A
2733	Leaf	N/A
2733	Leaf	N/A
2736	Internal Node	N/A
2736	Leaf	N/A
2736	Leaf	N/A
2743	Internal Node	N/A
2743	Leaf	N/A
2743	Leaf	N/A
2746	Internal Node	N/A
2746	Internal Node	N/A
2746	Leaf	N/A
2746	Leaf	N/A
2746	Leaf	N/A
2747	Internal Node	N/A
2747	Internal Node	N/A
2747	Internal Node	N/A
2747	Internal Node	N/A
2747	Leaf	N/A
2747	Leaf	N/A
2747	Leaf	N/A
2747	Leaf	N/A
2747	Leaf	N/A
2749	Internal Node	N/A
2749	Leaf	N/A
2749	Internal Node	N/A
2749	Leaf	N/A
2749	Leaf	N/A
2754	Internal Node	N/A
2754	Leaf	N/A
2754	Leaf	N/A
2756	Internal Node	N/A
2756	Leaf	N/A
2756	Internal Node	N/A
2756	Leaf	N/A
2756	Leaf	N/A
2757	Internal Node	N/A
2757	Internal Node	N/A
2757	Leaf	N/A
2757	Leaf	N/A
2757	Leaf	N/A
2758	Internal Node	N/A
2758	Leaf	N/A
2758	Leaf	N/A
2759	Internal Node	N/A
2759	Leaf	N/A
2759	Internal Node	N/A
2759	Leaf	N/A
2759	Leaf	N/A
2773	Internal Node	N/A
2773	Internal Node	N/A
2773	Internal Node	N/A
2773	Leaf	N/A
2773	Leaf	N/A
2773	Leaf	N/A
2773	Leaf	N/A
2774	Internal Node	N/A
2774	Leaf	N/A
2774	Internal Node	N/A
2774	Leaf	N/A
2774	Leaf	N/A
2775	Internal Node	N/A
2775	Internal Node	N/A
2775	Leaf	N/A
2775	Leaf	N/A
2775	Leaf	N/A
2778	Internal Node	N/A
2778	Internal Node	N/A
2778	Leaf	N/A
2778	Leaf	N/A
2778	Leaf	N/A
2789	Internal Node	N/A
2789	Internal Node	N/A
2789	Leaf	N/A
2789	Leaf	N/A
2789	Leaf	N/A
2792	Internal Node	N/A
2792	Internal Node	N/A
2792	Internal Node	N/A
2792	Internal Node	N/A
2792	Leaf	N/A
2792	Leaf	N/A
2792	Leaf	N/A
2792	Leaf	N/A
2792	Leaf	N/A
2793	Internal Node	N/A
2793	Internal Node	N/A
2793	Internal Node	N/A
2793	Internal Node	N/A
2793	Internal Node	N/A
2793	Leaf	N/A
2793	Leaf	N/A
2793	Leaf	N/A
2793	Leaf	N/A
2793	Internal Node	N/A
2793	Leaf	N/A
2793	Leaf	N/A
2793	Leaf	N/A
2796	Internal Node	N/A
2796	Leaf	N/A
2796	Leaf	N/A
2797	Internal Node	N/A
2797	Leaf	N/A
2797	Leaf	N/A
2800	Internal Node	N/A
2800	Leaf	N/A
2800	Leaf	N/A
2802	Internal Node	N/A
2802	Leaf	N/A
2802	Leaf	N/A
2806	Internal Node	N/A
2806	Internal Node	N/A
2806	Leaf	N/A
2806	Leaf	N/A
2806	Leaf	N/A
2812	Internal Node	N/A
2812	Leaf	N/A
2812	Leaf	N/A
2813	Internal Node	N/A
2813	Internal Node	N/A
2813	Leaf	N/A
2813	Leaf	N/A
2813	Internal Node	N/A
2813	Leaf	N/A
2813	Leaf	N/A
2814	Internal Node	N/A
2814	Internal Node	N/A
2814	Leaf	N/A
2814	Internal Node	N/A
2814	Internal Node	N/A
2814	Internal Node	N/A
2814	Internal Node	N/A
2814	Leaf	N/A
2814	Leaf	N/A
2814	Internal Node	N/A
2814	Leaf	N/A
2814	Leaf	N/A
2814	Leaf	N/A
2814	Leaf	N/A
2814	Leaf	N/A
2815	Internal Node	N/A
2815	Internal Node	N/A
2815	Leaf	N/A
2815	Internal Node	N/A
2815	Leaf	N/A
2815	Leaf	N/A
2815	Leaf	N/A
2818	Internal Node	N/A
2818	Leaf	N/A
2818	Leaf	N/A
2828	Internal Node	N/A
2828	Leaf	N/A
2828	Internal Node	N/A
2828	Leaf	N/A
2828	Leaf	N/A
2829	Internal Node	N/A
2829	Leaf	N/A
2829	Internal Node	N/A
2829	Leaf	N/A
2829	Leaf	N/A
2830	Internal Node	N/A
2830	Internal Node	N/A
2830	Leaf	N/A
2830	Internal Node	N/A
2830	Leaf	N/A
2830	Internal Node	N/A
2830	Leaf	N/A
2830	Leaf	N/A
2830	Leaf	N/A
2833	Internal Node	N/A
2833	Leaf	N/A
2833	Leaf	N/A
2856	Internal Node	N/A
2856	Leaf	N/A
2856	Leaf	N/A
2857	Internal Node	N/A
2857	Leaf	N/A
2857	Internal Node	N/A
2857	Leaf	N/A
2857	Leaf	N/A
2858	Internal Node	N/A
2858	Internal Node	N/A
2858	Leaf	N/A
2858	Leaf	N/A
2858	Leaf	N/A
2863	Internal Node	N/A
2863	Internal Node	N/A
2863	Leaf	N/A
2863	Leaf	N/A
2863	Internal Node	N/A
2863	Leaf	N/A
2863	Leaf	N/A
2867	Internal Node	N/A
2867	Leaf	N/A
2867	Leaf	N/A
2870	Leaf	N/A
2876	Internal Node	N/A
2876	Leaf	N/A
2876	Leaf	N/A
2880	Leaf	N/A
2881	Internal Node	N/A
2881	Leaf	N/A
2881	Internal Node	N/A
2881	Internal Node	N/A
2881	Leaf	N/A
2881	Leaf	N/A
2881	Leaf	N/A
2883	Internal Node	N/A
2883	Internal Node	N/A
2883	Internal Node	N/A
2883	Leaf	N/A
2883	Internal Node	N/A
2883	Leaf	N/A
2883	Leaf	N/A
2883	Leaf	N/A
2883	Leaf	N/A
2892	Internal Node	N/A
2892	Leaf	N/A
2892	Leaf	N/A
2894	Internal Node	N/A
2894	Internal Node	N/A
2894	Leaf	N/A
2894	Internal Node	N/A
2894	Leaf	N/A
2894	Leaf	N/A
2894	Leaf	N/A
2895	Internal Node	N/A
2895	Leaf	N/A
2895	Leaf	N/A
2896	Internal Node	N/A
2896	Leaf	N/A
2896	Leaf	N/A
2897	Internal Node	N/A
2897	Internal Node	N/A
2897	Leaf	N/A
2897	Leaf	N/A
2897	Leaf	N/A
2901	Internal Node	N/A
2901	Internal Node	N/A
2901	Leaf	N/A
2901	Leaf	N/A
2901	Leaf	N/A
2903	Internal Node	N/A
2903	Leaf	N/A
2903	Leaf	N/A
2907	Internal Node	N/A
2907	Leaf	N/A
2907	Leaf	N/A
2911	Internal Node	N/A
2911	Leaf	N/A
2911	Internal Node	N/A
2911	Leaf	N/A
2911	Leaf	N/A
2912	Internal Node	N/A
2912	Internal Node	N/A
2912	Leaf	N/A
2912	Leaf	N/A
2912	Leaf	N/A
2915	Internal Node	N/A
2915	Leaf	N/A
2915	Internal Node	N/A
2915	Leaf	N/A
2915	Leaf	N/A
2920	Internal Node	N/A
2920	Internal Node	N/A
2920	Internal Node	N/A
2920	Leaf	N/A
2920	Leaf	N/A
2920	Leaf	N/A
2920	Leaf	N/A
2927	Internal Node	N/A
2927	Internal Node	N/A
2927	Leaf	N/A
2927	Leaf	N/A
2927	Internal Node	N/A
2927	Leaf	N/A
2927	Leaf	N/A
2928	Internal Node	N/A
2928	Internal Node	N/A
2928	Leaf	N/A
2928	Leaf	N/A
2928	Leaf	N/A
2938	Internal Node	N/A
2938	Leaf	N/A
2938	Leaf	N/A
2941	Internal Node	N/A
2941	Internal Node	N/A
2941	Internal Node	N/A
2941	Internal Node	N/A
2941	Internal Node	N/A
2941	Leaf	N/A
2941	Leaf	N/A
2941	Internal Node	N/A
2941	Leaf	N/A
2941	Leaf	N/A
2941	Leaf	N/A
2941	Leaf	N/A
2941	Leaf	N/A
2942	Internal Node	N/A
2942	Internal Node	N/A
2942	Internal Node	N/A
2942	Leaf	N/A
2942	Leaf	N/A
2942	Leaf	N/A
2942	Leaf	N/A
2943	Internal Node	N/A
2943	Internal Node	N/A
2943	Internal Node	N/A
2943	Leaf	N/A
2943	Leaf	N/A
2943	Leaf	N/A
2943	Leaf	N/A
2954	Internal Node	N/A
2954	Internal Node	N/A
2954	Leaf	N/A
2954	Internal Node	N/A
2954	Leaf	N/A
2954	Leaf	N/A
2954	Internal Node	N/A
2954	Leaf	N/A
2954	Leaf	N/A
2955	Internal Node	N/A
2955	Internal Node	N/A
2955	Leaf	N/A
2955	Internal Node	N/A
2955	Leaf	N/A
2955	Internal Node	N/A
2955	Leaf	N/A
2955	Internal Node	N/A
2955	Leaf	N/A
2955	Leaf	N/A
2955	Leaf	N/A
2967	Internal Node	N/A
2967	Leaf	N/A
2967	Leaf	N/A
2974	Internal Node	N/A
2974	Internal Node	N/A
2974	Leaf	N/A
2974	Leaf	N/A
2974	Leaf	N/A
2977	Internal Node	N/A
2977	Leaf	N/A
2977	Leaf	N/A
2978	Internal Node	N/A
2978	Internal Node	N/A
2978	Internal Node	N/A
2978	Leaf	N/A
2978	Leaf	N/A
2978	Leaf	N/A
2978	Leaf	N/A
2979	Internal Node	N/A
2979	Internal Node	N/A
2979	Leaf	N/A
2979	Leaf	N/A
2979	Leaf	N/A
2984	Internal Node	N/A
2984	Leaf	N/A
2984	Leaf	N/A
2994	Internal Node	N/A
2994	Internal Node	N/A
2994	Internal Node	N/A
2994	Leaf	N/A
2994	Leaf	N/A
2994	Leaf	N/A
2994	Leaf	N/A
2995	Internal Node	N/A
2995	Internal Node	N/A
2995	Leaf	N/A
2995	Leaf	N/A
2995	Internal Node	N/A
2995	Leaf	N/A
2995	Leaf	N/A
3006	Internal Node	N/A
3006	Leaf	N/A
3006	Leaf	N/A
3009	Internal Node	N/A
3009	Leaf	N/A
3009	Leaf	N/A
3010	Internal Node	N/A
3010	Leaf	N/A
3010	Leaf	N/A
3011	Internal Node	N/A
3011	Internal Node	N/A
3011	Leaf	N/A
3011	Leaf	N/A
3011	Leaf	N/A
3019	Internal Node	N/A
3019	Leaf	N/A
3019	Leaf	N/A
3024	Internal Node	N/A
3024	Leaf	N/A
3024	Internal Node	N/A
3024	Leaf	N/A
3024	Leaf	N/A
3025	Internal Node	N/A
3025	Leaf	N/A
3025	Leaf	N/A
3032	Internal Node	N/A
3032	Leaf	N/A
3032	Internal Node	N/A
3032	Leaf	N/A
3032	Leaf	N/A
3038	Internal Node	N/A
3038	Internal Node	N/A
3038	Leaf	N/A
3038	Leaf	N/A
3038	Leaf	N/A
3043	Internal Node	N/A
3043	Internal Node	N/A
3043	Leaf	N/A
3043	Internal Node	N/A
3043	Leaf	N/A
3043	Leaf	N/A
3043	Leaf	N/A
3056	Internal Node	N/A
3056	Leaf	N/A
3056	Leaf	N/A
3060	Internal Node	N/A
3060	Internal Node	N/A
3060	Leaf	N/A
3060	Internal Node	N/A
3060	Leaf	N/A
3060	Internal Node	N/A
3060	Leaf	N/A
3060	Leaf	N/A
3060	Leaf	N/A
3061	Leaf	N/A
3067	Internal Node	N/A
3067	Leaf	N/A
3067	Leaf	N/A
3070	Internal Node	N/A
3070	Internal Node	N/A
3070	Leaf	N/A
3070	Leaf	N/A
3070	Leaf	N/A
3071	Internal Node	N/A
3071	Leaf	N/A
3071	Internal Node	N/A
3071	Leaf	N/A
3071	Leaf	N/A
3072	Internal Node	N/A
3072	Internal Node	N/A
3072	Leaf	N/A
3072	Leaf	N/A
3072	Leaf	N/A
3077	Internal Node	N/A
3077	Leaf	N/A
3077	Leaf	N/A
3079	Internal Node	N/A
3079	Leaf	N/A
3079	Leaf	N/A
3085	Internal Node	N/A
3085	Internal Node	N/A
3085	Leaf	N/A
3085	Leaf	N/A
3085	Leaf	N/A
3087	Internal Node	N/A
3087	Leaf	N/A
3087	Leaf	N/A
3092	Internal Node	N/A
3092	Leaf	N/A
3092	Leaf	N/A
3093	Internal Node	N/A
3093	Leaf	N/A
3093	Leaf	N/A
3106	Internal Node	N/A
3106	Internal Node	N/A
3106	Leaf	N/A
3106	Leaf	N/A
3106	Internal Node	N/A
3106	Leaf	N/A
3106	Leaf	N/A
3107	Internal Node	N/A
3107	Internal Node	N/A
3107	Leaf	N/A
3107	Leaf	N/A
3107	Leaf	N/A
3113	Internal Node	N/A
3113	Internal Node	N/A
3113	Leaf	N/A
3113	Internal Node	N/A
3113	Internal Node	N/A
3113	Leaf	N/A
3113	Leaf	N/A
3113	Internal Node	N/A
3113	Leaf	N/A
3113	Leaf	N/A
3113	Leaf	N/A
3117	Internal Node	N/A
3117	Leaf	N/A
3117	Leaf	N/A
3120	Internal Node	N/A
3120	Internal Node	N/A
3120	Leaf	N/A
3120	Leaf	N/A
3120	Leaf	N/A
3125	Internal Node	N/A
3125	Leaf	N/A
3125	Leaf	N/A
3127	Internal Node	N/A
3127	Internal Node	N/A
3127	Leaf	N/A
3127	Internal Node	N/A
3127	Leaf	N/A
3127	Internal Node	N/A
3127	Leaf	N/A
3127	Internal Node	N/A
3127	Leaf	N/A
3127	Leaf	N/A
3127	Leaf	N/A
3130	Internal Node	N/A
3130	Leaf	N/A
3130	Leaf	N/A
3132	Internal Node	N/A
3132	Internal Node	N/A
3132	Leaf	N/A
3132	Internal Node	N/A
3132	Leaf	N/A
3132	Internal Node	N/A
3132	Leaf	N/A
3132	Internal Node	N/A
3132	Leaf	N/A
3132	Leaf	N/A
3132	Leaf	N/A
3137	Internal Node	N/A
3137	Leaf	N/A
3137	Leaf	N/A
3138	Internal Node	N/A
3138	Internal Node	N/A
3138	Leaf	N/A
3138	Leaf	N/A
3138	Leaf	N/A
3155	Internal Node	N/A
3155	Leaf	N/A
3155	Leaf	N/A
3161	Internal Node	N/A
3161	Leaf	N/A
3161	Internal Node	N/A
3161	Leaf	N/A
3161	Leaf	N/A
3164	Leaf	N/A
